"Product Name","Salt Composition","Product Code / SKU","Barcode","Category","Brand","HSN Code","GST %","Purchase Price","Selling Price","MRP","Current Stock","Unit Type","Batch Number","Expiry Date","Manufacturer","Minimum Stock Alert","Product Status","Schedule Type"
"Paracetamol 500mg Tablet","Paracetamol 500mg","INRF-001","","Analgesic","Generic","30049099","12","","1","","0","tablet","","","","","ACTIVE","OTC"
"Paracetamol 650mg Tablet","Paracetamol 650mg","INRF-002","","Analgesic","Generic","30049099","12","","1","","0","tablet","","","","","ACTIVE","OTC"
"Ibuprofen 400mg Tablet","Ibuprofen 400mg","INRF-003","","Analgesic","Generic","30049099","12","","1","","0","tablet","","","","","ACTIVE","OTC"
"Aceclofenac 100mg Tablet","Aceclofenac 100mg","INRF-004","","Analgesic","Generic","30049099","12","","1","","0","tablet","","","","","ACTIVE","H"
"Diclofenac 50mg Tablet","Diclofenac 50mg","INRF-005","","Analgesic","Generic","30049099","12","","1","","0","tablet","","","","","ACTIVE","H"
"Naproxen 500mg Tablet","Naproxen 500mg","INRF-006","","Analgesic","Generic","30049099","12","","1","","0","tablet","","","","","ACTIVE","H"
"Aspirin 75mg Tablet","Aspirin 75mg","INRF-007","","Cardiac","Generic","30049099","12","","1","","0","tablet","","","","","ACTIVE","OTC"
"Aspirin 150mg Tablet","Aspirin 150mg","INRF-008","","Cardiac","Generic","30049099","12","","1","","0","tablet","","","","","ACTIVE","OTC"
"Tramadol 50mg Capsule","Tramadol 50mg","INRF-009","","Analgesic","Generic","30049099","12","","1","","0","capsule","","","","","ACTIVE","H"
"Nimesulide 100mg Tablet","Nimesulide 100mg","INRF-010","","Analgesic","Generic","30049099","12","","1","","0","tablet","","","","","ACTIVE","H"
"Amoxicillin 500mg Capsule","Amoxicillin 500mg","INRF-011","","Antibiotic","Generic","30041090","12","","1","","0","capsule","","","","","ACTIVE","H"
"Amoxicillin 250mg Tablet","Amoxicillin 250mg","INRF-012","","Antibiotic","Generic","30041090","12","","1","","0","tablet","","","","","ACTIVE","H"
"Amoxicillin Clavulanate 625mg Tablet","Amoxicillin 500mg + Clavulanic acid 125mg","INRF-013","","Antibiotic","Generic","30041090","12","","1","","0","tablet","","","","","ACTIVE","H"
"Azithromycin 500mg Tablet","Azithromycin 500mg","INRF-014","","Antibiotic","Generic","30042019","12","","1","","0","tablet","","","","","ACTIVE","H"
"Azithromycin 250mg Tablet","Azithromycin 250mg","INRF-015","","Antibiotic","Generic","30042019","12","","1","","0","tablet","","","","","ACTIVE","H"
"Cefixime 200mg Tablet","Cefixime 200mg","INRF-016","","Antibiotic","Generic","30042090","12","","1","","0","tablet","","","","","ACTIVE","H"
"Cefpodoxime 200mg Tablet","Cefpodoxime 200mg","INRF-017","","Antibiotic","Generic","30042090","12","","1","","0","tablet","","","","","ACTIVE","H"
"Ciprofloxacin 500mg Tablet","Ciprofloxacin 500mg","INRF-018","","Antibiotic","Generic","30042090","12","","1","","0","tablet","","","","","ACTIVE","H"
"Levofloxacin 500mg Tablet","Levofloxacin 500mg","INRF-019","","Antibiotic","Generic","30042090","12","","1","","0","tablet","","","","","ACTIVE","H"
"Doxycycline 100mg Capsule","Doxycycline 100mg","INRF-020","","Antibiotic","Generic","30042090","12","","1","","0","capsule","","","","","ACTIVE","H"
"Metronidazole 400mg Tablet","Metronidazole 400mg","INRF-021","","Antibiotic","Generic","30049099","12","","1","","0","tablet","","","","","ACTIVE","H"
"Ofloxacin 200mg Tablet","Ofloxacin 200mg","INRF-022","","Antibiotic","Generic","30042090","12","","1","","0","tablet","","","","","ACTIVE","H"
"Ofloxacin Ornidazole Tablet","Ofloxacin 200mg + Ornidazole 500mg","INRF-023","","Antibiotic","Generic","30042090","12","","1","","0","tablet","","","","","ACTIVE","H"
"Clarithromycin 500mg Tablet","Clarithromycin 500mg","INRF-024","","Antibiotic","Generic","30042090","12","","1","","0","tablet","","","","","ACTIVE","H"
"Cephalexin 500mg Capsule","Cephalexin 500mg","INRF-025","","Antibiotic","Generic","30042090","12","","1","","0","capsule","","","","","ACTIVE","H"
"Cetirizine 10mg Tablet","Cetirizine 10mg","INRF-026","","Antihistamine","Generic","30049099","12","","1","","0","tablet","","","","","ACTIVE","OTC"
"Levocetirizine 5mg Tablet","Levocetirizine 5mg","INRF-027","","Antihistamine","Generic","30049099","12","","1","","0","tablet","","","","","ACTIVE","OTC"
"Montelukast 10mg Tablet","Montelukast 10mg","INRF-028","","Respiratory","Generic","30049099","12","","1","","0","tablet","","","","","ACTIVE","H"
"Fexofenadine 120mg Tablet","Fexofenadine 120mg","INRF-029","","Antihistamine","Generic","30049099","12","","1","","0","tablet","","","","","ACTIVE","H"
"Chlorpheniramine 4mg Tablet","Chlorpheniramine 4mg","INRF-030","","Antihistamine","Generic","30049099","12","","1","","0","tablet","","","","","ACTIVE","OTC"
"Hydroxyzine 10mg Tablet","Hydroxyzine 10mg","INRF-031","","Antihistamine","Generic","30049099","12","","1","","0","tablet","","","","","ACTIVE","H"
"Pantoprazole 40mg Tablet","Pantoprazole 40mg","INRF-032","","Gastro","Generic","30049099","12","","1","","0","tablet","","","","","ACTIVE","OTC"
"Omeprazole 20mg Capsule","Omeprazole 20mg","INRF-033","","Gastro","Generic","30049099","12","","1","","0","capsule","","","","","ACTIVE","OTC"
"Rabeprazole 20mg Tablet","Rabeprazole 20mg","INRF-034","","Gastro","Generic","30049099","12","","1","","0","tablet","","","","","ACTIVE","OTC"
"Esomeprazole 40mg Tablet","Esomeprazole 40mg","INRF-035","","Gastro","Generic","30049099","12","","1","","0","tablet","","","","","ACTIVE","OTC"
"Domperidone 10mg Tablet","Domperidone 10mg","INRF-036","","Gastro","Generic","30049099","12","","1","","0","tablet","","","","","ACTIVE","H"
"Ondansetron 4mg Tablet","Ondansetron 4mg","INRF-037","","Gastro","Generic","30049099","12","","1","","0","tablet","","","","","ACTIVE","H"
"ORS Powder Sachet","Oral rehydration salts","INRF-038","","General","Generic","30049099","5","","1","","0","sachet","","","","","ACTIVE","OTC"
"Lactulose Solution 200ml","Lactulose solution","INRF-039","","Gastro","Generic","30049099","12","","1","","0","bottle","","","","","ACTIVE","H"
"Sucralfate 1g Tablet","Sucralfate 1g","INRF-040","","Gastro","Generic","30049099","12","","1","","0","tablet","","","","","ACTIVE","H"
"Metformin 500mg Tablet","Metformin 500mg","INRF-041","","Diabetes","Generic","30049099","12","","1","","0","tablet","","","","","ACTIVE","H"
"Metformin 850mg Tablet","Metformin 850mg","INRF-042","","Diabetes","Generic","30049099","12","","1","","0","tablet","","","","","ACTIVE","H"
"Glimepiride 2mg Tablet","Glimepiride 2mg","INRF-043","","Diabetes","Generic","30049099","12","","1","","0","tablet","","","","","ACTIVE","H"
"Glimepiride 1mg Tablet","Glimepiride 1mg","INRF-044","","Diabetes","Generic","30049099","12","","1","","0","tablet","","","","","ACTIVE","H"
"Sitagliptin 100mg Tablet","Sitagliptin 100mg","INRF-045","","Diabetes","Generic","30049099","12","","1","","0","tablet","","","","","ACTIVE","H"
"Vildagliptin 50mg Tablet","Vildagliptin 50mg","INRF-046","","Diabetes","Generic","30049099","12","","1","","0","tablet","","","","","ACTIVE","H"
"Gliclazide 80mg Tablet","Gliclazide 80mg","INRF-047","","Diabetes","Generic","30049099","12","","1","","0","tablet","","","","","ACTIVE","H"
"Insulin Glargine 100 IU/ml Injection","Insulin glargine","INRF-048","","Diabetes","Generic","30043100","5","","1","","0","injection","","","","","ACTIVE","H"
"Telmisartan 40mg Tablet","Telmisartan 40mg","INRF-049","","Cardiac","Generic","30049099","12","","1","","0","tablet","","","","","ACTIVE","H"
"Telmisartan 80mg Tablet","Telmisartan 80mg","INRF-050","","Cardiac","Generic","30049099","12","","1","","0","tablet","","","","","ACTIVE","H"
"Losartan 50mg Tablet","Losartan 50mg","INRF-051","","Cardiac","Generic","30049099","12","","1","","0","tablet","","","","","ACTIVE","H"
"Amlodipine 5mg Tablet","Amlodipine 5mg","INRF-052","","Cardiac","Generic","30049099","12","","1","","0","tablet","","","","","ACTIVE","H"
"Amlodipine 10mg Tablet","Amlodipine 10mg","INRF-053","","Cardiac","Generic","30049099","12","","1","","0","tablet","","","","","ACTIVE","H"
"Atorvastatin 10mg Tablet","Atorvastatin 10mg","INRF-054","","Cardiac","Generic","30049099","12","","1","","0","tablet","","","","","ACTIVE","H"
"Atorvastatin 20mg Tablet","Atorvastatin 20mg","INRF-055","","Cardiac","Generic","30049099","12","","1","","0","tablet","","","","","ACTIVE","H"
"Rosuvastatin 10mg Tablet","Rosuvastatin 10mg","INRF-056","","Cardiac","Generic","30049099","12","","1","","0","tablet","","","","","ACTIVE","H"
"Clopidogrel 75mg Tablet","Clopidogrel 75mg","INRF-057","","Cardiac","Generic","30049099","12","","1","","0","tablet","","","","","ACTIVE","H"
"Metoprolol 25mg Tablet","Metoprolol 25mg","INRF-058","","Cardiac","Generic","30049099","12","","1","","0","tablet","","","","","ACTIVE","H"
"Metoprolol 50mg Tablet","Metoprolol 50mg","INRF-059","","Cardiac","Generic","30049099","12","","1","","0","tablet","","","","","ACTIVE","H"
"Enalapril 5mg Tablet","Enalapril 5mg","INRF-060","","Cardiac","Generic","30049099","12","","1","","0","tablet","","","","","ACTIVE","H"
"Furosemide 40mg Tablet","Furosemide 40mg","INRF-061","","Cardiac","Generic","30049099","12","","1","","0","tablet","","","","","ACTIVE","H"
"Spironolactone 25mg Tablet","Spironolactone 25mg","INRF-062","","Cardiac","Generic","30049099","12","","1","","0","tablet","","","","","ACTIVE","H"
"Isosorbide Mononitrate 30mg Tablet","Isosorbide mononitrate 30mg","INRF-063","","Cardiac","Generic","30049099","12","","1","","0","tablet","","","","","ACTIVE","H"
"Salbutamol 100mcg Inhaler","Salbutamol 100mcg","INRF-064","","Respiratory","Generic","30049099","12","","1","","0","inhaler","","","","","ACTIVE","H"
"Levosalbutamol Syrup 100ml","Levosalbutamol syrup","INRF-065","","Respiratory","Generic","30049099","12","","1","","0","syrup","","","","","ACTIVE","H"
"Ambroxol 30mg Tablet","Ambroxol 30mg","INRF-066","","Respiratory","Generic","30049099","12","","1","","0","tablet","","","","","ACTIVE","OTC"
"Dextromethorphan Cough Syrup 100ml","Dextromethorphan syrup","INRF-067","","Respiratory","Generic","30049099","12","","1","","0","syrup","","","","","ACTIVE","OTC"
"Montelukast Levocetirizine Tablet","Montelukast 10mg + Levocetirizine 5mg","INRF-068","","Respiratory","Generic","30049099","12","","1","","0","tablet","","","","","ACTIVE","H"
"Budesonide 200mcg Inhaler","Budesonide 200mcg","INRF-069","","Respiratory","Generic","30049099","12","","1","","0","inhaler","","","","","ACTIVE","H"
"Levothyroxine 50mcg Tablet","Levothyroxine 50mcg","INRF-070","","Thyroid","Generic","30049099","12","","1","","0","tablet","","","","","ACTIVE","H"
"Levothyroxine 100mcg Tablet","Levothyroxine 100mcg","INRF-071","","Thyroid","Generic","30049099","12","","1","","0","tablet","","","","","ACTIVE","H"
"Albendazole 400mg Tablet","Albendazole 400mg","INRF-072","","Anthelmintic","Generic","30049099","12","","1","","0","tablet","","","","","ACTIVE","H"
"Ivermectin 12mg Tablet","Ivermectin 12mg","INRF-073","","Anthelmintic","Generic","30049099","12","","1","","0","tablet","","","","","ACTIVE","H"
"Fluconazole 150mg Tablet","Fluconazole 150mg","INRF-074","","Antifungal","Generic","30049099","12","","1","","0","tablet","","","","","ACTIVE","H"
"Clotrimazole Cream 15g","Clotrimazole 1%","INRF-075","","Dermatology","Generic","30049099","12","","1","","0","cream","","","","","ACTIVE","OTC"
"Mupirocin Ointment 5g","Mupirocin 2%","INRF-076","","Dermatology","Generic","30049099","12","","1","","0","ointment","","","","","ACTIVE","H"
"Betamethasone Cream 15g","Betamethasone 0.1%","INRF-077","","Dermatology","Generic","30049099","12","","1","","0","cream","","","","","ACTIVE","H"
"Permethrin 5% Cream","Permethrin 5%","INRF-078","","Dermatology","Generic","30049099","12","","1","","0","cream","","","","","ACTIVE","H"
"Ferrous Ascorbate Folic Acid Tablet","Ferrous ascorbate + folic acid","INRF-079","","Supplement","Generic","30045090","12","","1","","0","tablet","","","","","ACTIVE","OTC"
"Calcium Carbonate Vitamin D3 Tablet","Calcium carbonate + Vitamin D3","INRF-080","","Supplement","Generic","30045090","12","","1","","0","tablet","","","","","ACTIVE","OTC"
"Vitamin B Complex Tablet","Vitamin B complex","INRF-081","","Supplement","Generic","30045090","12","","1","","0","tablet","","","","","ACTIVE","OTC"
"Vitamin D3 60000 IU Capsule","Cholecalciferol 60000 IU","INRF-082","","Supplement","Generic","30045090","12","","1","","0","capsule","","","","","ACTIVE","OTC"
"Zinc Sulfate 20mg Tablet","Zinc sulfate 20mg","INRF-083","","Supplement","Generic","30045090","12","","1","","0","tablet","","","","","ACTIVE","OTC"
"Multivitamin Capsule","Multivitamin","INRF-084","","Supplement","Generic","30045090","12","","1","","0","capsule","","","","","ACTIVE","OTC"
"Clonazepam 0.5mg Tablet","Clonazepam 0.5mg","INRF-085","","Psychiatry","Generic","30049099","12","","1","","0","tablet","","","","","ACTIVE","H"
"Escitalopram 10mg Tablet","Escitalopram 10mg","INRF-086","","Psychiatry","Generic","30049099","12","","1","","0","tablet","","","","","ACTIVE","H"
"Amitriptyline 25mg Tablet","Amitriptyline 25mg","INRF-087","","Psychiatry","Generic","30049099","12","","1","","0","tablet","","","","","ACTIVE","H"
"Propranolol 10mg Tablet","Propranolol 10mg","INRF-088","","Cardiac","Generic","30049099","12","","1","","0","tablet","","","","","ACTIVE","H"
"Drotaverine 80mg Tablet","Drotaverine 80mg","INRF-089","","Gastro","Generic","30049099","12","","1","","0","tablet","","","","","ACTIVE","H"
"Hyoscine Butylbromide 10mg Tablet","Hyoscine butylbromide 10mg","INRF-090","","Gastro","Generic","30049099","12","","1","","0","tablet","","","","","ACTIVE","H"
"Mefenamic Acid Dicyclomine Tablet","Mefenamic acid + Dicyclomine","INRF-091","","Analgesic","Generic","30049099","12","","1","","0","tablet","","","","","ACTIVE","H"
"Dicyclomine Paracetamol Tablet","Dicyclomine + Paracetamol","INRF-092","","Analgesic","Generic","30049099","12","","1","","0","tablet","","","","","ACTIVE","H"
"Prednisolone 5mg Tablet","Prednisolone 5mg","INRF-093","","Steroid","Generic","30049099","12","","1","","0","tablet","","","","","ACTIVE","H"
"Dexamethasone 4mg Tablet","Dexamethasone 4mg","INRF-094","","Steroid","Generic","30049099","12","","1","","0","tablet","","","","","ACTIVE","H"
"Betamethasone Injection 4mg","Betamethasone 4mg","INRF-095","","Steroid","Generic","30049099","12","","1","","0","injection","","","","","ACTIVE","H"
"Phenytoin 100mg Tablet","Phenytoin 100mg","INRF-096","","Neurology","Generic","30049099","12","","1","","0","tablet","","","","","ACTIVE","H"
"Levetiracetam 500mg Tablet","Levetiracetam 500mg","INRF-097","","Neurology","Generic","30049099","12","","1","","0","tablet","","","","","ACTIVE","H"
"Sodium Valproate 200mg Tablet","Sodium valproate 200mg","INRF-098","","Neurology","Generic","30049099","12","","1","","0","tablet","","","","","ACTIVE","H"
"Tamsulosin 0.4mg Capsule","Tamsulosin 0.4mg","INRF-099","","Urology","Generic","30049099","12","","1","","0","capsule","","","","","ACTIVE","H"
"Sildenafil 50mg Tablet","Sildenafil 50mg","INRF-100","","Urology","Generic","30049099","12","","1","","0","tablet","","","","","ACTIVE","H"
"Augmentin 625 Duo Tablet","Amoxycillin (500mg) + Clavulanic Acid (125mg)","INRF-0101","","Antibiotic","Glaxo SmithKline Pharmaceuticals Ltd","30049099","12","","1","","0","tablet","","","Glaxo SmithKline Pharmaceuticals Ltd","","ACTIVE","H1"
"Ascoril LS Syrup","Ambroxol (30mg/5ml) + Levosalbutamol (1mg/5ml)","INRF-0102","","Respiratory","Glenmark Pharmaceuticals Ltd","30049099","12","","1","","0","bottle","","","Glenmark Pharmaceuticals Ltd","","ACTIVE","OTC"
"Avil 25 Tablet","Pheniramine (25mg)","INRF-0103","","Antihistamine","Sanofi India Ltd","30049099","12","","1","","0","tablet","","","Sanofi India Ltd","","ACTIVE","OTC"
"Allegra-M Tablet","Montelukast (10mg) + Fexofenadine (120mg)","INRF-0104","","Respiratory","Sanofi India Ltd","30049099","12","","1","","0","tablet","","","Sanofi India Ltd","","ACTIVE","OTC"
"Atarax 25mg Tablet","Hydroxyzine (25mg)","INRF-0105","","General Medicine","Dr Reddy's Laboratories Ltd","30049099","12","","1","","0","tablet","","","Dr Reddy's Laboratories Ltd","","ACTIVE","OTC"
"Ascoril D Plus Syrup Sugar Free","Phenylephrine (5mg) + Chlorpheniramine Maleate (2mg)","INRF-0106","","Antihistamine","Glenmark Pharmaceuticals Ltd","30049099","12","","1","","0","bottle","","","Glenmark Pharmaceuticals Ltd","","ACTIVE","OTC"
"Aciloc 150 Tablet","Ranitidine (150mg)","INRF-0107","","Gastrointestinal","Cadila Pharmaceuticals Ltd","30049099","12","","1","","0","tablet","","","Cadila Pharmaceuticals Ltd","","ACTIVE","OTC"
"Alex Syrup","Phenylephrine (5mg/5ml) + Chlorpheniramine Maleate (2mg/5ml)","INRF-0108","","Antihistamine","Glenmark Pharmaceuticals Ltd","30049099","12","","1","","0","bottle","","","Glenmark Pharmaceuticals Ltd","","ACTIVE","OTC"
"Anovate Cream","Phenylephrine (0.10% w/w) + Beclometasone (0.025% w/w)","INRF-0109","","General Medicine","USV Ltd","30049099","12","","1","","0","tube","","","USV Ltd","","ACTIVE","OTC"
"Augmentin Duo Oral Suspension","Amoxycillin (200mg) + Clavulanic Acid (28.5mg)","INRF-0110","","Antibiotic","Glaxo SmithKline Pharmaceuticals Ltd","30049099","12","","1","","0","bottle","","","Glaxo SmithKline Pharmaceuticals Ltd","","ACTIVE","H1"
"Ambrodil-S Syrup","Ambroxol (15mg/5ml) + Salbutamol (1mg/5ml)","INRF-0111","","Respiratory","Aristo Pharmaceuticals Pvt Ltd","30049099","12","","1","","0","bottle","","","Aristo Pharmaceuticals Pvt Ltd","","ACTIVE","OTC"
"Arkamin Tablet","Clonidine (100mcg)","INRF-0112","","General Medicine","Torrent Pharmaceuticals Ltd","30049099","12","","1","","0","tablet","","","Torrent Pharmaceuticals Ltd","","ACTIVE","OTC"
"Avomine Tablet","Promethazine (25mg)","INRF-0113","","General Medicine","Abbott","30049099","12","","1","","0","tablet","","","Abbott","","ACTIVE","OTC"
"Allegra 180mg Tablet","Fexofenadine (180mg)","INRF-0114","","Antihistamine","Sanofi India Ltd","30049099","12","","1","","0","tablet","","","Sanofi India Ltd","","ACTIVE","OTC"
"Asthalin Syrup","Salbutamol (2mg/5ml)","INRF-0115","","Respiratory","Cipla Ltd","30049099","12","","1","","0","bottle","","","Cipla Ltd","","ACTIVE","OTC"
"Alprax 0.25 Tablet","Alprazolam (0.25mg)","INRF-0116","","CNS","Torrent Pharmaceuticals Ltd","30049099","12","","1","","0","tablet","","","Torrent Pharmaceuticals Ltd","","ACTIVE","H"
"Altraday Capsule SR","Aceclofenac (200mg) + Rabeprazole (20mg)","INRF-0117","","Analgesic","Sun Pharmaceutical Industries Ltd","30049099","12","","1","","0","capsule","","","Sun Pharmaceutical Industries Ltd","","ACTIVE","OTC"
"Ativan 2mg Tablet","Lorazepam (2mg)","INRF-0118","","CNS","Pfizer Ltd","30049099","12","","1","","0","tablet","","","Pfizer Ltd","","ACTIVE","H"
"Ascoril LS Junior Syrup","Ambroxol (15mg/5ml) + Levosalbutamol (0.5mg/5ml)","INRF-0119","","Respiratory","Glenmark Pharmaceuticals Ltd","30049099","12","","1","","0","bottle","","","Glenmark Pharmaceuticals Ltd","","ACTIVE","OTC"
"Almox 500 Capsule","Amoxycillin (500mg)","INRF-0120","","Antibiotic","Alkem Laboratories Ltd","30049099","12","","1","","0","capsule","","","Alkem Laboratories Ltd","","ACTIVE","H1"
"Aciloc RD 20 Tablet","Domperidone (10mg) + Omeprazole (20mg)","INRF-0121","","Gastrointestinal","Cadila Pharmaceuticals Ltd","30049099","12","","1","","0","tablet","","","Cadila Pharmaceuticals Ltd","","ACTIVE","OTC"
"Allegra Suspension Raspberry & Vanilla","Fexofenadine (30mg/5ml)","INRF-0122","","Antihistamine","Sanofi India Ltd","30049099","12","","1","","0","bottle","","","Sanofi India Ltd","","ACTIVE","OTC"
"Amlokind-AT Tablet","Amlodipine (5mg) + Atenolol (50mg)","INRF-0123","","Cardiovascular","Mankind Pharma Ltd","30049099","12","","1","","0","tablet","","","Mankind Pharma Ltd","","ACTIVE","OTC"
"Axcer 90mg Tablet","Ticagrelor (90mg)","INRF-0124","","General Medicine","Sun Pharmaceutical Industries Ltd","30049099","12","","1","","0","tablet","","","Sun Pharmaceutical Industries Ltd","","ACTIVE","OTC"
"Ativan 1mg Tablet","Lorazepam (1mg)","INRF-0125","","CNS","Pfizer Ltd","30049099","12","","1","","0","tablet","","","Pfizer Ltd","","ACTIVE","H"
"Aldigesic P 100mg/325mg Tablet","Aceclofenac (100mg) + Paracetamol (325mg)","INRF-0126","","Analgesic","Alkem Laboratories Ltd","30049099","12","","1","","0","tablet","","","Alkem Laboratories Ltd","","ACTIVE","OTC"
"Alfoo 10mg Tablet PR","Alfuzosin (10mg)","INRF-0127","","General Medicine","Dr Reddy's Laboratories Ltd","30049099","12","","1","","0","tablet","","","Dr Reddy's Laboratories Ltd","","ACTIVE","OTC"
"Alprax 0.5mg Tablet","Alprazolam (0.5mg)","INRF-0128","","CNS","Torrent Pharmaceuticals Ltd","30049099","12","","1","","0","tablet","","","Torrent Pharmaceuticals Ltd","","ACTIVE","H"
"Arachitol 6L Injection","Vitamin D3 (600000IU)","INRF-0129","","Vitamin / Mineral","Abbott","30049099","12","","1","","0","vial","","","Abbott","","ACTIVE","OTC"
"Anafortan 25 mg/300 mg Tablet","Camylofin (25mg) + Paracetamol (300mg)","INRF-0130","","Analgesic","Abbott","30049099","12","","1","","0","tablet","","","Abbott","","ACTIVE","OTC"
"Alex Junior Syrup","Chlorpheniramine Maleate (2mg/5ml) + Dextromethorphan Hydrobromide (5mg/5ml)","INRF-0131","","Antihistamine","Glenmark Pharmaceuticals Ltd","30049099","12","","1","","0","bottle","","","Glenmark Pharmaceuticals Ltd","","ACTIVE","OTC"
"Azithral 200 Liquid","Azithromycin (200mg/5ml)","INRF-0132","","Antibiotic","Alembic Pharmaceuticals Ltd","30049099","12","","1","","0","bottle","","","Alembic Pharmaceuticals Ltd","","ACTIVE","H1"
"AB Phylline Capsule","Acebrophylline (100mg)","INRF-0133","","General Medicine","Sun Pharmaceutical Industries Ltd","30049099","12","","1","","0","capsule","","","Sun Pharmaceutical Industries Ltd","","ACTIVE","OTC"
"Althrocin 500 Tablet","Erythromycin (500mg)","INRF-0134","","Antibiotic","Alembic Pharmaceuticals Ltd","30049099","12","","1","","0","tablet","","","Alembic Pharmaceuticals Ltd","","ACTIVE","H1"
"Augmentin DDS Suspension","Amoxycillin (400mg/5ml) + Clavulanic Acid (57mg/5ml)","INRF-0135","","Antibiotic","Glaxo SmithKline Pharmaceuticals Ltd","30049099","12","","1","","0","bottle","","","Glaxo SmithKline Pharmaceuticals Ltd","","ACTIVE","H1"
"Asthakind Expectorant Sugar Free","Guaifenesin (50mg) + Terbutaline (1.25mg)","INRF-0136","","General Medicine","Mankind Pharma Ltd","30049099","12","","1","","0","strip","","","Mankind Pharma Ltd","","ACTIVE","OTC"
"Anobliss Cream","Lidocaine (1.5% w/w) + Nifedipine (0.3% w/w)","INRF-0137","","General Medicine","Samarth Life Sciences Pvt Ltd","30049099","12","","1","","0","tube","","","Samarth Life Sciences Pvt Ltd","","ACTIVE","OTC"
"Alex Cough Lozenges Lemon Ginger","Dextromethorphan Hydrobromide (5mg)","INRF-0138","","General Medicine","Glenmark Pharmaceuticals Ltd","30049099","12","","1","","0","strip","","","Glenmark Pharmaceuticals Ltd","","ACTIVE","OTC"
"Asthalin Respules","Salbutamol (2.5mg)","INRF-0139","","Respiratory","Cipla Ltd","30049099","12","","1","","0","pack","","","Cipla Ltd","","ACTIVE","OTC"
"Avil Injection","Pheniramine (22.75mg)","INRF-0140","","Antihistamine","Sanofi India Ltd","30049099","12","","1","","0","vial","","","Sanofi India Ltd","","ACTIVE","OTC"
"Ascoril LS Drops","Ambroxol (7.5mg/ml) + Levosalbutamol (0.25mg/ml)","INRF-0141","","Respiratory","Glenmark Pharmaceuticals Ltd","30049099","12","","1","","0","bottle","","","Glenmark Pharmaceuticals Ltd","","ACTIVE","OTC"
"Azmarda 50mg Tablet","Sacubitril (24mg) + Valsartan (26mg)","INRF-0142","","General Medicine","J B Chemicals and Pharmaceuticals Ltd","30049099","12","","1","","0","tablet","","","J B Chemicals and Pharmaceuticals Ltd","","ACTIVE","OTC"
"Amixide-H Tablet","Amitriptyline (12.5mg) + Chlordiazepoxide (5mg)","INRF-0143","","CNS","Sun Pharmaceutical Industries Ltd","30049099","12","","1","","0","tablet","","","Sun Pharmaceutical Industries Ltd","","ACTIVE","OTC"
"AB-Flo-N Tablet","Acebrophylline (100mg) + Acetylcysteine (600mg)","INRF-0144","","General Medicine","Lupin Ltd","30049099","12","","1","","0","tablet","","","Lupin Ltd","","ACTIVE","OTC"
"AF Kit Tablet","Azithromycin (1000mg) + Ornidazole (750mg)","INRF-0145","","Antibiotic","Systopic Laboratories Pvt Ltd","30049099","12","","1","","0","tablet","","","Systopic Laboratories Pvt Ltd","","ACTIVE","H1"
"Akt 4 Kit","Isoniazid (300mg) + Rifampicin (450mg)","INRF-0146","","General Medicine","Lupin Ltd","30049099","12","","1","","0","strip","","","Lupin Ltd","","ACTIVE","OTC"
"Amitone 10mg Tablet","Amitriptyline (10mg)","INRF-0147","","CNS","Intas Pharmaceuticals Ltd","30049099","12","","1","","0","tablet","","","Intas Pharmaceuticals Ltd","","ACTIVE","OTC"
"Aquasol A Capsule","Vitamin A (25000IU)","INRF-0148","","Vitamin / Mineral","USV Ltd","30049099","12","","1","","0","capsule","","","USV Ltd","","ACTIVE","OTC"
"AB Phylline SR 200 Tablet","Acebrophylline (200mg)","INRF-0149","","General Medicine","Sun Pharmaceutical Industries Ltd","30049099","12","","1","","0","tablet","","","Sun Pharmaceutical Industries Ltd","","ACTIVE","OTC"
"Atorva 40 Tablet","Atorvastatin (40mg)","INRF-0150","","Lipid lowering","Zydus Cadila","30049099","12","","1","","0","tablet","","","Zydus Cadila","","ACTIVE","OTC"
"Acitrom 2 Tablet","Acenocoumarol (2mg)","INRF-0151","","General Medicine","Abbott","30049099","12","","1","","0","tablet","","","Abbott","","ACTIVE","OTC"
"Angispan - TR 2.5mg Capsule","Nitroglycerin (2.5mg)","INRF-0152","","General Medicine","USV Ltd","30049099","12","","1","","0","capsule","","","USV Ltd","","ACTIVE","OTC"
"Azeflo Nasal Spray","Fluticasone Propionate (50mcg) + Azelastine (140mcg)","INRF-0153","","General Medicine","Lupin Ltd","30049099","12","","1","","0","strip","","","Lupin Ltd","","ACTIVE","OTC"
"Akurit 4 Tablet","Isoniazid (75mg) + Rifampicin (150mg)","INRF-0154","","General Medicine","Lupin Ltd","30049099","12","","1","","0","tablet","","","Lupin Ltd","","ACTIVE","OTC"
"Aerocort Inhaler","Levosalbutamol (50mcg) + Beclometasone (50mcg)","INRF-0155","","Respiratory","Cipla Ltd","30049099","12","","1","","0","pack","","","Cipla Ltd","","ACTIVE","OTC"
"Adaferin Gel","Adapalene (0.1% w/w)","INRF-0156","","General Medicine","Galderma India Pvt Ltd","30049099","12","","1","","0","tube","","","Galderma India Pvt Ltd","","ACTIVE","OTC"
"Acivir 400 DT Tablet","Acyclovir (400mg)","INRF-0157","","General Medicine","Cipla Ltd","30049099","12","","1","","0","tablet","","","Cipla Ltd","","ACTIVE","OTC"
"Aptimust Syrup","Cyproheptadine (2mg/5ml) + Tricholine Citrate (275mg/5ml)","INRF-0158","","General Medicine","Mankind Pharma Ltd","30049099","12","","1","","0","bottle","","","Mankind Pharma Ltd","","ACTIVE","OTC"
"Augmentin 1000 Duo Tablet","Amoxycillin (875mg) + Clavulanic Acid (125mg)","INRF-0159","","Antibiotic","Glaxo SmithKline Pharmaceuticals Ltd","30049099","12","","1","","0","tablet","","","Glaxo SmithKline Pharmaceuticals Ltd","","ACTIVE","H1"
"Ambrodil Syrup","Ambroxol (30mg/5ml)","INRF-0160","","General Medicine","Aristo Pharmaceuticals Pvt Ltd","30049099","12","","1","","0","bottle","","","Aristo Pharmaceuticals Pvt Ltd","","ACTIVE","OTC"
"Acogut Tablet","Acotiamide (100mg)","INRF-0161","","General Medicine","Lupin Ltd","30049099","12","","1","","0","tablet","","","Lupin Ltd","","ACTIVE","OTC"
"Atarax Drops","Hydroxyzine (6mg)","INRF-0162","","General Medicine","Dr Reddy's Laboratories Ltd","30049099","12","","1","","0","bottle","","","Dr Reddy's Laboratories Ltd","","ACTIVE","OTC"
"AntiD 300mcg/ml Injection","Anti Rh D Immunoglobulin (300mcg/ml)","INRF-0163","","General Medicine","Bharat Serums & Vaccines Ltd","30049099","12","","1","","0","vial","","","Bharat Serums & Vaccines Ltd","","ACTIVE","OTC"
"Alerid Syrup","Cetirizine (5mg/5ml)","INRF-0164","","Antihistamine","Cipla Ltd","30049099","12","","1","","0","bottle","","","Cipla Ltd","","ACTIVE","OTC"
"Aldactone 50 Tablet","Spironolactone (50mg)","INRF-0165","","Cardiovascular","RPG Life Sciences Ltd","30049099","12","","1","","0","tablet","","","RPG Life Sciences Ltd","","ACTIVE","OTC"
"Ampoxin 500 Capsule","Ampicillin (250mg) + Cloxacillin (250mg)","INRF-0166","","General Medicine","Torrent Pharmaceuticals Ltd","30049099","12","","1","","0","capsule","","","Torrent Pharmaceuticals Ltd","","ACTIVE","OTC"
"Augmentin 375 Tablet","Amoxycillin (250mg) + Clavulanic Acid (125mg)","INRF-0167","","Antibiotic","Glaxo SmithKline Pharmaceuticals Ltd","30049099","12","","1","","0","tablet","","","Glaxo SmithKline Pharmaceuticals Ltd","","ACTIVE","H1"
"Acivir Cream","Acyclovir (5% w/w)","INRF-0168","","General Medicine","Cipla Ltd","30049099","12","","1","","0","tube","","","Cipla Ltd","","ACTIVE","OTC"
"Amifru 40 Tablet","Furosemide (40mg) + Amiloride (5mg)","INRF-0169","","Cardiovascular","Torrent Pharmaceuticals Ltd","30049099","12","","1","","0","tablet","","","Torrent Pharmaceuticals Ltd","","ACTIVE","OTC"
"Avamys Nasal Spray","Fluticasone Furoate (0.05% w/w)","INRF-0170","","General Medicine","Glaxo SmithKline Pharmaceuticals Ltd","30049099","12","","1","","0","strip","","","Glaxo SmithKline Pharmaceuticals Ltd","","ACTIVE","OTC"
"Alkasol Oral Solution Sugar Free","Disodium Hydrogen Citrate (1.4gm/5ml)","INRF-0171","","General Medicine","Stadmed Pvt Ltd","30049099","12","","1","","0","bottle","","","Stadmed Pvt Ltd","","ACTIVE","OTC"
"Aciloc 300 Tablet","Ranitidine (300mg)","INRF-0172","","Gastrointestinal","Cadila Pharmaceuticals Ltd","30049099","12","","1","","0","tablet","","","Cadila Pharmaceuticals Ltd","","ACTIVE","OTC"
"Aziderm 20% Cream","Azelaic Acid (20% w/w)","INRF-0173","","General Medicine","Micro Labs Ltd","30049099","12","","1","","0","tube","","","Micro Labs Ltd","","ACTIVE","OTC"
"Ano Metrogyl Cream","Lidocaine (4% w/w) + Metronidazole (1% w/w)","INRF-0174","","Antibiotic","Lekar Pharma Ltd","30049099","12","","1","","0","tube","","","Lekar Pharma Ltd","","ACTIVE","H1"
"Admenta 5 Tablet","Memantine (5mg)","INRF-0175","","General Medicine","Sun Pharmaceutical Industries Ltd","30049099","12","","1","","0","tablet","","","Sun Pharmaceutical Industries Ltd","","ACTIVE","OTC"
"Alerid-D Tablet","Cetirizine (5mg) + Phenylephrine (10mg)","INRF-0176","","Antihistamine","Cipla Ltd","30049099","12","","1","","0","tablet","","","Cipla Ltd","","ACTIVE","OTC"
"Allercet-DC Tablet","Cetirizine (10mg) + Phenylephrine (10mg)","INRF-0177","","Antihistamine","Micro Labs Ltd","30049099","12","","1","","0","tablet","","","Micro Labs Ltd","","ACTIVE","OTC"
"Aztolet 10 Tablet","Atorvastatin (10mg) + Clopidogrel (75mg)","INRF-0178","","Lipid lowering","Sun Pharmaceutical Industries Ltd","30049099","12","","1","","0","tablet","","","Sun Pharmaceutical Industries Ltd","","ACTIVE","OTC"
"Augmentin 1.2gm Injection","Amoxycillin (1000mg) + Clavulanic Acid (200mg)","INRF-0179","","Antibiotic","Glaxo SmithKline Pharmaceuticals Ltd","30049099","12","","1","","0","vial","","","Glaxo SmithKline Pharmaceuticals Ltd","","ACTIVE","H1"
"Ambrodil-Plus RF Syrup","Ambroxol (15mg/5ml) + Pseudoephedrine (30mg/5ml)","INRF-0180","","General Medicine","Aristo Pharmaceuticals Pvt Ltd","30049099","12","","1","","0","bottle","","","Aristo Pharmaceuticals Pvt Ltd","","ACTIVE","OTC"
"Ajaduo 25mg/5mg Tablet","Empagliflozin (25mg) + Linagliptin (5mg)","INRF-0181","","General Medicine","Lupin Ltd","30049099","12","","1","","0","tablet","","","Lupin Ltd","","ACTIVE","OTC"
"Avanair 100 Tablet","Avanafil (100mg)","INRF-0182","","General Medicine","Cipla Ltd","30049099","12","","1","","0","tablet","","","Cipla Ltd","","ACTIVE","OTC"
"Acton-OR Tablet SR","Paracetamol (300mg) + Paracetamol (700mg)","INRF-0183","","Analgesic","Apex Laboratories Pvt Ltd","30049099","12","","1","","0","tablet","","","Apex Laboratories Pvt Ltd","","ACTIVE","OTC"
"Aquazide 12.5 Tablet","Hydrochlorothiazide (12.5mg)","INRF-0184","","Cardiovascular","Sun Pharmaceutical Industries Ltd","30049099","12","","1","","0","tablet","","","Sun Pharmaceutical Industries Ltd","","ACTIVE","OTC"
"Alaspan AM Tablet","Ambroxol (60mg) + Loratadine (5mg)","INRF-0185","","Antihistamine","Bayer Pharmaceuticals Pvt Ltd","30049099","12","","1","","0","tablet","","","Bayer Pharmaceuticals Pvt Ltd","","ACTIVE","OTC"
"Althrocin 250 Tablet","Erythromycin (250mg)","INRF-0186","","Antibiotic","Alembic Pharmaceuticals Ltd","30049099","12","","1","","0","tablet","","","Alembic Pharmaceuticals Ltd","","ACTIVE","H1"
"Aldosmin 500mg Tablet","Diosmin (450mg) + Hesperidin (50mg)","INRF-0187","","General Medicine","Sun Pharmaceutical Industries Ltd","30049099","12","","1","","0","tablet","","","Sun Pharmaceutical Industries Ltd","","ACTIVE","OTC"
"Acitrom 1 Tablet","Acenocoumarol (1mg)","INRF-0188","","General Medicine","Abbott","30049099","12","","1","","0","tablet","","","Abbott","","ACTIVE","OTC"
"Amaryl M 1mg Tablet PR","Glimepiride (1mg) + Metformin (500mg)","INRF-0189","","Antidiabetic","Sanofi India Ltd","30049099","12","","1","","0","tablet","","","Sanofi India Ltd","","ACTIVE","OTC"
"AF 400 Tablet","Fluconazole (400mg)","INRF-0190","","Antifungal","Systopic Laboratories Pvt Ltd","30049099","12","","1","","0","tablet","","","Systopic Laboratories Pvt Ltd","","ACTIVE","OTC"
"Amantrel Tablet","Amantadine (100mg)","INRF-0191","","General Medicine","Cipla Ltd","30049099","12","","1","","0","tablet","","","Cipla Ltd","","ACTIVE","OTC"
"Acenac-MR Tablet","Thiocolchicoside (4mg) + Aceclofenac (100mg)","INRF-0192","","Analgesic","Medley Pharmaceuticals","30049099","12","","1","","0","tablet","","","Medley Pharmaceuticals","","ACTIVE","OTC"
"Ambrolite-S Expectorant","Ambroxol (30mg) + Guaifenesin (50mg)","INRF-0193","","General Medicine","Tablets India Limited","30049099","12","","1","","0","strip","","","Tablets India Limited","","ACTIVE","OTC"
"Asthalin 4 Tablet","Salbutamol (4mg)","INRF-0194","","Respiratory","Cipla Ltd","30049099","12","","1","","0","tablet","","","Cipla Ltd","","ACTIVE","OTC"
"Amaryl M 2mg Tablet PR","Glimepiride (2mg) + Metformin (500mg)","INRF-0195","","Antidiabetic","Sanofi India Ltd","30049099","12","","1","","0","tablet","","","Sanofi India Ltd","","ACTIVE","OTC"
"Azoran Tablet","Azathioprine (50mg)","INRF-0196","","General Medicine","RPG Life Sciences Ltd","30049099","12","","1","","0","tablet","","","RPG Life Sciences Ltd","","ACTIVE","OTC"
"Ampilox Capsule","Ampicillin (250mg) + Dicloxacillin (250mg)","INRF-0197","","General Medicine","Biochem Pharmaceutical Industries","30049099","12","","1","","0","capsule","","","Biochem Pharmaceutical Industries","","ACTIVE","OTC"
"Adrenaline Tartrate Injection","Adrenaline (NA)","INRF-0198","","General Medicine","Harson Laboratories","30049099","12","","1","","0","vial","","","Harson Laboratories","","ACTIVE","OTC"
"Acogut 300 ER Tablet","Acotiamide (300mg)","INRF-0199","","General Medicine","Lupin Ltd","30049099","12","","1","","0","tablet","","","Lupin Ltd","","ACTIVE","OTC"
"Acuvin Tablet","Paracetamol/Acetaminophen (325mg) + Tramadol (37.5mg)","INRF-0200","","Analgesic","Abbott","30049099","12","","1","","0","tablet","","","Abbott","","ACTIVE","H"
"Atorlip-F Tablet","Atorvastatin (10mg) + Fenofibrate (145mg)","INRF-0201","","Lipid lowering","Cipla Ltd","30049099","12","","1","","0","tablet","","","Cipla Ltd","","ACTIVE","OTC"
"Asthakind-P Drops","Ambroxol (7.5mg) + Guaifenesin (12.5mg)","INRF-0202","","General Medicine","Mankind Pharma Ltd","30049099","12","","1","","0","bottle","","","Mankind Pharma Ltd","","ACTIVE","OTC"
"Allegra Nasal Spray","Fluticasone Furoate (27.5mcg)","INRF-0203","","General Medicine","Sanofi India Ltd","30049099","12","","1","","0","strip","","","Sanofi India Ltd","","ACTIVE","OTC"
"Addnok 0.2mg Tablet","Buprenorphine (0.2mg)","INRF-0204","","General Medicine","Rusan Pharma Ltd","30049099","12","","1","","0","tablet","","","Rusan Pharma Ltd","","ACTIVE","OTC"
"Aldosmin 1000mg Tablet","Diosmin (900mg) + Hesperidin (100mg)","INRF-0205","","General Medicine","Sun Pharmaceutical Industries Ltd","30049099","12","","1","","0","tablet","","","Sun Pharmaceutical Industries Ltd","","ACTIVE","OTC"
"Andre I-Kul Eye Drop","Camphor (0.01% w/v) + Menthol (0.005% w/v)","INRF-0206","","General Medicine","Intas Pharmaceuticals Ltd","30049099","12","","1","","0","strip","","","Intas Pharmaceuticals Ltd","","ACTIVE","OTC"
"Antiflu 75mg Capsule","Oseltamivir Phosphate (75mg)","INRF-0207","","General Medicine","Cipla Ltd","30049099","12","","1","","0","capsule","","","Cipla Ltd","","ACTIVE","OTC"
"Alerfix Total Tablet SR","Ambroxol (75mg) + Levocetirizine (5mg)","INRF-0208","","Antihistamine","Eris Lifesciences Ltd","30049099","12","","1","","0","tablet","","","Eris Lifesciences Ltd","","ACTIVE","OTC"
"Alex-L Cough Syrup Mango","Levocloperastine (20mg/5ml)","INRF-0209","","General Medicine","Glenmark Pharmaceuticals Ltd","30049099","12","","1","","0","bottle","","","Glenmark Pharmaceuticals Ltd","","ACTIVE","OTC"
"Aquaviron Injection 1ml","Testosterone (25mg)","INRF-0210","","Vitamin / Mineral","Abbott","30049099","12","","1","","0","vial","","","Abbott","","ACTIVE","H"
"Alkof DX Syrup","Chlorpheniramine Maleate (4mg) + Dextromethorphan Hydrobromide (10mg)","INRF-0211","","Antihistamine","Alkem Laboratories Ltd","30049099","12","","1","","0","bottle","","","Alkem Laboratories Ltd","","ACTIVE","OTC"
"Actrapid HM 100IU/ml Penfill","Human insulin (100IU)","INRF-0212","","Antidiabetic","Novo Nordisk India Pvt Ltd","30049099","12","","1","","0","bottle","","","Novo Nordisk India Pvt Ltd","","ACTIVE","OTC"
"Aten 50 Tablet","Atenolol (50mg)","INRF-0213","","Cardiovascular","Zydus Cadila","30049099","12","","1","","0","tablet","","","Zydus Cadila","","ACTIVE","OTC"
"Azmarda 100mg Tablet","Sacubitril (49mg) + Valsartan (51mg)","INRF-0214","","General Medicine","J B Chemicals and Pharmaceuticals Ltd","30049099","12","","1","","0","tablet","","","J B Chemicals and Pharmaceuticals Ltd","","ACTIVE","OTC"
"A Kare Combipack","Mifepristone (200mg) + Misoprostol (200mcg)","INRF-0215","","General Medicine","DKT India Ltd","30049099","12","","1","","0","strip","","","DKT India Ltd","","ACTIVE","OTC"
"Ambulax Tablet","Alprazolam (0.25mg) + Propranolol (20mg)","INRF-0216","","Cardiovascular","Unimarck Pharma India Ltd","30049099","12","","1","","0","tablet","","","Unimarck Pharma India Ltd","","ACTIVE","H"
"Asthakind-DX Junior Syrup Cherry","Phenylephrine (2.5mg/5ml) + Chlorpheniramine Maleate (1mg/5ml)","INRF-0217","","Antihistamine","Mankind Pharma Ltd","30049099","12","","1","","0","bottle","","","Mankind Pharma Ltd","","ACTIVE","OTC"
"Advent 228.5mg Dry Syrup","Amoxycillin (200mg/5ml) + Clavulanic Acid (28.5mg/5ml)","INRF-0218","","Antibiotic","Cipla Ltd","30049099","12","","1","","0","bottle","","","Cipla Ltd","","ACTIVE","H1"
"Acivir 800 DT Tablet","Acyclovir (800mg)","INRF-0219","","General Medicine","Cipla Ltd","30049099","12","","1","","0","tablet","","","Cipla Ltd","","ACTIVE","OTC"
"Azithral 100 Liquid","Azithromycin (20mg/ml)","INRF-0220","","Antibiotic","Alembic Pharmaceuticals Ltd","30049099","12","","1","","0","bottle","","","Alembic Pharmaceuticals Ltd","","ACTIVE","H1"
"Azee 100mg Dry Syrup Peppermint","Azithromycin (100mg/5ml)","INRF-0221","","Antibiotic","Cipla Ltd","30049099","12","","1","","0","bottle","","","Cipla Ltd","","ACTIVE","H1"
"Ascoril C Syrup","Chlorpheniramine Maleate (4mg) + Codeine (10mg)","INRF-0222","","Antihistamine","Glenmark Pharmaceuticals Ltd","30049099","12","","1","","0","bottle","","","Glenmark Pharmaceuticals Ltd","","ACTIVE","H"
"Aprezo 30mg Tablet","Apremilast (30mg)","INRF-0223","","General Medicine","Glenmark Pharmaceuticals Ltd","30049099","12","","1","","0","tablet","","","Glenmark Pharmaceuticals Ltd","","ACTIVE","OTC"
"Apidra 100IU Cartridge","Insulin Glulisine (100IU)","INRF-0224","","Antidiabetic","Sanofi India Ltd","30049099","12","","1","","0","bottle","","","Sanofi India Ltd","","ACTIVE","OTC"
"Amlosafe 3D Tablet","Telmisartan (40mg) + Amlodipine (5mg)","INRF-0225","","Cardiovascular","Aristo Pharmaceuticals Pvt Ltd","30049099","12","","1","","0","tablet","","","Aristo Pharmaceuticals Pvt Ltd","","ACTIVE","OTC"
"Andial 2mg Tablet","Loperamide (2mg)","INRF-0226","","General Medicine","Veritaz Healthcare Ltd","30049099","12","","1","","0","tablet","","","Veritaz Healthcare Ltd","","ACTIVE","OTC"
"Acnesol A Nano Gel","Adapalene (0.1% w/w) + Clindamycin (1% w/w)","INRF-0227","","General Medicine","Systopic Laboratories Pvt Ltd","30049099","12","","1","","0","tube","","","Systopic Laboratories Pvt Ltd","","ACTIVE","OTC"
"Asomex 2.5 Tablet","S-Amlodipine (2.5mg)","INRF-0228","","Cardiovascular","Emcure Pharmaceuticals Ltd","30049099","12","","1","","0","tablet","","","Emcure Pharmaceuticals Ltd","","ACTIVE","OTC"
"Alkof Cofgel Tablet","Guaifenesin (NA) + Bromhexine (NA)","INRF-0229","","General Medicine","Alkem Laboratories Ltd","30049099","12","","1","","0","tube","","","Alkem Laboratories Ltd","","ACTIVE","OTC"
"Alsita M 50mg/500mg Tablet","Sitagliptin (50mg) + Metformin (500mg)","INRF-0230","","Antidiabetic","Alkem Laboratories Ltd","30049099","12","","1","","0","tablet","","","Alkem Laboratories Ltd","","ACTIVE","OTC"
"Axogurd-SR Tablet","Methylcobalamin (1500mcg) + Pregabalin (75mg)","INRF-0231","","CNS","Alembic Pharmaceuticals Ltd","30049099","12","","1","","0","tablet","","","Alembic Pharmaceuticals Ltd","","ACTIVE","H"
"Azoflox UTI Tablet","Ofloxacin (200mg) + Flavoxate (200mg)","INRF-0232","","Antibiotic","Mac Millon Pharmaceuticals Pvt Ltd","30049099","12","","1","","0","tablet","","","Mac Millon Pharmaceuticals Pvt Ltd","","ACTIVE","H1"
"Aten 25 Tablet","Atenolol (25mg)","INRF-0233","","Cardiovascular","Zydus Cadila","30049099","12","","1","","0","tablet","","","Zydus Cadila","","ACTIVE","OTC"
"Acnesol Gel","Clindamycin (1% w/w)","INRF-0234","","General Medicine","Systopic Laboratories Pvt Ltd","30049099","12","","1","","0","tube","","","Systopic Laboratories Pvt Ltd","","ACTIVE","OTC"
"Avil 50mg Tablet","Pheniramine (50mg)","INRF-0235","","Antihistamine","Sanofi India Ltd","30049099","12","","1","","0","tablet","","","Sanofi India Ltd","","ACTIVE","OTC"
"Arip MT 5 Tablet","Aripiprazole (5mg)","INRF-0236","","General Medicine","Torrent Pharmaceuticals Ltd","30049099","12","","1","","0","tablet","","","Torrent Pharmaceuticals Ltd","","ACTIVE","OTC"
"Alivher Tablet","Sildenafil (25mg)","INRF-0237","","General Medicine","Akumentis Healthcare Ltd","30049099","12","","1","","0","tablet","","","Akumentis Healthcare Ltd","","ACTIVE","H"
"Apdrops LP Eye Drop BAK Free","Loteprednol etabonate (0.5% w/v) + Moxifloxacin (0.5% w/v)","INRF-0238","","General Medicine","Ajanta Pharma Ltd","30049099","12","","1","","0","bottle","","","Ajanta Pharma Ltd","","ACTIVE","OTC"
"Amrox-LS Syrup","Ambroxol (30mg) + Levosalbutamol (1mg)","INRF-0239","","Respiratory","Leeford Healthcare Ltd","30049099","12","","1","","0","bottle","","","Leeford Healthcare Ltd","","ACTIVE","OTC"
"Altonil 3mg Tablet","Melatonin (3mg)","INRF-0240","","General Medicine","Alteus Biogenics Pvt Ltd","30049099","12","","1","","0","tablet","","","Alteus Biogenics Pvt Ltd","","ACTIVE","OTC"
"Allercet Cold Tablet","Levocetirizine (5mg) + Phenylephrine (10mg)","INRF-0241","","Antihistamine","Micro Labs Ltd","30049099","12","","1","","0","tablet","","","Micro Labs Ltd","","ACTIVE","OTC"
"Admenta 10 Tablet","Memantine (10mg)","INRF-0242","","General Medicine","Sun Pharmaceutical Industries Ltd","30049099","12","","1","","0","tablet","","","Sun Pharmaceutical Industries Ltd","","ACTIVE","OTC"
"Asthalin Respirator Solution","Salbutamol (5mg)","INRF-0243","","Respiratory","Cipla Ltd","30049099","12","","1","","0","bottle","","","Cipla Ltd","","ACTIVE","OTC"
"Add Tears Lubricant Eye Drop","Carboxymethylcellulose (0.5% w/v)","INRF-0244","","General Medicine","Cipla Ltd","30049099","12","","1","","0","strip","","","Cipla Ltd","","ACTIVE","OTC"
"Almox 250 Capsule","Amoxycillin (250mg)","INRF-0245","","Antibiotic","Alkem Laboratories Ltd","30049099","12","","1","","0","capsule","","","Alkem Laboratories Ltd","","ACTIVE","H1"
"Aztor Asp 75 Capsule","Atorvastatin (10mg) + Aspirin (75mg)","INRF-0246","","Analgesic","Sun Pharmaceutical Industries Ltd","30049099","12","","1","","0","capsule","","","Sun Pharmaceutical Industries Ltd","","ACTIVE","OTC"
"Alkacip Syrup","Disodium Hydrogen Citrate (1.53gm/5ml)","INRF-0247","","General Medicine","Cipla Ltd","30049099","12","","1","","0","bottle","","","Cipla Ltd","","ACTIVE","OTC"
"Arbitel-Trio 50 Tablet ER","Cilnidipine (10mg) + Metoprolol Succinate (50mg)","INRF-0248","","Cardiovascular","Micro Labs Ltd","30049099","12","","1","","0","tablet","","","Micro Labs Ltd","","ACTIVE","OTC"
"Acivir 200 DT Tablet","Acyclovir (200mg)","INRF-0249","","General Medicine","Cipla Ltd","30049099","12","","1","","0","tablet","","","Cipla Ltd","","ACTIVE","OTC"
"Augmentin ES Oral Suspension","Amoxycillin (600mg/5ml) + Clavulanic Acid (42.9mg/5ml)","INRF-0250","","Antibiotic","Glaxo SmithKline Pharmaceuticals Ltd","30049099","12","","1","","0","bottle","","","Glaxo SmithKline Pharmaceuticals Ltd","","ACTIVE","H1"
"Amrolstar Cream","Amorolfine (0.25% w/w)","INRF-0251","","General Medicine","Oaknet Healthcare Pvt Ltd","30049099","12","","1","","0","tube","","","Oaknet Healthcare Pvt Ltd","","ACTIVE","OTC"
"Apigat 2.5 Tablet","Apixaban (2.5mg)","INRF-0252","","General Medicine","Natco Pharma Ltd","30049099","12","","1","","0","tablet","","","Natco Pharma Ltd","","ACTIVE","OTC"
"Aeromont-B Tablet","Bilastine (20mg) + Montelukast (10mg)","INRF-0253","","Respiratory","Aristo Pharmaceuticals Pvt Ltd","30049099","12","","1","","0","tablet","","","Aristo Pharmaceuticals Pvt Ltd","","ACTIVE","OTC"
"Acamprol Tablet","Acamprosate (333mg)","INRF-0254","","General Medicine","Sun Pharmaceutical Industries Ltd","30049099","12","","1","","0","tablet","","","Sun Pharmaceutical Industries Ltd","","ACTIVE","OTC"
"Ancool Oral Suspension Sugar Free","Aluminium Hydroxide (300mg/5ml) + Milk Of Magnesia (150mg/5ml)","INRF-0255","","General Medicine","Zuventus Healthcare Ltd","30049099","12","","1","","0","bottle","","","Zuventus Healthcare Ltd","","ACTIVE","OTC"
"Apdrops PD Eye Drop","Moxifloxacin (0.5% w/v) + Prednisolone (1% w/v)","INRF-0256","","Corticosteroid","Ajanta Pharma Ltd","30049099","12","","1","","0","bottle","","","Ajanta Pharma Ltd","","ACTIVE","H"
"Amnurite 10 Tablet SR","Amitriptyline (10mg) + Methylcobalamin (1500mcg)","INRF-0257","","CNS","Health N U Therapeutics Pvt Ltd","30049099","12","","1","","0","tablet","","","Health N U Therapeutics Pvt Ltd","","ACTIVE","OTC"
"Atonide Gel","Desonide (0.05% w/w)","INRF-0258","","General Medicine","Curatio Healthcare India Pvt Ltd","30049099","12","","1","","0","tube","","","Curatio Healthcare India Pvt Ltd","","ACTIVE","OTC"
"Acivir 500 Infusion","Acyclovir (500mg)","INRF-0259","","General Medicine","Cipla Ltd","30049099","12","","1","","0","vial","","","Cipla Ltd","","ACTIVE","OTC"
"AF-K Lotion","Ketoconazole (2% w/v) + Zinc pyrithione (1% w/v)","INRF-0260","","Vitamin / Mineral","Systopic Laboratories Pvt Ltd","30049099","12","","1","","0","tube","","","Systopic Laboratories Pvt Ltd","","ACTIVE","OTC"
"Amlong 2.5 Tablet","Amlodipine (2.5mg)","INRF-0261","","Cardiovascular","Micro Labs Ltd","30049099","12","","1","","0","tablet","","","Micro Labs Ltd","","ACTIVE","OTC"
"Alburel 20gm Solution for Infusion","Albumin (20%)","INRF-0262","","General Medicine","Reliance Life Sciences","30049099","12","","1","","0","bottle","","","Reliance Life Sciences","","ACTIVE","OTC"
"Adilip 135 Tablet DR","Choline fenofibrate (135mg)","INRF-0263","","Lipid lowering","Intas Pharmaceuticals Ltd","30049099","12","","1","","0","tablet","","","Intas Pharmaceuticals Ltd","","ACTIVE","OTC"
"Apdrops Eye Drop","Moxifloxacin (0.5% w/v)","INRF-0264","","General Medicine","Ajanta Pharma Ltd","30049099","12","","1","","0","bottle","","","Ajanta Pharma Ltd","","ACTIVE","OTC"
"Apigat 5 Tablet","Apixaban (5mg)","INRF-0265","","General Medicine","Natco Pharma Ltd","30049099","12","","1","","0","tablet","","","Natco Pharma Ltd","","ACTIVE","OTC"
"Aciloc Injection","Ranitidine (25mg)","INRF-0266","","Gastrointestinal","Cadila Pharmaceuticals Ltd","30049099","12","","1","","0","vial","","","Cadila Pharmaceuticals Ltd","","ACTIVE","OTC"
"Alex P Syrup","Chlorpheniramine Maleate (0.5mg/5ml) + Paracetamol (125mg/5ml)","INRF-0267","","Analgesic","Glenmark Pharmaceuticals Ltd","30049099","12","","1","","0","bottle","","","Glenmark Pharmaceuticals Ltd","","ACTIVE","OTC"
"Actibile 300 Tablet","Ursodeoxycholic Acid (300mg)","INRF-0268","","General Medicine","Zydus Cadila","30049099","12","","1","","0","tablet","","","Zydus Cadila","","ACTIVE","OTC"
"Amaryl M Forte 2mg Tablet PR","Glimepiride (2mg) + Metformin (1000mg)","INRF-0269","","Antidiabetic","Sanofi India Ltd","30049099","12","","1","","0","tablet","","","Sanofi India Ltd","","ACTIVE","OTC"
"Atorva 80 Tablet","Atorvastatin (80mg)","INRF-0270","","Lipid lowering","Zydus Cadila","30049099","12","","1","","0","tablet","","","Zydus Cadila","","ACTIVE","OTC"
"Acitrom 4 Tablet","Acenocoumarol (4mg)","INRF-0271","","General Medicine","Abbott","30049099","12","","1","","0","tablet","","","Abbott","","ACTIVE","OTC"
"Amnurite 5 mg/1500 mcg Tablet","Amitriptyline (5mg) + Methylcobalamin (1500mcg)","INRF-0272","","CNS","Health N U Therapeutics Pvt Ltd","30049099","12","","1","","0","tablet","","","Health N U Therapeutics Pvt Ltd","","ACTIVE","OTC"
"Airz Capsule","Glycopyrrolate (50mcg)","INRF-0273","","General Medicine","Glenmark Pharmaceuticals Ltd","30049099","12","","1","","0","capsule","","","Glenmark Pharmaceuticals Ltd","","ACTIVE","OTC"
"Asomex 5 Tablet","S-Amlodipine (5mg)","INRF-0274","","Cardiovascular","Emcure Pharmaceuticals Ltd","30049099","12","","1","","0","tablet","","","Emcure Pharmaceuticals Ltd","","ACTIVE","OTC"
"Addwize 10mg Tablet","Methylphenidate (10mg)","INRF-0275","","General Medicine","Sun Pharmaceutical Industries Ltd","30049099","12","","1","","0","tablet","","","Sun Pharmaceutical Industries Ltd","","ACTIVE","OTC"
"Ascoril Plus Expectorant","Bromhexine (2mg/5ml) + Guaifenesin (50mg/5ml)","INRF-0276","","General Medicine","Glenmark Pharmaceuticals Ltd","30049099","12","","1","","0","strip","","","Glenmark Pharmaceuticals Ltd","","ACTIVE","OTC"
"Abd Plus Tablet","Ivermectin (6mg) + Albendazole (400mg)","INRF-0277","","General Medicine","Intas Pharmaceuticals Ltd","30049099","12","","1","","0","tablet","","","Intas Pharmaceuticals Ltd","","ACTIVE","OTC"
"Allercet-M Tablet","Levocetirizine (5mg) + Montelukast (10mg)","INRF-0278","","Respiratory","Micro Labs Ltd","30049099","12","","1","","0","tablet","","","Micro Labs Ltd","","ACTIVE","OTC"
"Althrocin Liquid","Erythromycin (125mg/5ml)","INRF-0279","","Antibiotic","Alembic Pharmaceuticals Ltd","30049099","12","","1","","0","bottle","","","Alembic Pharmaceuticals Ltd","","ACTIVE","H1"
"Atchol-F Tablet","Atorvastatin (10mg) + Fenofibrate (160mg)","INRF-0280","","Lipid lowering","Aristo Pharmaceuticals Pvt Ltd","30049099","12","","1","","0","tablet","","","Aristo Pharmaceuticals Pvt Ltd","","ACTIVE","OTC"
"Alensol-D Tablet","Alendronic Acid (70mg) + Vitamin D3 (5600IU)","INRF-0281","","Vitamin / Mineral","Medsol India Overseas Pvt Ltd","30049099","12","","1","","0","tablet","","","Medsol India Overseas Pvt Ltd","","ACTIVE","OTC"
"Arbitel-Trio 25 Tablet ER","Cilnidipine (10mg) + Metoprolol Succinate (25mg)","INRF-0282","","Cardiovascular","Micro Labs Ltd","30049099","12","","1","","0","tablet","","","Micro Labs Ltd","","ACTIVE","OTC"
"Acivir Eye Ointment","Acyclovir (3% w/w)","INRF-0283","","General Medicine","Cipla Ltd","30049099","12","","1","","0","tube","","","Cipla Ltd","","ACTIVE","OTC"
"Anafortan Syrup","Camylofin (12.5mg/5ml) + Paracetamol (125mg/5ml)","INRF-0284","","Analgesic","Abbott","30049099","12","","1","","0","bottle","","","Abbott","","ACTIVE","OTC"
"Acera-D Capsule SR","Domperidone (30mg) + Rabeprazole (20mg)","INRF-0285","","Gastrointestinal","Ipca Laboratories Ltd","30049099","12","","1","","0","capsule","","","Ipca Laboratories Ltd","","ACTIVE","OTC"
"Aerodil SF Expectorant","Ambroxol (15mg/5ml) + Guaifenesin (50mg/5ml)","INRF-0286","","General Medicine","Zydus Cadila","30049099","12","","1","","0","strip","","","Zydus Cadila","","ACTIVE","OTC"
"Aztolet 20 Tablet","Atorvastatin (20mg) + Clopidogrel (75mg)","INRF-0287","","Lipid lowering","Sun Pharmaceutical Industries Ltd","30049099","12","","1","","0","tablet","","","Sun Pharmaceutical Industries Ltd","","ACTIVE","OTC"
"Alzil-M 5 Tablet","Donepezil (5mg) + Memantine (5mg)","INRF-0288","","General Medicine","Intas Pharmaceuticals Ltd","30049099","12","","1","","0","tablet","","","Intas Pharmaceuticals Ltd","","ACTIVE","OTC"
"Acuvert Tablet","Prochlorperazine (5mg)","INRF-0289","","General Medicine","Abbott","30049099","12","","1","","0","tablet","","","Abbott","","ACTIVE","OTC"
"Aceclo Spas Tablet","Drotaverine (80mg) + Aceclofenac (100mg)","INRF-0290","","Analgesic","Aristo Pharmaceuticals Pvt Ltd","30049099","12","","1","","0","tablet","","","Aristo Pharmaceuticals Pvt Ltd","","ACTIVE","OTC"
"Asthakind-LS Drop","Ambroxol (NA) + Levosalbutamol (NA)","INRF-0291","","Respiratory","Mankind Pharma Ltd","30049099","12","","1","","0","bottle","","","Mankind Pharma Ltd","","ACTIVE","OTC"
"Ascabiol Emulsion","Lindane (1% w/v) + Cetrimide (0.1% w/v)","INRF-0292","","General Medicine","Abbott","30049099","12","","1","","0","bottle","","","Abbott","","ACTIVE","OTC"
"Alphadol 0.25mcg Capsule","Alfacalcidol (0.25mcg)","INRF-0293","","General Medicine","Panacea Biotec Ltd","30049099","12","","1","","0","tube","","","Panacea Biotec Ltd","","ACTIVE","OTC"
"Anabel Liquid Gel","Choline Salicylate (8.7% w/w) + Lidocaine (2% w/w)","INRF-0294","","General Medicine","Group Pharmaceuticals Ltd","30049099","12","","1","","0","tube","","","Group Pharmaceuticals Ltd","","ACTIVE","OTC"
"Aricep 5 Tablet","Donepezil (5mg)","INRF-0295","","General Medicine","Eisai Pharmaceuticals India Pvt Ltd","30049099","12","","1","","0","tablet","","","Eisai Pharmaceuticals India Pvt Ltd","","ACTIVE","OTC"
"Aceclo SR Tablet","Aceclofenac (200mg)","INRF-0296","","Analgesic","Aristo Pharmaceuticals Pvt Ltd","30049099","12","","1","","0","tablet","","","Aristo Pharmaceuticals Pvt Ltd","","ACTIVE","OTC"
"Azopt Opthalmic Suspension","Brinzolamide (1% w/v)","INRF-0297","","General Medicine","Alcon Laboratories","30049099","12","","1","","0","bottle","","","Alcon Laboratories","","ACTIVE","OTC"
"Ambulax M Tablet","Alprazolam (0.25mg) + Propranolol (10mg)","INRF-0298","","Cardiovascular","Unimarck Pharma India Ltd","30049099","12","","1","","0","tablet","","","Unimarck Pharma India Ltd","","ACTIVE","H"
"Assurans Tablet","Sildenafil (20mg)","INRF-0299","","General Medicine","Cipla Ltd","30049099","12","","1","","0","tablet","","","Cipla Ltd","","ACTIVE","H"
"Alkaliser Syrup","Disodium Hydrogen Citrate (NA)","INRF-0300","","General Medicine","Life Sciences Inc","30049099","12","","1","","0","bottle","","","Life Sciences Inc","","ACTIVE","OTC"
"Aquaviron 40mg Capsule","Testosterone (40mg)","INRF-0301","","Vitamin / Mineral","Abbott","30049099","12","","1","","0","capsule","","","Abbott","","ACTIVE","H"
"Angiwell 2.6mg Tablet","Nitroglycerin (2.6mg)","INRF-0302","","General Medicine","Corona Remedies Pvt Ltd","30049099","12","","1","","0","tablet","","","Corona Remedies Pvt Ltd","","ACTIVE","OTC"
"Akt 2 Tablet","Rifampicin (450mg) + Isoniazid (300mg)","INRF-0303","","General Medicine","Lupin Ltd","30049099","12","","1","","0","tablet","","","Lupin Ltd","","ACTIVE","OTC"
"Alex Plus Paediatric Oral Drops","Chlorpheniramine Maleate (2mg/ml) + Phenylephrine (2.5mg/ml)","INRF-0304","","Antihistamine","Glenmark Pharmaceuticals Ltd","30049099","12","","1","","0","bottle","","","Glenmark Pharmaceuticals Ltd","","ACTIVE","OTC"
"Antacid Tablet","Aluminium Hydroxide (250mg) + Magnesium (250mg)","INRF-0305","","General Medicine","Bevit Pharmaceuticals Ltd","30049099","12","","1","","0","tablet","","","Bevit Pharmaceuticals Ltd","","ACTIVE","OTC"
"Apresol Tablet","Dihydralazine (25mg)","INRF-0306","","General Medicine","Ordain Health Care Global Pvt Ltd","30049099","12","","1","","0","tablet","","","Ordain Health Care Global Pvt Ltd","","ACTIVE","OTC"
"Amlong-H Tablet","Amlodipine (5mg) + Hydrochlorothiazide (12.5mg)","INRF-0307","","Cardiovascular","Micro Labs Ltd","30049099","12","","1","","0","tablet","","","Micro Labs Ltd","","ACTIVE","OTC"
"Airz-FF Capsule","Glycopyrrolate (12.5mcg) + Formoterol (12mcg)","INRF-0308","","Respiratory","Glenmark Pharmaceuticals Ltd","30049099","12","","1","","0","capsule","","","Glenmark Pharmaceuticals Ltd","","ACTIVE","OTC"
"Arflur 3D Tablet","Aceclofenac (100mg) + Paracetamol (500mg)","INRF-0309","","Analgesic","FDC Ltd","30049099","12","","1","","0","tablet","","","FDC Ltd","","ACTIVE","OTC"
"Azmarda 200mg Tablet","Sacubitril (97mg) + Valsartan (103mg)","INRF-0310","","General Medicine","J B Chemicals and Pharmaceuticals Ltd","30049099","12","","1","","0","tablet","","","J B Chemicals and Pharmaceuticals Ltd","","ACTIVE","OTC"
"Amixide 10mg Tablet","Amitriptyline (25mg) + Chlordiazepoxide (10mg)","INRF-0311","","CNS","Sun Pharmaceutical Industries Ltd","30049099","12","","1","","0","tablet","","","Sun Pharmaceutical Industries Ltd","","ACTIVE","OTC"
"Arpizol 2mg Tablet","Aripiprazole (2mg)","INRF-0312","","General Medicine","Sun Pharmaceutical Industries Ltd","30049099","12","","1","","0","tablet","","","Sun Pharmaceutical Industries Ltd","","ACTIVE","OTC"
"Aerocort Forte Rotacap","Levosalbutamol (100mcg) + Beclometasone (200mcg)","INRF-0313","","Respiratory","Cipla Ltd","30049099","12","","1","","0","pack","","","Cipla Ltd","","ACTIVE","OTC"
"AF 200 Tablet","Fluconazole (200mg)","INRF-0314","","Antifungal","Systopic Laboratories Pvt Ltd","30049099","12","","1","","0","tablet","","","Systopic Laboratories Pvt Ltd","","ACTIVE","OTC"
"Azithral Eye Ointment","Azithromycin (1% w/w)","INRF-0315","","Antibiotic","Alembic Pharmaceuticals Ltd","30049099","12","","1","","0","tube","","","Alembic Pharmaceuticals Ltd","","ACTIVE","H1"
"Adtrol XT Tablet","Calcium Carbonate (1250mg) + Vitamin D3 (2000mg)","INRF-0316","","Vitamin / Mineral","Wanbury Ltd","30049099","12","","1","","0","tablet","","","Wanbury Ltd","","ACTIVE","OTC"
"Antisnake Venom Injection","Standard Cobra Venom (Naja naja) (0.6mg) + Standard common krait Venom (Bangarus caeruleus) (0.45mg)","INRF-0317","","General Medicine","Serum Institute Of India Ltd","30049099","12","","1","","0","vial","","","Serum Institute Of India Ltd","","ACTIVE","OTC"
"Acrotac 25mg Capsule","Acitretin (25mg)","INRF-0318","","General Medicine","Sun Pharmaceutical Industries Ltd","30049099","12","","1","","0","capsule","","","Sun Pharmaceutical Industries Ltd","","ACTIVE","OTC"
"Amrolstar Nail Lacquer","Amorolfine (5% w/v)","INRF-0319","","General Medicine","Oaknet Healthcare Pvt Ltd","30049099","12","","1","","0","strip","","","Oaknet Healthcare Pvt Ltd","","ACTIVE","OTC"
"Allercet-M Syrup","Levocetirizine (2.5mg/5ml) + Montelukast (4mg/5ml)","INRF-0320","","Respiratory","Micro Labs Ltd","30049099","12","","1","","0","bottle","","","Micro Labs Ltd","","ACTIVE","OTC"
"Alphagan Z Ophthalmic Solution","Brimonidine (0.1% w/v) + Stabilized Oxychloro (0.005% w/v)","INRF-0321","","General Medicine","Allergan India Pvt Ltd","30049099","12","","1","","0","bottle","","","Allergan India Pvt Ltd","","ACTIVE","OTC"
"Acutret 10 Capsule","Isotretinoin (10mg)","INRF-0322","","General Medicine","Ipca Laboratories Ltd","30049099","12","","1","","0","tube","","","Ipca Laboratories Ltd","","ACTIVE","OTC"
"Acnedap Gel","Dapsone (5% w/w)","INRF-0323","","General Medicine","Cipla Ltd","30049099","12","","1","","0","tube","","","Cipla Ltd","","ACTIVE","OTC"
"Amoxycillin 125mg Oral Suspension","Amoxycillin (125mg)","INRF-0324","","Antibiotic","Nestor Pharmaceuticals","30049099","12","","1","","0","bottle","","","Nestor Pharmaceuticals","","ACTIVE","H1"
"Arpizol 10 Tablet","Aripiprazole (10mg)","INRF-0325","","General Medicine","Sun Pharmaceutical Industries Ltd","30049099","12","","1","","0","tablet","","","Sun Pharmaceutical Industries Ltd","","ACTIVE","OTC"
"Aldactone 100 Tablet","Spironolactone (100mg)","INRF-0326","","Cardiovascular","RPG Life Sciences Ltd","30049099","12","","1","","0","tablet","","","RPG Life Sciences Ltd","","ACTIVE","OTC"
"Aztogold 20 Capsule","Aspirin (75mg) + Atorvastatin (20mg)","INRF-0327","","Analgesic","Sun Pharmaceutical Industries Ltd","30049099","12","","1","","0","capsule","","","Sun Pharmaceutical Industries Ltd","","ACTIVE","OTC"
"Addna Tablet","Sodium Chloride (1gm)","INRF-0328","","General Medicine","Steadfast Medishield Pvt Ltd","30049099","12","","1","","0","tablet","","","Steadfast Medishield Pvt Ltd","","ACTIVE","OTC"
"Amtas-M 50 Tablet PR","Amlodipine (5mg) + Metoprolol Succinate (50mg)","INRF-0329","","Cardiovascular","Intas Pharmaceuticals Ltd","30049099","12","","1","","0","tablet","","","Intas Pharmaceuticals Ltd","","ACTIVE","OTC"
"Actilyse 50mg Injection","Alteplase (50mg)","INRF-0330","","General Medicine","Boehringer Ingelheim","30049099","12","","1","","0","vial","","","Boehringer Ingelheim","","ACTIVE","OTC"
"Amlopres AT 25 Tablet","Amlodipine (5mg) + Atenolol (25mg)","INRF-0331","","Cardiovascular","Cipla Ltd","30049099","12","","1","","0","tablet","","","Cipla Ltd","","ACTIVE","OTC"
"Acular LS Ophthalmic Solution","Ketorolac (0.4% w/v)","INRF-0332","","General Medicine","Allergan India Pvt Ltd","30049099","12","","1","","0","bottle","","","Allergan India Pvt Ltd","","ACTIVE","OTC"
"Anxipan Capsule","Amitriptyline (10mg) + Pantoprazole (40mg)","INRF-0333","","Gastrointestinal","Medley Pharmaceuticals","30049099","12","","1","","0","capsule","","","Medley Pharmaceuticals","","ACTIVE","OTC"
"Advent 91.4mg Drops Tangy Orange","Amoxycillin (80mg) + Clavulanic Acid (11.4mg)","INRF-0334","","Antibiotic","Cipla Ltd","30049099","12","","1","","0","bottle","","","Cipla Ltd","","ACTIVE","H1"
"Alcoliv Tablet","Metadoxine (500mg)","INRF-0335","","General Medicine","Sun Pharmaceutical Industries Ltd","30049099","12","","1","","0","tablet","","","Sun Pharmaceutical Industries Ltd","","ACTIVE","OTC"
"Alkamax MB Alkamax MB6 Oral Solution","Potassium Citrate (1100mg/5ml) + Magnesium Citrate (375mg/5ml)","INRF-0336","","General Medicine","Overseas Healthcare Pvt Ltd","30049099","12","","1","","0","bottle","","","Overseas Healthcare Pvt Ltd","","ACTIVE","OTC"
"Apetamin Syrup","Cyproheptadine (2mg/5ml)","INRF-0337","","General Medicine","Tablets India Limited","30049099","12","","1","","0","bottle","","","Tablets India Limited","","ACTIVE","OTC"
"Amaryl 3mg Tablet","Glimepiride (3mg)","INRF-0338","","Antidiabetic","Sanofi India Ltd","30049099","12","","1","","0","tablet","","","Sanofi India Ltd","","ACTIVE","OTC"
"Acupat Ophthalmic Solution","Ketorolac (0.4% w/v) + Olopatadine (0.1% w/v)","INRF-0339","","General Medicine","Allergan India Pvt Ltd","30049099","12","","1","","0","bottle","","","Allergan India Pvt Ltd","","ACTIVE","OTC"
"Arcolane 2% Scalp Solution","Ketoconazole (2% w/v)","INRF-0340","","General Medicine","Galderma India Pvt Ltd","30049099","12","","1","","0","bottle","","","Galderma India Pvt Ltd","","ACTIVE","OTC"
"Atropine 1% Eye Drop","Atropine (1% w/v)","INRF-0341","","General Medicine","Pharmatak Opthalmics Pvt Ltd","30049099","12","","1","","0","strip","","","Pharmatak Opthalmics Pvt Ltd","","ACTIVE","OTC"
"Amyclox-LB Capsule","Amoxycillin (250mg) + Cloxacillin (250mg)","INRF-0342","","Antibiotic","Ind Swift Laboratories Ltd","30049099","12","","1","","0","capsule","","","Ind Swift Laboratories Ltd","","ACTIVE","H1"
"Alamin Injection","Methylcobalamin (NA)","INRF-0343","","General Medicine","Albert David Ltd","30049099","12","","1","","0","vial","","","Albert David Ltd","","ACTIVE","OTC"
"Aquim PF Eye Drop","Sodium Hyaluronate (0.18% w/v)","INRF-0344","","General Medicine","His Eyeness Ophthalmics Pvt Ltd","30049099","12","","1","","0","strip","","","His Eyeness Ophthalmics Pvt Ltd","","ACTIVE","OTC"
"Aprecap 125/80 Capsule","Aprepitant (125mg) + Aprepitant (80mg)","INRF-0345","","General Medicine","Glenmark Pharmaceuticals Ltd","30049099","12","","1","","0","capsule","","","Glenmark Pharmaceuticals Ltd","","ACTIVE","OTC"
"AB Phylline Syrup","Acebrophylline (10mg/ml)","INRF-0346","","General Medicine","Sun Pharmaceutical Industries Ltd","30049099","12","","1","","0","bottle","","","Sun Pharmaceutical Industries Ltd","","ACTIVE","OTC"
"Azeflo FT Nasal Spray","Fluticasone Propionate (27.5mcg) + Azelastine (140mcg)","INRF-0347","","General Medicine","Lupin Ltd","30049099","12","","1","","0","strip","","","Lupin Ltd","","ACTIVE","OTC"
"Amicline Plus Tablet","Ornidazole (250mg) + Diloxanide (375mg)","INRF-0348","","Antiprotozoal","Franco-Indian Pharmaceuticals Pvt Ltd","30049099","12","","1","","0","tablet","","","Franco-Indian Pharmaceuticals Pvt Ltd","","ACTIVE","H1"
"Asthakind Tablet","Guaifenesin (100mg) + Terbutaline (2.5mg)","INRF-0349","","General Medicine","Mankind Pharma Ltd","30049099","12","","1","","0","tablet","","","Mankind Pharma Ltd","","ACTIVE","OTC"
"Aprezo 10 Tablet","Apremilast (10mg)","INRF-0350","","General Medicine","Glenmark Pharmaceuticals Ltd","30049099","12","","1","","0","tablet","","","Glenmark Pharmaceuticals Ltd","","ACTIVE","OTC"
"Allrite DC Tablet ER","Levocetirizine (5mg) + Phenylephrine (20mg)","INRF-0351","","Antihistamine","Zydus Cadila","30049099","12","","1","","0","tablet","","","Zydus Cadila","","ACTIVE","OTC"
"Asthalin 2 Tablet","Salbutamol (2mg)","INRF-0352","","Respiratory","Cipla Ltd","30049099","12","","1","","0","tablet","","","Cipla Ltd","","ACTIVE","OTC"
"Aplazar Tablet","Alpha Ketoanalogue (200mg)","INRF-0353","","General Medicine","Steadfast Medishield Pvt Ltd","30049099","12","","1","","0","tablet","","","Steadfast Medishield Pvt Ltd","","ACTIVE","OTC"
"Amaryl M Forte 1mg Tablet PR","Glimepiride (1mg) + Metformin (1000mg)","INRF-0354","","Antidiabetic","Sanofi India Ltd","30049099","12","","1","","0","tablet","","","Sanofi India Ltd","","ACTIVE","OTC"
"Amicline Tablet","Diloxanide (500mg)","INRF-0355","","General Medicine","Franco-Indian Pharmaceuticals Pvt Ltd","30049099","12","","1","","0","tablet","","","Franco-Indian Pharmaceuticals Pvt Ltd","","ACTIVE","OTC"
"Acivir IV Injection","Acyclovir (25mg/ml)","INRF-0356","","General Medicine","Cipla Ltd","30049099","12","","1","","0","vial","","","Cipla Ltd","","ACTIVE","OTC"
"Apidra Solostar 100IU/ml Injection","Insulin Glulisine (100IU/ml)","INRF-0357","","Antidiabetic","Sanofi India Ltd","30049099","12","","1","","0","bottle","","","Sanofi India Ltd","","ACTIVE","OTC"
"Afoglip M 500 Tablet ER","Metformin (500mg) + Teneligliptin (20mg)","INRF-0358","","Antidiabetic","Torrent Pharmaceuticals Ltd","30049099","12","","1","","0","tablet","","","Torrent Pharmaceuticals Ltd","","ACTIVE","OTC"
"Amlozaar Tablet","Losartan (50mg) + Amlodipine (5mg)","INRF-0359","","Cardiovascular","Micro Labs Ltd","30049099","12","","1","","0","tablet","","","Micro Labs Ltd","","ACTIVE","OTC"
"Abel 40 Tablet","Azilsartan medoxomil (40mg)","INRF-0360","","General Medicine","Lupin Ltd","30049099","12","","1","","0","tablet","","","Lupin Ltd","","ACTIVE","OTC"
"Acolate Plus Tablet","Levocetirizine (5mg) + Phenylephrine (5mg)","INRF-0361","","Antihistamine","Gujarat Terce Laboratories Ltd","30049099","12","","1","","0","tablet","","","Gujarat Terce Laboratories Ltd","","ACTIVE","OTC"
"Ampilox DS Tablet","Ampicillin (500mg) + Dicloxacillin (500mg)","INRF-0362","","General Medicine","Biochem Pharmaceutical Industries","30049099","12","","1","","0","tablet","","","Biochem Pharmaceutical Industries","","ACTIVE","OTC"
"Asthalin Rotacaps","Salbutamol (200mcg)","INRF-0363","","Respiratory","Cipla Ltd","30049099","12","","1","","0","pack","","","Cipla Ltd","","ACTIVE","OTC"
"Altacef 500 Tablet","Cefuroxime (500mg)","INRF-0364","","Antibiotic","Glenmark Pharmaceuticals Ltd","30049099","12","","1","","0","tablet","","","Glenmark Pharmaceuticals Ltd","","ACTIVE","H1"
"Ambistryn-S 0.75gm Injection","Streptomycin (0.75gm)","INRF-0365","","General Medicine","Abbott","30049099","12","","1","","0","vial","","","Abbott","","ACTIVE","OTC"
"Ambulax-ET Tablet","Etizolam (0.5mg) + Propranolol (20mg)","INRF-0366","","Cardiovascular","Unimarck Pharma India Ltd","30049099","12","","1","","0","tablet","","","Unimarck Pharma India Ltd","","ACTIVE","OTC"
"Alprax Forte 0.5 mg/50 mg Tablet","Alprazolam (0.5mg) + Sertraline (50mg)","INRF-0367","","CNS","Torrent Pharmaceuticals Ltd","30049099","12","","1","","0","tablet","","","Torrent Pharmaceuticals Ltd","","ACTIVE","H"
"Alsita-M 100 Tablet ER","Sitagliptin (100mg) + Metformin (500mg)","INRF-0368","","Antidiabetic","Alkem Laboratories Ltd","30049099","12","","1","","0","tablet","","","Alkem Laboratories Ltd","","ACTIVE","OTC"
"Axogurd NT Tablet SR","Pregabalin (75mg) + Nortriptyline (10mg)","INRF-0369","","CNS","Alembic Pharmaceuticals Ltd","30049099","12","","1","","0","tablet","","","Alembic Pharmaceuticals Ltd","","ACTIVE","H"
"Aclind BP 2.5% Gel","Benzoyl Peroxide (2.5% w/w) + Clindamycin (1% w/w)","INRF-0370","","General Medicine","Mohrish Pharmaceuticals","30049099","12","","1","","0","tube","","","Mohrish Pharmaceuticals","","ACTIVE","OTC"
"Anxiset 0.5 Tablet","Flupenthixol (0.5mg)","INRF-0371","","General Medicine","Obsurge Biotech Ltd","30049099","12","","1","","0","tablet","","","Obsurge Biotech Ltd","","ACTIVE","OTC"
"Atonide-H Cream","Hydrocortisone (1% w/w)","INRF-0372","","Corticosteroid","Curatio Healthcare India Pvt Ltd","30049099","12","","1","","0","tube","","","Curatio Healthcare India Pvt Ltd","","ACTIVE","H"
"Aldonil Tablet","Epalrestat (50mg)","INRF-0373","","General Medicine","Zydus Cadila","30049099","12","","1","","0","tablet","","","Zydus Cadila","","ACTIVE","OTC"
"Anticold Tablet","Chlorpheniramine Maleate (NA) + Phenylephrine (NA)","INRF-0374","","Antihistamine","Surya Pharmaceutical Ltd","30049099","12","","1","","0","tablet","","","Surya Pharmaceutical Ltd","","ACTIVE","OTC"
"Alcros 100 Capsule","Itraconazole (100mg)","INRF-0375","","Antifungal","Acme Generics LLP","30049099","12","","1","","0","capsule","","","Acme Generics LLP","","ACTIVE","OTC"
"A-Ret 0.05% Gel","Tretinoin (0.05% w/w)","INRF-0376","","General Medicine","A. Menarini India Pvt Ltd","30049099","12","","1","","0","tube","","","A. Menarini India Pvt Ltd","","ACTIVE","OTC"
"Adenosine 3mg Injection","Adenosine (3mg)","INRF-0377","","General Medicine","Samarth Life Sciences Pvt Ltd","30049099","12","","1","","0","vial","","","Samarth Life Sciences Pvt Ltd","","ACTIVE","OTC"
"Aziderm 10% Gel","Azelaic Acid (10% w/w)","INRF-0378","","General Medicine","Micro Labs Ltd","30049099","12","","1","","0","tube","","","Micro Labs Ltd","","ACTIVE","OTC"
"Avanair 200 Tablet","Avanafil (200mg)","INRF-0379","","General Medicine","Cipla Ltd","30049099","12","","1","","0","tablet","","","Cipla Ltd","","ACTIVE","OTC"
"Anafortan-MF 50mg/250mg Tablet","Camylofin (50mg) + Mefenamic Acid (250mg)","INRF-0380","","General Medicine","Abbott","30049099","12","","1","","0","tablet","","","Abbott","","ACTIVE","OTC"
"Aqsusten 25 Solution for Injection","Progesterone (Natural Micronized) (25mg)","INRF-0381","","General Medicine","Sun Pharmaceutical Industries Ltd","30049099","12","","1","","0","bottle","","","Sun Pharmaceutical Industries Ltd","","ACTIVE","OTC"
"Amicet 5 mg/60 mg Tablet","Levocetirizine (5mg) + Ambroxol (60mg)","INRF-0382","","Antihistamine","Leeford Healthcare Ltd","30049099","12","","1","","0","tablet","","","Leeford Healthcare Ltd","","ACTIVE","OTC"
"Anawin Heavy 5mg Injection","Bupivacaine (5mg)","INRF-0383","","General Medicine","Neon Laboratories Ltd","30049099","12","","1","","0","vial","","","Neon Laboratories Ltd","","ACTIVE","OTC"
"Aravon Injection","Edaravone (1.5mg)","INRF-0384","","General Medicine","Sun Pharmaceutical Industries Ltd","30049099","12","","1","","0","vial","","","Sun Pharmaceutical Industries Ltd","","ACTIVE","OTC"
"Anaspas 25mg Injection","Camylofin (25mg) + Diclofenac (25mg)","INRF-0385","","Analgesic","Abbott","30049099","12","","1","","0","vial","","","Abbott","","ACTIVE","OTC"
"Aquazide 25 Tablet","Hydrochlorothiazide (25mg)","INRF-0386","","Cardiovascular","Sun Pharmaceutical Industries Ltd","30049099","12","","1","","0","tablet","","","Sun Pharmaceutical Industries Ltd","","ACTIVE","OTC"
"Amplinak Opthalmic Suspension","Nepafenac (0.1% w/v)","INRF-0387","","General Medicine","Allergan India Pvt Ltd","30049099","12","","1","","0","bottle","","","Allergan India Pvt Ltd","","ACTIVE","OTC"
"Aplevant 1.5mg Pre-filled Pen (0.5ml Each)","Dulaglutide (1.5mg)","INRF-0388","","General Medicine","Lupin Ltd","30049099","12","","1","","0","bottle","","","Lupin Ltd","","ACTIVE","OTC"
"Ambrodil-XP Syrup","Acebrophylline (50mg/5ml)","INRF-0389","","General Medicine","Aristo Pharmaceuticals Pvt Ltd","30049099","12","","1","","0","bottle","","","Aristo Pharmaceuticals Pvt Ltd","","ACTIVE","OTC"
"Ascoril Flu Drops","Chlorpheniramine Maleate (1mg/ml) + Phenylephrine (2.5mg/ml)","INRF-0390","","Antihistamine","Glenmark Pharmaceuticals Ltd","30049099","12","","1","","0","bottle","","","Glenmark Pharmaceuticals Ltd","","ACTIVE","OTC"
"Atharv Healthcare Minrav 5 Minoxidil 5% Topical Solution","Minoxidil (5% w/v)","INRF-0391","","General Medicine","Atharv Healthcare","30049099","12","","1","","0","bottle","","","Atharv Healthcare","","ACTIVE","OTC"
"Antidep 25mg Tablet","Imipramine (25mg)","INRF-0392","","General Medicine","Torrent Pharmaceuticals Ltd","30049099","12","","1","","0","tablet","","","Torrent Pharmaceuticals Ltd","","ACTIVE","OTC"
"Artificial Tears BP Eye Drop","Hydroxypropylmethylcellulose (0.3% w/v)","INRF-0393","","General Medicine","Sunways India Pvt Ltd","30049099","12","","1","","0","strip","","","Sunways India Pvt Ltd","","ACTIVE","OTC"
"Anfoe 10000IU Injection","Recombinant Human Erythropoietin Alfa (10000IU)","INRF-0394","","General Medicine","La Renon Healthcare Pvt Ltd","30049099","12","","1","","0","vial","","","La Renon Healthcare Pvt Ltd","","ACTIVE","OTC"
"Ampoxin 250 Capsule","Ampicillin (125mg) + Cloxacillin (125mg)","INRF-0395","","General Medicine","Torrent Pharmaceuticals Ltd","30049099","12","","1","","0","capsule","","","Torrent Pharmaceuticals Ltd","","ACTIVE","OTC"
"Anti-Thyrox 10 Tablet","Carbimazole (10mg)","INRF-0396","","Thyroid","Macleods Pharmaceuticals Pvt Ltd","30049099","12","","1","","0","tablet","","","Macleods Pharmaceuticals Pvt Ltd","","ACTIVE","OTC"
"Astymin-SN Infusion","L-Leucine (5.6mg) + L-Isoleucine (12.5mg)","INRF-0397","","General Medicine","Tablets India Limited","30049099","12","","1","","0","strip","","","Tablets India Limited","","ACTIVE","OTC"
"Asomex-AT Tablet","Amlodipine (2.5mg) + Atenolol (50mg)","INRF-0398","","Cardiovascular","Emcure Pharmaceuticals Ltd","30049099","12","","1","","0","tablet","","","Emcure Pharmaceuticals Ltd","","ACTIVE","OTC"
"Acidose 500mg Tablet","Sodium Bicarbonate (500mg)","INRF-0399","","General Medicine","Renauxe Pharma India Pvt Ltd","30049099","12","","1","","0","tablet","","","Renauxe Pharma India Pvt Ltd","","ACTIVE","OTC"
"AB-Next Gel","Adapalene (0.1% w/w) + Benzoyl Peroxide (2.5% w/w)","INRF-0400","","General Medicine","Lupin Ltd","30049099","12","","1","","0","tube","","","Lupin Ltd","","ACTIVE","OTC"
"Aqua Ear Drop","Lidocaine (2% w/v) + Beclometasone (0.025% w/v)","INRF-0401","","General Medicine","Leeford Healthcare Ltd","30049099","12","","1","","0","strip","","","Leeford Healthcare Ltd","","ACTIVE","OTC"
"Acnesol 1% solution","Clindamycin (1% w/v)","INRF-0402","","General Medicine","Systopic Laboratories Pvt Ltd","30049099","12","","1","","0","bottle","","","Systopic Laboratories Pvt Ltd","","ACTIVE","OTC"
"Antiflu 12mg/ml Syrup","Oseltamivir Phosphate (12mg/ml)","INRF-0403","","General Medicine","Cipla Ltd","30049099","12","","1","","0","bottle","","","Cipla Ltd","","ACTIVE","OTC"
"Asiclopam Tablet","Clonazepam (0.5mg) + Escitalopram Oxalate (10mg)","INRF-0404","","CNS","Leeford Healthcare Ltd","30049099","12","","1","","0","tablet","","","Leeford Healthcare Ltd","","ACTIVE","H"
"Amrox-LS Junior Syrup","Levosalbutamol (0.5mg) + Ambroxol (15mg)","INRF-0405","","Respiratory","Leeford Healthcare Ltd","30049099","12","","1","","0","bottle","","","Leeford Healthcare Ltd","","ACTIVE","OTC"
"Alcarex Eye Drop","Alcaftadine (0.25% w/v)","INRF-0406","","General Medicine","Ajanta Pharma Ltd","30049099","12","","1","","0","strip","","","Ajanta Pharma Ltd","","ACTIVE","OTC"
"Almefkem Spas 10mg/250mg Tablet","Dicyclomine (10mg) + Mefenamic Acid (250mg)","INRF-0407","","General Medicine","Alkem Laboratories Ltd","30049099","12","","1","","0","tablet","","","Alkem Laboratories Ltd","","ACTIVE","OTC"
"Albutamol Neo Syrup","Etofylline (50mg) + Salbutamol (1mg)","INRF-0408","","Respiratory","Centaur Pharmaceuticals Pvt Ltd","30049099","12","","1","","0","bottle","","","Centaur Pharmaceuticals Pvt Ltd","","ACTIVE","OTC"
"Arbitel-H Tablet","Telmisartan (40mg) + Hydrochlorothiazide (12.5mg)","INRF-0409","","Cardiovascular","Micro Labs Ltd","30049099","12","","1","","0","tablet","","","Micro Labs Ltd","","ACTIVE","OTC"
"Aziderm 15% Gel","Azelaic Acid (15% w/w)","INRF-0410","","General Medicine","Micro Labs Ltd","30049099","12","","1","","0","tube","","","Micro Labs Ltd","","ACTIVE","OTC"
"Axcer 60mg Tablet","Ticagrelor (60mg)","INRF-0411","","General Medicine","Sun Pharmaceutical Industries Ltd","30049099","12","","1","","0","tablet","","","Sun Pharmaceutical Industries Ltd","","ACTIVE","OTC"
"Abiways-M Tablet SR","Acebrophylline (200mg) + Montelukast (10mg)","INRF-0412","","Respiratory","Mankind Pharma Ltd","30049099","12","","1","","0","tablet","","","Mankind Pharma Ltd","","ACTIVE","OTC"
"Amlopres L Tablet","Amlodipine (5mg) + Lisinopril (5mg)","INRF-0413","","Cardiovascular","Cipla Ltd","30049099","12","","1","","0","tablet","","","Cipla Ltd","","ACTIVE","OTC"
"Amifru Plus Tablet","Torasemide (10mg) + Amiloride (5mg)","INRF-0414","","General Medicine","Torrent Pharmaceuticals Ltd","30049099","12","","1","","0","tablet","","","Torrent Pharmaceuticals Ltd","","ACTIVE","OTC"
"Armotraz Tablet","Anastrozole (1mg)","INRF-0415","","General Medicine","Cipla Ltd","30049099","12","","1","","0","tablet","","","Cipla Ltd","","ACTIVE","OTC"
"Aldigesic TH 100mg/4mg Tablet","Aceclofenac (100mg) + Thiocolchicoside (4mg)","INRF-0416","","Analgesic","Alkem Laboratories Ltd","30049099","12","","1","","0","tablet","","","Alkem Laboratories Ltd","","ACTIVE","OTC"
"Arbitel-MT 50 Tablet ER","Telmisartan (40mg) + Metoprolol Succinate (50mg)","INRF-0417","","Cardiovascular","Micro Labs Ltd","30049099","12","","1","","0","tablet","","","Micro Labs Ltd","","ACTIVE","OTC"
"Amiject 500mg Injection","Amikacin (500mg)","INRF-0418","","General Medicine","Alkem Laboratories Ltd","30049099","12","","1","","0","vial","","","Alkem Laboratories Ltd","","ACTIVE","OTC"
"Aten-D Tablet","Atenolol (50mg) + Indapamide (2.5mg)","INRF-0419","","Cardiovascular","Zydus Cadila","30049099","12","","1","","0","tablet","","","Zydus Cadila","","ACTIVE","OTC"
"Altonil 5 Tablet MD","Melatonin (5mg)","INRF-0420","","General Medicine","Alteus Biogenics Pvt Ltd","30049099","12","","1","","0","tablet","","","Alteus Biogenics Pvt Ltd","","ACTIVE","OTC"
"Addphos Granules","Sodium acid phosphate (1.936gm)","INRF-0421","","General Medicine","Steadfast Medishield Pvt Ltd","30049099","12","","1","","0","sachet","","","Steadfast Medishield Pvt Ltd","","ACTIVE","OTC"
"Alkof LS Syrup","Cetirizine (5mg) + Dextromethorphan Hydrobromide (10mg)","INRF-0422","","Antihistamine","Alkem Laboratories Ltd","30049099","12","","1","","0","bottle","","","Alkem Laboratories Ltd","","ACTIVE","OTC"
"Alsita 50mg Tablet","Sitagliptin (50mg)","INRF-0423","","Antidiabetic","Alkem Laboratories Ltd","30049099","12","","1","","0","tablet","","","Alkem Laboratories Ltd","","ACTIVE","OTC"
"Apdrops KT 0.4 Eye Drops BAK Free","Ketorolac (0.4% w/v) + Moxifloxacin (0.5% w/v)","INRF-0424","","General Medicine","Ajanta Pharma Ltd","30049099","12","","1","","0","bottle","","","Ajanta Pharma Ltd","","ACTIVE","OTC"
"Aprezo 20 Tablet","Apremilast (20mg)","INRF-0425","","General Medicine","Glenmark Pharmaceuticals Ltd","30049099","12","","1","","0","tablet","","","Glenmark Pharmaceuticals Ltd","","ACTIVE","OTC"
"Actibile 150 Tablet","Ursodeoxycholic Acid (150mg)","INRF-0426","","General Medicine","Zydus Cadila","30049099","12","","1","","0","tablet","","","Zydus Cadila","","ACTIVE","OTC"
"Allercet Cold Syrup","Chlorpheniramine Maleate (2mg/5ml) + Phenylephrine (5mg/5ml)","INRF-0427","","Antihistamine","Micro Labs Ltd","30049099","12","","1","","0","bottle","","","Micro Labs Ltd","","ACTIVE","OTC"
"Aloja 25 Tablet","Alogliptin (25mg)","INRF-0428","","General Medicine","Indoco Remedies Ltd","30049099","12","","1","","0","tablet","","","Indoco Remedies Ltd","","ACTIVE","OTC"
"Arbitel-CT 40 Tablet","Telmisartan (40mg) + Chlorthalidone (12.5mg)","INRF-0429","","Cardiovascular","Micro Labs Ltd","30049099","12","","1","","0","tablet","","","Micro Labs Ltd","","ACTIVE","OTC"
"Anthocyn-TX Tablet","Tranexamic Acid (250mg) + Glutathione (50mg)","INRF-0430","","General Medicine","Alniche Life Sciences Pvt Ltd","30049099","12","","1","","0","tablet","","","Alniche Life Sciences Pvt Ltd","","ACTIVE","OTC"
"Aztor 5 Tablet","Atorvastatin (5mg)","INRF-0431","","Lipid lowering","Sun Pharmaceutical Industries Ltd","30049099","12","","1","","0","tablet","","","Sun Pharmaceutical Industries Ltd","","ACTIVE","OTC"
"Avastin 100mg Injection","Bevacizumab (100mg)","INRF-0432","","General Medicine","Roche Products India Pvt Ltd","30049099","12","","1","","0","vial","","","Roche Products India Pvt Ltd","","ACTIVE","OTC"
"Arpimune ME 50mg Capsule","Ciclosporin (50mg)","INRF-0433","","General Medicine","RPG Life Sciences Ltd","30049099","12","","1","","0","tube","","","RPG Life Sciences Ltd","","ACTIVE","OTC"
"Analiv 500 Tablet","L-Ornithine L-Aspartate (500mg)","INRF-0434","","General Medicine","Systopic Laboratories Pvt Ltd","30049099","12","","1","","0","tablet","","","Systopic Laboratories Pvt Ltd","","ACTIVE","OTC"
"Aminophylline 250mg Injection","Aminophylline (25mg/ml)","INRF-0435","","General Medicine","Harson Laboratories","30049099","12","","1","","0","vial","","","Harson Laboratories","","ACTIVE","OTC"
"Ambrican 5 Tablet","Ambrisentan (5mg)","INRF-0436","","General Medicine","Lupin Ltd","30049099","12","","1","","0","tablet","","","Lupin Ltd","","ACTIVE","OTC"
"Arkamin H Tablet","Clonidine (100mcg) + Hydrochlorothiazide (20mg)","INRF-0437","","Cardiovascular","Torrent Pharmaceuticals Ltd","30049099","12","","1","","0","tablet","","","Torrent Pharmaceuticals Ltd","","ACTIVE","OTC"
"Alphagan P Eye Drop","Brimonidine (0.15% w/v) + Stabilized Oxychloro (0.005% w/v)","INRF-0438","","General Medicine","Allergan India Pvt Ltd","30049099","12","","1","","0","strip","","","Allergan India Pvt Ltd","","ACTIVE","OTC"
"Arzep Nasal Spray","Azelastine (0.1% w/v)","INRF-0439","","General Medicine","Zydus Cadila","30049099","12","","1","","0","strip","","","Zydus Cadila","","ACTIVE","OTC"
"Angizem CD 90 Capsule ER","Diltiazem (90mg)","INRF-0440","","General Medicine","Sun Pharmaceutical Industries Ltd","30049099","12","","1","","0","capsule","","","Sun Pharmaceutical Industries Ltd","","ACTIVE","OTC"
"Azovas 16mg Tablet","Azelnidipine (16mg)","INRF-0441","","General Medicine","J B Chemicals and Pharmaceuticals Ltd","30049099","12","","1","","0","tablet","","","J B Chemicals and Pharmaceuticals Ltd","","ACTIVE","OTC"
"Advent 457mg Tablet DT","Amoxycillin (400mg) + Clavulanic Acid (57mg)","INRF-0442","","Antibiotic","Cipla Ltd","30049099","12","","1","","0","tablet","","","Cipla Ltd","","ACTIVE","H1"
"Alcros 200 Capsule","Itraconazole (200mg)","INRF-0443","","Antifungal","Acme Generics LLP","30049099","12","","1","","0","capsule","","","Acme Generics LLP","","ACTIVE","OTC"
"Aztogold 10 Capsule","Aspirin (75mg) + Atorvastatin (10mg)","INRF-0444","","Analgesic","Sun Pharmaceutical Industries Ltd","30049099","12","","1","","0","capsule","","","Sun Pharmaceutical Industries Ltd","","ACTIVE","OTC"
"Alcoban 500mg Tablet","Disulfiram (500mg)","INRF-0445","","General Medicine","Elixir Life Care Pvt Ltd","30049099","12","","1","","0","tablet","","","Elixir Life Care Pvt Ltd","","ACTIVE","OTC"
"Arvast-A 75 Capsule","Rosuvastatin (10mg) + Aspirin (75mg)","INRF-0446","","Analgesic","Intas Pharmaceuticals Ltd","30049099","12","","1","","0","capsule","","","Intas Pharmaceuticals Ltd","","ACTIVE","OTC"
"Afoglip Tablet","Teneligliptin (20mg)","INRF-0447","","General Medicine","Torrent Pharmaceuticals Ltd","30049099","12","","1","","0","tablet","","","Torrent Pharmaceuticals Ltd","","ACTIVE","OTC"
"Acegaba NT 400mg/10mg Tablet","Gabapentin (400mg) + Nortriptyline (10mg)","INRF-0448","","CNS","Emcure Pharmaceuticals Ltd","30049099","12","","1","","0","tablet","","","Emcure Pharmaceuticals Ltd","","ACTIVE","H"
"Alerid Cold Tablet","Cetirizine (5mg) + Paracetamol (325mg)","INRF-0449","","Analgesic","Cipla Ltd","30049099","12","","1","","0","tablet","","","Cipla Ltd","","ACTIVE","OTC"
"Acolate Tablet","Caffeine (30mg) + Paracetamol (325mg)","INRF-0450","","Analgesic","Gujarat Terce Laboratories Ltd","30049099","12","","1","","0","tablet","","","Gujarat Terce Laboratories Ltd","","ACTIVE","OTC"
"Antoxid E Softgel Capsule","Vitamin E (400mg)","INRF-0451","","Vitamin / Mineral","Dr Reddy's Laboratories Ltd","30049099","12","","1","","0","tube","","","Dr Reddy's Laboratories Ltd","","ACTIVE","OTC"
"Agoprex Tablet","Agomelatine (25mg)","INRF-0452","","General Medicine","Sun Pharmaceutical Industries Ltd","30049099","12","","1","","0","tablet","","","Sun Pharmaceutical Industries Ltd","","ACTIVE","OTC"
"Alkem Piroxicam Injection","Piroxicam (20mg)","INRF-0453","","Analgesic","Alkem Laboratories Ltd","30049099","12","","1","","0","vial","","","Alkem Laboratories Ltd","","ACTIVE","OTC"
"AF 300 Tablet","Fluconazole (300mg)","INRF-0454","","Antifungal","Systopic Laboratories Pvt Ltd","30049099","12","","1","","0","tablet","","","Systopic Laboratories Pvt Ltd","","ACTIVE","OTC"
"Alaspan AG Syrup","Loratadine (5mg/5ml) + Guaifenesin (50mg/5ml)","INRF-0455","","Antihistamine","Fulford India Ltd","30049099","12","","1","","0","bottle","","","Fulford India Ltd","","ACTIVE","OTC"
"Asthalin AX JR Expectorant","Ambroxol (15mg) + Levosalbutamol (0.5mg)","INRF-0456","","Respiratory","Cipla Ltd","30049099","12","","1","","0","strip","","","Cipla Ltd","","ACTIVE","OTC"
"Ambizyme 300mg Tablet","Hydroxyquinolines (300mg)","INRF-0457","","General Medicine","Emcee Pharmaceuticals Pvt Ltd","30049099","12","","1","","0","tablet","","","Emcee Pharmaceuticals Pvt Ltd","","ACTIVE","OTC"
"Alerfri Tablet","Chlorpheniramine Maleate (2mg) + Paracetamol (325mg)","INRF-0458","","Analgesic","Navil Laboratories Pvt Ltd","30049099","12","","1","","0","tablet","","","Navil Laboratories Pvt Ltd","","ACTIVE","OTC"
"Azenam 1gm Injection","Aztreonam (1gm)","INRF-0459","","General Medicine","Aristo Pharmaceuticals Pvt Ltd","30049099","12","","1","","0","vial","","","Aristo Pharmaceuticals Pvt Ltd","","ACTIVE","OTC"
"Alkarate Liquid","Disodium Hydrogen Citrate (1.37gm/5ml)","INRF-0460","","General Medicine","Macleods Pharmaceuticals Pvt Ltd","30049099","12","","1","","0","strip","","","Macleods Pharmaceuticals Pvt Ltd","","ACTIVE","OTC"
"Alprax Plus Tablet SR","Alprazolam (0.5mg) + Sertraline (25mg)","INRF-0461","","CNS","Torrent Pharmaceuticals Ltd","30049099","12","","1","","0","tablet","","","Torrent Pharmaceuticals Ltd","","ACTIVE","H"
"Arachitol 3L Injection","Vitamin D3 (300000IU)","INRF-0462","","Vitamin / Mineral","Abbott","30049099","12","","1","","0","vial","","","Abbott","","ACTIVE","OTC"
"Amtas-M 25 Tablet PR","Amlodipine (5mg) + Metoprolol Succinate (25mg)","INRF-0463","","Cardiovascular","Intas Pharmaceuticals Ltd","30049099","12","","1","","0","tablet","","","Intas Pharmaceuticals Ltd","","ACTIVE","OTC"
"Ampoxin 1gm Injection","Ampicillin (500mg) + Cloxacillin (500mg)","INRF-0464","","General Medicine","Torrent Pharmaceuticals Ltd","30049099","12","","1","","0","vial","","","Torrent Pharmaceuticals Ltd","","ACTIVE","OTC"
"Aspirin 300mg Tablet","Aspirin (300mg)","INRF-0465","","Analgesic","Bini Laboratories Pvt Ltd","30049099","12","","1","","0","tablet","","","Bini Laboratories Pvt Ltd","","ACTIVE","OTC"
"Akurit Tablet","Rifampicin (150mg) + Isoniazid (75mg)","INRF-0466","","General Medicine","Lupin Ltd","30049099","12","","1","","0","tablet","","","Lupin Ltd","","ACTIVE","OTC"
"Agna 10000 Capsule DR","Pancreatin (170mg)","INRF-0467","","General Medicine","Dr Reddy's Laboratories Ltd","30049099","12","","1","","0","capsule","","","Dr Reddy's Laboratories Ltd","","ACTIVE","OTC"
"Altonil Plus 5 Tablet","Melatonin (5mg) + Clonazepam (0.5mg)","INRF-0468","","CNS","Alteus Biogenics Pvt Ltd","30049099","12","","1","","0","tablet","","","Alteus Biogenics Pvt Ltd","","ACTIVE","H"
"Acimol-SP Tablet","Aceclofenac (100mg) + Serratiopeptidase (15mg)","INRF-0469","","Analgesic","Leeford Healthcare Ltd","30049099","12","","1","","0","tablet","","","Leeford Healthcare Ltd","","ACTIVE","OTC"
"Airtec FB 400 Instacap","Formoterol (6mcg) + Budesonide (400mcg)","INRF-0470","","Respiratory","Glenmark Pharmaceuticals Ltd","30049099","12","","1","","0","strip","","","Glenmark Pharmaceuticals Ltd","","ACTIVE","OTC"
"Armod 50 Tablet","Armodafinil (50mg)","INRF-0471","","General Medicine","Emcure Pharmaceuticals Ltd","30049099","12","","1","","0","tablet","","","Emcure Pharmaceuticals Ltd","","ACTIVE","OTC"
"Alcros SB 50 Capsule","Itraconazole (50mg)","INRF-0472","","Antifungal","Sun Pharmaceutical Industries Ltd","30049099","12","","1","","0","capsule","","","Sun Pharmaceutical Industries Ltd","","ACTIVE","OTC"
"Alkem Cold 5 mg/500 mg/5 mg Tablet","Cetirizine (5mg) + Paracetamol (500mg)","INRF-0473","","Analgesic","Alkem Laboratories Ltd","30049099","12","","1","","0","tablet","","","Alkem Laboratories Ltd","","ACTIVE","OTC"
"Azovas T 40 Tablet","Telmisartan (40mg) + Azelnidipine (8mg)","INRF-0474","","Cardiovascular","J B Chemicals and Pharmaceuticals Ltd","30049099","12","","1","","0","tablet","","","J B Chemicals and Pharmaceuticals Ltd","","ACTIVE","OTC"
"A-Ret 0.025% Gel","Tretinoin (0.025% w/w)","INRF-0475","","General Medicine","A. Menarini India Pvt Ltd","30049099","12","","1","","0","tube","","","A. Menarini India Pvt Ltd","","ACTIVE","OTC"
"Anafortan Drop","Camylofin (20mg/ml)","INRF-0476","","General Medicine","Abbott","30049099","12","","1","","0","strip","","","Abbott","","ACTIVE","OTC"
"Asomex-TM Tablet","S-Amlodipine (2.5mg) + Telmisartan (40mg)","INRF-0477","","Cardiovascular","Emcure Pharmaceuticals Ltd","30049099","12","","1","","0","tablet","","","Emcure Pharmaceuticals Ltd","","ACTIVE","OTC"
"Aloatm 5% Solution","Minoxidil (5% w/v) + Azelaic Acid (1.5% w/v)","INRF-0478","","General Medicine","Intas Pharmaceuticals Ltd","30049099","12","","1","","0","bottle","","","Intas Pharmaceuticals Ltd","","ACTIVE","OTC"
"Alprax 1mg Tablet SR","Alprazolam (1mg)","INRF-0479","","CNS","Torrent Pharmaceuticals Ltd","30049099","12","","1","","0","tablet","","","Torrent Pharmaceuticals Ltd","","ACTIVE","H"
"Alzil-M 10 Tablet","Donepezil (5mg) + Memantine (10mg)","INRF-0480","","General Medicine","Intas Pharmaceuticals Ltd","30049099","12","","1","","0","tablet","","","Intas Pharmaceuticals Ltd","","ACTIVE","OTC"
"Ageless Tablet","Benfotiamine (50mg) + Levo-carnitine (50mg)","INRF-0481","","General Medicine","Apex Laboratories Pvt Ltd","30049099","12","","1","","0","tube","","","Apex Laboratories Pvt Ltd","","ACTIVE","OTC"
"Apdrops DM Eye Drop","Moxifloxacin (0.5% w/v) + Dexamethasone (0.1% w/v)","INRF-0482","","Corticosteroid","Ajanta Pharma Ltd","30049099","12","","1","","0","bottle","","","Ajanta Pharma Ltd","","ACTIVE","H"
"Aminowel Infusion","Amino Acids (5% w/v)","INRF-0483","","General Medicine","Fresenius Kabi India Pvt Ltd","30049099","12","","1","","0","strip","","","Fresenius Kabi India Pvt Ltd","","ACTIVE","OTC"
"Amnurite Beta 10/40 ER Tablet","Amitriptyline (10mg) + Propranolol (40mg)","INRF-0484","","Cardiovascular","Health N U Therapeutics Pvt Ltd","30049099","12","","1","","0","tablet","","","Health N U Therapeutics Pvt Ltd","","ACTIVE","OTC"
"Asklerol 3% Injection","Polidocanol (30mg)","INRF-0485","","General Medicine","Samarth Life Sciences Pvt Ltd","30049099","12","","1","","0","vial","","","Samarth Life Sciences Pvt Ltd","","ACTIVE","OTC"
"Altonil 10 Tablet","Melatonin (10mg)","INRF-0486","","General Medicine","Alteus Biogenics Pvt Ltd","30049099","12","","1","","0","tablet","","","Alteus Biogenics Pvt Ltd","","ACTIVE","OTC"
"Altonil Plus 10 Tablet","Melatonin (10mg) + Clonazepam (0.5mg)","INRF-0487","","CNS","Alteus Biogenics Pvt Ltd","30049099","12","","1","","0","tablet","","","Alteus Biogenics Pvt Ltd","","ACTIVE","H"
"Ampanel 4 Tablet","Perampanel (4mg)","INRF-0488","","General Medicine","Sun Pharmaceutical Industries Ltd","30049099","12","","1","","0","tablet","","","Sun Pharmaceutical Industries Ltd","","ACTIVE","OTC"
"Albutamol Syrup","Salbutamol (NA) + Etofylline (NA)","INRF-0489","","Respiratory","Centaur Pharmaceuticals Pvt Ltd","30049099","12","","1","","0","bottle","","","Centaur Pharmaceuticals Pvt Ltd","","ACTIVE","OTC"
"Aztor EZ Tablet","Atorvastatin (10mg) + Ezetimibe (10mg)","INRF-0490","","Lipid lowering","Sun Pharmaceutical Industries Ltd","30049099","12","","1","","0","tablet","","","Sun Pharmaceutical Industries Ltd","","ACTIVE","OTC"
"Alfakit Tablet","Alpha Ketoanalogue (NA)","INRF-0491","","General Medicine","Wewell Biotech Pvt Ltd","30049099","12","","1","","0","tablet","","","Wewell Biotech Pvt Ltd","","ACTIVE","OTC"
"Arbitel-MT 25 Tablet ER","Telmisartan (40mg) + Metoprolol Succinate (25mg)","INRF-0492","","Cardiovascular","Micro Labs Ltd","30049099","12","","1","","0","tablet","","","Micro Labs Ltd","","ACTIVE","OTC"
"Absolut DM Capsule","Methylcobalamin (1500mcg) + Alpha Lipoic Acid (100mg)","INRF-0493","","General Medicine","Pharmed Ltd","30049099","12","","1","","0","capsule","","","Pharmed Ltd","","ACTIVE","OTC"
"Avoprost D 8mg/0.5mg Capsule","Silodosin (8mg) + Dutasteride (0.5mg)","INRF-0494","","General Medicine","Micro Labs Ltd","30049099","12","","1","","0","capsule","","","Micro Labs Ltd","","ACTIVE","OTC"
"Arbitel-AV Tablet","Telmisartan (40mg) + Atorvastatin (10mg)","INRF-0495","","Cardiovascular","Micro Labs Ltd","30049099","12","","1","","0","tablet","","","Micro Labs Ltd","","ACTIVE","OTC"
"Aquasurge Max Eye Drop","Carboxymethylcellulose (1% w/v)","INRF-0496","","General Medicine","Ipca Laboratories Ltd","30049099","12","","1","","0","strip","","","Ipca Laboratories Ltd","","ACTIVE","OTC"
"Androgel","Testosterone (1% w/w)","INRF-0497","","General Medicine","Besins Healthcare India Pvt Ltd","30049099","12","","1","","0","tube","","","Besins Healthcare India Pvt Ltd","","ACTIVE","H"
"Aldactone T 10 Tablet","Spironolactone (50mg) + Torasemide (10mg)","INRF-0498","","Cardiovascular","RPG Life Sciences Ltd","30049099","12","","1","","0","tablet","","","RPG Life Sciences Ltd","","ACTIVE","OTC"
"Addkay Tablet PR","Potassium Chloride (750mg)","INRF-0499","","General Medicine","Steadfast Medishield Pvt Ltd","30049099","12","","1","","0","tablet","","","Steadfast Medishield Pvt Ltd","","ACTIVE","OTC"
"Aggribloc 5mg Infusion","Tirofiban (5mg)","INRF-0500","","General Medicine","Abbott","30049099","12","","1","","0","strip","","","Abbott","","ACTIVE","OTC"
"Althrocin 100mg Drop","Erythromycin (100mg)","INRF-0501","","Antibiotic","Alembic Pharmaceuticals Ltd","30049099","12","","1","","0","strip","","","Alembic Pharmaceuticals Ltd","","ACTIVE","H1"
"Alsita-M 100 Forte Tablet ER","Sitagliptin (100mg) + Metformin (1000mg)","INRF-0502","","Antidiabetic","Alkem Laboratories Ltd","30049099","12","","1","","0","tablet","","","Alkem Laboratories Ltd","","ACTIVE","OTC"
"Amicet Plus Tablet","Ambroxol (60mg) + Phenylephrine (5mg)","INRF-0503","","General Medicine","Leeford Healthcare Ltd","30049099","12","","1","","0","tablet","","","Leeford Healthcare Ltd","","ACTIVE","OTC"
"Atorlip-ASP 20 Capsule","Atorvastatin (20mg) + Aspirin (75mg)","INRF-0504","","Analgesic","Cipla Ltd","30049099","12","","1","","0","capsule","","","Cipla Ltd","","ACTIVE","OTC"
"Acutrol C 400 Tablet","Sevelamer (400mg)","INRF-0505","","General Medicine","Intas Pharmaceuticals Ltd","30049099","12","","1","","0","tablet","","","Intas Pharmaceuticals Ltd","","ACTIVE","OTC"
"Almefkem-D Tablet","Drotaverine (80mg) + Mefenamic Acid (250mg)","INRF-0506","","General Medicine","Alkem Laboratories Ltd","30049099","12","","1","","0","tablet","","","Alkem Laboratories Ltd","","ACTIVE","OTC"
"Anfoe 4000IU Injection","Recombinant Human Erythropoietin Alfa (4000IU)","INRF-0507","","General Medicine","La Renon Healthcare Pvt Ltd","30049099","12","","1","","0","vial","","","La Renon Healthcare Pvt Ltd","","ACTIVE","OTC"
"Auxerg Cream","Oxiconazole (10mg)","INRF-0508","","General Medicine","Cipla Ltd","30049099","12","","1","","0","tube","","","Cipla Ltd","","ACTIVE","OTC"
"Ata Tablet","Bilastine (20mg)","INRF-0509","","General Medicine","FDC Ltd","30049099","12","","1","","0","tablet","","","FDC Ltd","","ACTIVE","OTC"
"Amisant 200 Tablet","Amisulpride (200mg)","INRF-0510","","General Medicine","Pfizer Ltd","30049099","12","","1","","0","tablet","","","Pfizer Ltd","","ACTIVE","OTC"
"Andre Plus Eye Drops","Naphazoline (0.056% w/v) + Chlorpheniramine Maleate (0.01% w/v)","INRF-0511","","Antihistamine","Intas Pharmaceuticals Ltd","30049099","12","","1","","0","bottle","","","Intas Pharmaceuticals Ltd","","ACTIVE","OTC"
"Arbitel 20 Tablet","Telmisartan (20mg)","INRF-0512","","Cardiovascular","Micro Labs Ltd","30049099","12","","1","","0","tablet","","","Micro Labs Ltd","","ACTIVE","OTC"
"Acrotac 10mg Capsule","Acitretin (10mg)","INRF-0513","","General Medicine","Sun Pharmaceutical Industries Ltd","30049099","12","","1","","0","capsule","","","Sun Pharmaceutical Industries Ltd","","ACTIVE","OTC"
"Ara Eye Gel","Hydroxypropylmethylcellulose (0.3% w/w)","INRF-0514","","General Medicine","Sunways India Pvt Ltd","30049099","12","","1","","0","tube","","","Sunways India Pvt Ltd","","ACTIVE","OTC"
"Aricep 10 Tablet","Donepezil (10mg)","INRF-0515","","General Medicine","Eisai Pharmaceuticals India Pvt Ltd","30049099","12","","1","","0","tablet","","","Eisai Pharmaceuticals India Pvt Ltd","","ACTIVE","OTC"
"AD 10mg Sachet","Racecadotril (10mg)","INRF-0516","","General Medicine","Hetero Drugs Ltd","30049099","12","","1","","0","sachet","","","Hetero Drugs Ltd","","ACTIVE","OTC"
"A Ret HC Cream","Hydroquinone (2% w/w) + Tretinoin (0.05% w/w)","INRF-0517","","General Medicine","A. Menarini India Pvt Ltd","30049099","12","","1","","0","tube","","","A. Menarini India Pvt Ltd","","ACTIVE","OTC"
"Arifine 2.5 Tablet","Aripiprazole (2.5mg)","INRF-0518","","General Medicine","Icon Life Sciences","30049099","12","","1","","0","tablet","","","Icon Life Sciences","","ACTIVE","OTC"
"Acetik-HC Ear Drop","Hydrocortisone (1% w/v) + Acetic acid (2% w/v)","INRF-0519","","Corticosteroid","NuLife Pharmaceuticals","30049099","12","","1","","0","strip","","","NuLife Pharmaceuticals","","ACTIVE","H"
"Airtec FB 200 Instacap","Formoterol (6mcg) + Budesonide (200mcg)","INRF-0520","","Respiratory","Glenmark Pharmaceuticals Ltd","30049099","12","","1","","0","strip","","","Glenmark Pharmaceuticals Ltd","","ACTIVE","OTC"
"Alorti Tablet","Loratadine (10mg)","INRF-0521","","Antihistamine","Mohrish Pharmaceuticals","30049099","12","","1","","0","tablet","","","Mohrish Pharmaceuticals","","ACTIVE","OTC"
"Azovas 8mg Tablet","Azelnidipine (8mg)","INRF-0522","","General Medicine","J B Chemicals and Pharmaceuticals Ltd","30049099","12","","1","","0","tablet","","","J B Chemicals and Pharmaceuticals Ltd","","ACTIVE","OTC"
"Afoglip M 1000 Tablet ER","Metformin (1000mg) + Teneligliptin (20mg)","INRF-0523","","Antidiabetic","Torrent Pharmaceuticals Ltd","30049099","12","","1","","0","tablet","","","Torrent Pharmaceuticals Ltd","","ACTIVE","OTC"
"Ambistryn-S 1gm Injection","Streptomycin (1gm)","INRF-0524","","General Medicine","Abbott","30049099","12","","1","","0","vial","","","Abbott","","ACTIVE","OTC"
"Anti Cold Syrup","Chlorpheniramine Maleate (2mg/5ml) + Paracetamol (125mg/5ml)","INRF-0525","","Analgesic","Safe Life Care","30049099","12","","1","","0","bottle","","","Safe Life Care","","ACTIVE","OTC"
"Abmac Tablet","Acebrophylline (200mg) + Desloratadine (5mg)","INRF-0526","","Antihistamine","Unimac Pharmaceuticals Pvt Ltd","30049099","12","","1","","0","tablet","","","Unimac Pharmaceuticals Pvt Ltd","","ACTIVE","OTC"
"Anin Tablet","Allylestrenol (5mg)","INRF-0527","","General Medicine","Ind Swift Laboratories Ltd","30049099","12","","1","","0","tablet","","","Ind Swift Laboratories Ltd","","ACTIVE","OTC"
"Acnedap Plus Gel","Dapsone (5% w/w) + Adapalene (0.1% w/w)","INRF-0528","","General Medicine","Cipla Ltd","30049099","12","","1","","0","tube","","","Cipla Ltd","","ACTIVE","OTC"
"Apresol Plus Tablet","Isosorbide Dinitrate (20mg) + Hydralazine (37.5mg)","INRF-0529","","General Medicine","Ordain Health Care Global Pvt Ltd","30049099","12","","1","","0","tablet","","","Ordain Health Care Global Pvt Ltd","","ACTIVE","OTC"
"Anafortan N 100 mg/50 mg Tablet","Nimesulide (100mg) + Camylofin (50mg)","INRF-0530","","Analgesic","Abbott","30049099","12","","1","","0","tablet","","","Abbott","","ACTIVE","OTC"
"Alrista Plus Tablet SR","Epalrestat (150mg) + Methylcobalamin (1500mcg)","INRF-0531","","General Medicine","Macleods Pharmaceuticals Pvt Ltd","30049099","12","","1","","0","tablet","","","Macleods Pharmaceuticals Pvt Ltd","","ACTIVE","OTC"
"Ascapil 12A Tablet DT","Ivermectin (12mg) + Albendazole (400mg)","INRF-0532","","General Medicine","Abbott","30049099","12","","1","","0","tablet","","","Abbott","","ACTIVE","OTC"
"Addex 500mg Ointment","Cadexomer Iodine (500mg)","INRF-0533","","General Medicine","Franco-Indian Pharmaceuticals Pvt Ltd","30049099","12","","1","","0","tube","","","Franco-Indian Pharmaceuticals Pvt Ltd","","ACTIVE","OTC"
"Acetik Ear Drop","Acetic acid (2% w/v)","INRF-0534","","General Medicine","NuLife Pharmaceuticals","30049099","12","","1","","0","strip","","","NuLife Pharmaceuticals","","ACTIVE","OTC"
"Acolate P Plus Tablet","Ambroxol (60mg) + Levocetirizine (2.5mg)","INRF-0535","","Antihistamine","Gujarat Terce Laboratories Ltd","30049099","12","","1","","0","tablet","","","Gujarat Terce Laboratories Ltd","","ACTIVE","OTC"
"Airz-F Digihaler","Formoterol (4.8mcg) + Glycopyrrolate (9mcg)","INRF-0536","","Respiratory","Glenmark Pharmaceuticals Ltd","30049099","12","","1","","0","pack","","","Glenmark Pharmaceuticals Ltd","","ACTIVE","OTC"
"Anleo-DSR Capsule","Domperidone (30mg) + Pantoprazole (40mg)","INRF-0537","","Gastrointestinal","AN Pharmaceuticals Pvt Ltd","30049099","12","","1","","0","capsule","","","AN Pharmaceuticals Pvt Ltd","","ACTIVE","OTC"
"Aladrine 2.5mg Tablet","Midodrine (2.5mg)","INRF-0538","","General Medicine","Waterley Pharmaceuticals Pvt Ltd","30049099","12","","1","","0","tablet","","","Waterley Pharmaceuticals Pvt Ltd","","ACTIVE","OTC"
"Azarga Eye Drop","Brinzolamide (10mg) + Timolol (5mg)","INRF-0539","","General Medicine","Novartis India Ltd","30049099","12","","1","","0","strip","","","Novartis India Ltd","","ACTIVE","OTC"
"Anti-Thyrox 5 Tablet","Carbimazole (5mg)","INRF-0540","","Thyroid","Macleods Pharmaceuticals Pvt Ltd","30049099","12","","1","","0","tablet","","","Macleods Pharmaceuticals Pvt Ltd","","ACTIVE","OTC"
"Anthocyn-TX Cream","Tranexamic Acid (10% w/w) + Kojic Acid (2% w/w)","INRF-0541","","General Medicine","Alniche Life Sciences Pvt Ltd","30049099","12","","1","","0","tube","","","Alniche Life Sciences Pvt Ltd","","ACTIVE","OTC"
"Abirapro 250mg Tablet","Abiraterone Acetate (250mg)","INRF-0542","","General Medicine","Glenmark Pharmaceuticals Ltd","30049099","12","","1","","0","tablet","","","Glenmark Pharmaceuticals Ltd","","ACTIVE","OTC"
"Acolate Kid Syrup Mango","Chlorpheniramine Maleate (1mg/5ml) + Paracetamol (125mg/5ml)","INRF-0543","","Analgesic","Gujarat Terce Laboratories Ltd","30049099","12","","1","","0","bottle","","","Gujarat Terce Laboratories Ltd","","ACTIVE","OTC"
"Azee 1000 Tablet","Azithromycin (1000mg)","INRF-0544","","Antibiotic","Cipla Ltd","30049099","12","","1","","0","tablet","","","Cipla Ltd","","ACTIVE","H1"
"Adefresh 400 Tablet","Ademetionine (400mg)","INRF-0545","","General Medicine","Sanatra Health Care","30049099","12","","1","","0","tablet","","","Sanatra Health Care","","ACTIVE","OTC"
"Adriamycin 50mg Injection","Doxorubicin (Plain) (50mg)","INRF-0546","","General Medicine","Pfizer Ltd","30049099","12","","1","","0","vial","","","Pfizer Ltd","","ACTIVE","OTC"
"Augplat 250mcg Injection","Romiplostim (250mcg)","INRF-0547","","General Medicine","Zydus Cadila","30049099","12","","1","","0","vial","","","Zydus Cadila","","ACTIVE","OTC"
"Actiheal-D Tablet","Trypsin (48mg) + Bromelain (90mg)","INRF-0548","","General Medicine","Macleods Pharmaceuticals Pvt Ltd","30049099","12","","1","","0","tablet","","","Macleods Pharmaceuticals Pvt Ltd","","ACTIVE","OTC"
"Adilip 45 Tablet DR","Fenofibrate (45mg)","INRF-0549","","Lipid lowering","Intas Pharmaceuticals Ltd","30049099","12","","1","","0","tablet","","","Intas Pharmaceuticals Ltd","","ACTIVE","OTC"
"Adalipca 40mg Injection","Adalimumab (40mg)","INRF-0550","","General Medicine","Ipca Laboratories Ltd","30049099","12","","1","","0","vial","","","Ipca Laboratories Ltd","","ACTIVE","OTC"
"Alfa GPC Tablet","Alpha glycerylphosphorylcholine (400mg)","INRF-0551","","General Medicine","Intas Pharmaceuticals Ltd","30049099","12","","1","","0","tablet","","","Intas Pharmaceuticals Ltd","","ACTIVE","OTC"
"Atracurium Besilate Injection","Atracurium (NA)","INRF-0552","","General Medicine","Sun Pharmaceutical Industries Ltd","30049099","12","","1","","0","vial","","","Sun Pharmaceutical Industries Ltd","","ACTIVE","OTC"
"Ambropil BR Syrup","Ambroxol (15mg/5ml) + Terbutaline (2.5mg/5ml)","INRF-0553","","General Medicine","Psychotropics India Ltd","30049099","12","","1","","0","bottle","","","Psychotropics India Ltd","","ACTIVE","OTC"
"ANALGIN 500MG TABLET","Metamizole (500mg)","INRF-0554","","General Medicine","Alkem Laboratories Ltd","30049099","12","","1","","0","tablet","","","Alkem Laboratories Ltd","","ACTIVE","OTC"
"Accuzon 1g Injection","Ceftriaxone (1000mg)","INRF-0555","","Antibiotic","Macleods Pharmaceuticals Pvt Ltd","30049099","12","","1","","0","vial","","","Macleods Pharmaceuticals Pvt Ltd","","ACTIVE","H1"
"Atrest 25 Tablet","Tetrabenazine (25mg)","INRF-0556","","General Medicine","Centaur Pharmaceuticals Pvt Ltd","30049099","12","","1","","0","tablet","","","Centaur Pharmaceuticals Pvt Ltd","","ACTIVE","OTC"
"Arpizol 15 Tablet","Aripiprazole (15mg)","INRF-0557","","General Medicine","Sun Pharmaceutical Industries Ltd","30049099","12","","1","","0","tablet","","","Sun Pharmaceutical Industries Ltd","","ACTIVE","OTC"
"Abortab 200mg Tablet","Mifepristone (200mg)","INRF-0558","","General Medicine","Bharat Serums & Vaccines Ltd","30049099","12","","1","","0","tablet","","","Bharat Serums & Vaccines Ltd","","ACTIVE","OTC"
"Aldryl Syrup","Citric Acid (NA) + Diphenhydramine (NA)","INRF-0559","","General Medicine","Alkem Laboratories Ltd","30049099","12","","1","","0","bottle","","","Alkem Laboratories Ltd","","ACTIVE","OTC"
"Anaproct Ointment","Hydrocortisone (0.25% w/w) + Zinc Oxide (5% w/w)","INRF-0560","","Corticosteroid","Ind Swift Laboratories Ltd","30049099","12","","1","","0","tube","","","Ind Swift Laboratories Ltd","","ACTIVE","H"
"Attentrol 10mg Capsule","Atomoxetine (10mg)","INRF-0561","","General Medicine","Sun Pharmaceutical Industries Ltd","30049099","12","","1","","0","capsule","","","Sun Pharmaceutical Industries Ltd","","ACTIVE","OTC"
"Amace Tablet","Amlodipine (5mg) + Enalapril (5mg)","INRF-0562","","Cardiovascular","Systopic Laboratories Pvt Ltd","30049099","12","","1","","0","tablet","","","Systopic Laboratories Pvt Ltd","","ACTIVE","OTC"
"Aciloc-S Suspension Sugar Free","Magaldrate (480mg) + Simethicone (20mg)","INRF-0563","","General Medicine","Cadila Pharmaceuticals Ltd","30049099","12","","1","","0","bottle","","","Cadila Pharmaceuticals Ltd","","ACTIVE","OTC"
"Ara Eye Drop","Hydroxypropylmethylcellulose (0.3% w/v) + Glycerin (0.2% w/v)","INRF-0564","","General Medicine","Sunways India Pvt Ltd","30049099","12","","1","","0","strip","","","Sunways India Pvt Ltd","","ACTIVE","OTC"
"Aim7 60 XR Tablet","Gliclazide (60mg) + Pioglitazone (15mg)","INRF-0565","","Antidiabetic","Eris Lifesciences Ltd","30049099","12","","1","","0","tablet","","","Eris Lifesciences Ltd","","ACTIVE","OTC"
"Amortas Cream","Amorolfine (0.25% w/w) + Phenoxyethanol (1% w/w)","INRF-0566","","General Medicine","Intas Pharmaceuticals Ltd","30049099","12","","1","","0","tube","","","Intas Pharmaceuticals Ltd","","ACTIVE","OTC"
"AT SP Tablet","Diclofenac (50mg) + Paracetamol (500mg)","INRF-0567","","Analgesic","Atopic Laboratories","30049099","12","","1","","0","tablet","","","Atopic Laboratories","","ACTIVE","OTC"
"Anxol Tablet","Doxylamine (25mg)","INRF-0568","","General Medicine","Maneesh Pharmaceuticals Ltd","30049099","12","","1","","0","tablet","","","Maneesh Pharmaceuticals Ltd","","ACTIVE","OTC"
"Aricef O 50mg/5ml Dry Syrup","Cefixime (50mg/5ml)","INRF-0569","","Antibiotic","Micro Labs Ltd","30049099","12","","1","","0","bottle","","","Micro Labs Ltd","","ACTIVE","H1"
"Addwize OD 18mg Tablet","Methylphenidate (18mg)","INRF-0570","","General Medicine","Sun Pharmaceutical Industries Ltd","30049099","12","","1","","0","tablet","","","Sun Pharmaceutical Industries Ltd","","ACTIVE","OTC"
"Amipride 50 Tablet","Amisulpride (50mg)","INRF-0571","","General Medicine","Talent India","30049099","12","","1","","0","tablet","","","Talent India","","ACTIVE","OTC"
"Allenza Tablet","Bromelain (180mg) + Trypsin (96mg)","INRF-0572","","General Medicine","Blisson Mediplus Pvt Ltd","30049099","12","","1","","0","tablet","","","Blisson Mediplus Pvt Ltd","","ACTIVE","OTC"
"Alpostin 500mcg Injection","Alprostadil (500mcg)","INRF-0573","","General Medicine","Samarth Life Sciences Pvt Ltd","30049099","12","","1","","0","vial","","","Samarth Life Sciences Pvt Ltd","","ACTIVE","OTC"
"Afogatran 110 Capsule","Dabigatran Etexilate (110mg)","INRF-0574","","General Medicine","Torrent Pharmaceuticals Ltd","30049099","12","","1","","0","capsule","","","Torrent Pharmaceuticals Ltd","","ACTIVE","OTC"
"Ancool SF Suspension","Sucralfate (500mg)","INRF-0575","","Gastrointestinal","Zuventus Healthcare Ltd","30049099","12","","1","","0","bottle","","","Zuventus Healthcare Ltd","","ACTIVE","OTC"
"Acetamide 250mg Tablet","Acetazolamide (250mg)","INRF-0576","","General Medicine","Micro Labs Ltd","30049099","12","","1","","0","tablet","","","Micro Labs Ltd","","ACTIVE","OTC"
"Aerodil-DX Syrup Raspberry Sugar Free","Chlorpheniramine Maleate (4mg/5ml) + Dextromethorphan Hydrobromide (10mg/5ml)","INRF-0577","","Antihistamine","Zydus Cadila","30049099","12","","1","","0","bottle","","","Zydus Cadila","","ACTIVE","OTC"
"Alivher ES Tablet","Estradiol (1mg) + Sildenafil (25mg)","INRF-0578","","General Medicine","Akumentis Healthcare Ltd","30049099","12","","1","","0","tablet","","","Akumentis Healthcare Ltd","","ACTIVE","H"
"Alides 5mg Tablet","Desloratadine (5mg)","INRF-0579","","Antihistamine","Leeford Healthcare Ltd","30049099","12","","1","","0","tablet","","","Leeford Healthcare Ltd","","ACTIVE","OTC"
"Ascodex SF Syrup Sugar Free","Guaifenesin (50mg/5ml) + Terbutaline (1.25mg/5ml)","INRF-0580","","General Medicine","Glenmark Pharmaceuticals Ltd","30049099","12","","1","","0","bottle","","","Glenmark Pharmaceuticals Ltd","","ACTIVE","OTC"
"Aloederm F Cream","Fusidic Acid (2% w/w)","INRF-0581","","General Medicine","Dabur India Ltd","30049099","12","","1","","0","tube","","","Dabur India Ltd","","ACTIVE","OTC"
"Avoprost 8mg Capsule","Silodosin (8mg)","INRF-0582","","General Medicine","Micro Labs Ltd","30049099","12","","1","","0","capsule","","","Micro Labs Ltd","","ACTIVE","OTC"
"Arvast F 10 Tablet","Fenofibrate (67mg) + Rosuvastatin (10mg)","INRF-0583","","Lipid lowering","Intas Pharmaceuticals Ltd","30049099","12","","1","","0","tablet","","","Intas Pharmaceuticals Ltd","","ACTIVE","OTC"
"Anin 500mg Injection","Hydroxyprogesterone (500mg)","INRF-0584","","General Medicine","Ind Swift Laboratories Ltd","30049099","12","","1","","0","vial","","","Ind Swift Laboratories Ltd","","ACTIVE","OTC"
"Azulix 4 MF Forte Tablet PR","Glimepiride (4mg) + Metformin (1000mg)","INRF-0585","","Antidiabetic","Torrent Pharmaceuticals Ltd","30049099","12","","1","","0","tablet","","","Torrent Pharmaceuticals Ltd","","ACTIVE","OTC"
"Alcaft Eye Drop","Alcaftadine (2.5mg/ml)","INRF-0586","","General Medicine","Micro Labs Ltd","30049099","12","","1","","0","bottle","","","Micro Labs Ltd","","ACTIVE","OTC"
"Acitrom 0.5 Tablet","Acenocoumarol (0.5mg)","INRF-0587","","General Medicine","Abbott","30049099","12","","1","","0","tablet","","","Abbott","","ACTIVE","OTC"
"Arvast-CF 10 Capsule DR","Fenofibrate (135mg) + Rosuvastatin (10mg)","INRF-0588","","Lipid lowering","Intas Pharmaceuticals Ltd","30049099","12","","1","","0","capsule","","","Intas Pharmaceuticals Ltd","","ACTIVE","OTC"
"Adiflam Plus 400 mg/500 mg Tablet","Ibuprofen (400mg) + Paracetamol (500mg)","INRF-0589","","Analgesic","Leben Life Sciences Pvt Ltd","30049099","12","","1","","0","tablet","","","Leben Life Sciences Pvt Ltd","","ACTIVE","OTC"
"Asomex-D Tablet","Amlodipine (2.5mg) + Hydrochlorothiazide (12.5mg)","INRF-0590","","Cardiovascular","Emcure Pharmaceuticals Ltd","30049099","12","","1","","0","tablet","","","Emcure Pharmaceuticals Ltd","","ACTIVE","OTC"
"Answell 400 mg/325 mg Tablet","Ibuprofen (400mg) + Paracetamol (325mg)","INRF-0591","","Analgesic","Cadila Pharmaceuticals Ltd","30049099","12","","1","","0","tablet","","","Cadila Pharmaceuticals Ltd","","ACTIVE","OTC"
"ACTION OR 1000mg Tablet","Paracetamol (1000mg)","INRF-0592","","Analgesic","Apex Laboratories Pvt Ltd","30049099","12","","1","","0","tablet","","","Apex Laboratories Pvt Ltd","","ACTIVE","OTC"
"Adilin 40mg Tablet SR","Isoxsuprine (40mg)","INRF-0593","","General Medicine","Lincoln Pharmaceuticals Ltd","30049099","12","","1","","0","tablet","","","Lincoln Pharmaceuticals Ltd","","ACTIVE","OTC"
"Abhayrab-PF Vaccine","Rabies vaccine, Human (2.5IU)","INRF-0594","","General Medicine","Indian Immunologicals Ltd","30049099","12","","1","","0","vial","","","Indian Immunologicals Ltd","","ACTIVE","OTC"
"Azifast Gel","Azithromycin (2% w/w)","INRF-0595","","Antibiotic","Ipca Laboratories Ltd","30049099","12","","1","","0","tube","","","Ipca Laboratories Ltd","","ACTIVE","H1"
"Atorsave D 10 Tablet","Atorvastatin (10mg) + Vitamin D3 (1000IU)","INRF-0596","","Lipid lowering","Eris Lifesciences Ltd","30049099","12","","1","","0","tablet","","","Eris Lifesciences Ltd","","ACTIVE","OTC"
"Amfy V Vaginal gel","Amphotericin B (1mg)","INRF-0597","","General Medicine","Intas Pharmaceuticals Ltd","30049099","12","","1","","0","tube","","","Intas Pharmaceuticals Ltd","","ACTIVE","OTC"
"Alex P Paed Drop","Chlorpheniramine Maleate (2mg/ml) + Paracetamol (125mg/ml)","INRF-0598","","Analgesic","Glenmark Pharmaceuticals Ltd","30049099","12","","1","","0","strip","","","Glenmark Pharmaceuticals Ltd","","ACTIVE","OTC"
"Akme-Entoquol Tablet","Loperamide (2mg) + Beta-Cyclodextrin (10mg)","INRF-0599","","General Medicine","Akme Biotec","30049099","12","","1","","0","tablet","","","Akme Biotec","","ACTIVE","OTC"
"Atherochek 10 Tablet","Atorvastatin (10mg) + Methylcobalamin (500mcg)","INRF-0600","","Lipid lowering","Indoco Remedies Ltd","30049099","12","","1","","0","tablet","","","Indoco Remedies Ltd","","ACTIVE","OTC"
"Axepta 18mg Tablet","Atomoxetine (18mg)","INRF-0601","","General Medicine","Intas Pharmaceuticals Ltd","30049099","12","","1","","0","tablet","","","Intas Pharmaceuticals Ltd","","ACTIVE","OTC"
"Angiplat 6.5 Capsule TR","Nitroglycerin (6.5mg)","INRF-0602","","General Medicine","Micro Labs Ltd","30049099","12","","1","","0","capsule","","","Micro Labs Ltd","","ACTIVE","OTC"
"Adfrar Injection","Adalimumab (40mg/0.8ml)","INRF-0603","","General Medicine","Torrent Pharmaceuticals Ltd","30049099","12","","1","","0","vial","","","Torrent Pharmaceuticals Ltd","","ACTIVE","OTC"
"Azunate 60mg Injection","Artesunate (60mg)","INRF-0604","","General Medicine","Macleods Pharmaceuticals Pvt Ltd","30049099","12","","1","","0","vial","","","Macleods Pharmaceuticals Pvt Ltd","","ACTIVE","OTC"
"Acton-OR Plus+ Tablet","Paracetamol (325mg) + Thiocolchicoside (4mg)","INRF-0605","","Analgesic","Apex Laboratories Pvt Ltd","30049099","12","","1","","0","tablet","","","Apex Laboratories Pvt Ltd","","ACTIVE","OTC"
"Amikacin 250mg Injection","Amikacin (250mg)","INRF-0606","","General Medicine","Prem Pharmaceuticals Pvt Ltd","30049099","12","","1","","0","vial","","","Prem Pharmaceuticals Pvt Ltd","","ACTIVE","OTC"
"Accardi MR Tablet MR","Trimetazidine (35mg)","INRF-0607","","General Medicine","Accilex Diacardo","30049099","12","","1","","0","tablet","","","Accilex Diacardo","","ACTIVE","OTC"
"Amlodac CH Tablet","Amlodipine (5mg) + Chlorthalidone (12.5mg)","INRF-0608","","Cardiovascular","Zydus Cadila","30049099","12","","1","","0","tablet","","","Zydus Cadila","","ACTIVE","OTC"
"Alkanil Syrup","Disodium Hydrogen Citrate (625mg/5ml)","INRF-0609","","General Medicine","Inga Laboratories Pvt Ltd","30049099","12","","1","","0","bottle","","","Inga Laboratories Pvt Ltd","","ACTIVE","OTC"
"Atrest 12.5 Tablet","Tetrabenazine (12.5mg)","INRF-0610","","General Medicine","Centaur Pharmaceuticals Pvt Ltd","30049099","12","","1","","0","tablet","","","Centaur Pharmaceuticals Pvt Ltd","","ACTIVE","OTC"
"Amnurite 25 Tablet SR","Amitriptyline (25mg) + Methylcobalamin (1500mcg)","INRF-0611","","CNS","Health N U Therapeutics Pvt Ltd","30049099","12","","1","","0","tablet","","","Health N U Therapeutics Pvt Ltd","","ACTIVE","OTC"
"Acnetoin Plus Gel","Clindamycin (1% w/w) + Isotretinoin (0.05% w/w)","INRF-0612","","General Medicine","Leeford Healthcare Ltd","30049099","12","","1","","0","tube","","","Leeford Healthcare Ltd","","ACTIVE","OTC"
"Amiodar 200 Tablet","Amiodarone (200mg)","INRF-0613","","General Medicine","Micro Labs Ltd","30049099","12","","1","","0","tablet","","","Micro Labs Ltd","","ACTIVE","OTC"
"Amazeo OD 100 Tablet SR","Amisulpride (100mg)","INRF-0614","","General Medicine","Torrent Pharmaceuticals Ltd","30049099","12","","1","","0","tablet","","","Torrent Pharmaceuticals Ltd","","ACTIVE","OTC"
"Alzero M Syrup","Levocetirizine (2.5mg) + Montelukast (5mg)","INRF-0615","","Respiratory","Indchemie Health Specialities Pvt Ltd","30049099","12","","1","","0","bottle","","","Indchemie Health Specialities Pvt Ltd","","ACTIVE","OTC"
"Acocontin Tablet CR","Ambroxol (75mg)","INRF-0616","","General Medicine","Modi Mundi Pharma Pvt Ltd","30049099","12","","1","","0","tablet","","","Modi Mundi Pharma Pvt Ltd","","ACTIVE","OTC"
"Altime CF Syrup","Ambroxol (15mg) + Dextromethorphan Hydrobromide (10mg)","INRF-0617","","General Medicine","S H Pharmaceuticals Ltd","30049099","12","","1","","0","bottle","","","S H Pharmaceuticals Ltd","","ACTIVE","OTC"
"Augxetil CV 500 Tablet","Cefuroxime (500mg) + Clavulanic Acid (125mg)","INRF-0618","","Antibiotic","Koye Pharmaceuticals Pvt ltd","30049099","12","","1","","0","tablet","","","Koye Pharmaceuticals Pvt ltd","","ACTIVE","H1"
"Altonil Syrup","Melatonin (3mg/5ml)","INRF-0619","","General Medicine","Alteus Biogenics Pvt Ltd","30049099","12","","1","","0","bottle","","","Alteus Biogenics Pvt Ltd","","ACTIVE","OTC"
"Asolt-AT Tablet","Diclofenac (46.5mg) + Paracetamol (325mg)","INRF-0620","","Analgesic","Profic Organic Ltd","30049099","12","","1","","0","tablet","","","Profic Organic Ltd","","ACTIVE","OTC"
"Anti Cold Tablet","Caffeine (30mg) + Diphenhydramine (25mg)","INRF-0621","","General Medicine","Safe Life Care","30049099","12","","1","","0","tablet","","","Safe Life Care","","ACTIVE","OTC"
"Alciflox D Eye/Ear Drops","Ciprofloxacin (0.3% w/v) + Dexamethasone (0.1% w/v)","INRF-0622","","Antibiotic","Alkem Laboratories Ltd","30049099","12","","1","","0","bottle","","","Alkem Laboratories Ltd","","ACTIVE","H1"
"Aldigesic MR Tablet","Aceclofenac (100mg) + Chlorzoxazone (250mg)","INRF-0623","","Analgesic","Alkem Laboratories Ltd","30049099","12","","1","","0","tablet","","","Alkem Laboratories Ltd","","ACTIVE","OTC"
"Anfoe 6000IU Injection","Recombinant Human Erythropoietin Alfa (6000IU)","INRF-0624","","General Medicine","La Renon Healthcare Pvt Ltd","30049099","12","","1","","0","vial","","","La Renon Healthcare Pvt Ltd","","ACTIVE","OTC"
"Acnelak-CLZ Cream","Clindamycin (1% w/w) + Zinc acetate (1% w/w)","INRF-0625","","Vitamin / Mineral","A. Menarini India Pvt Ltd","30049099","12","","1","","0","tube","","","A. Menarini India Pvt Ltd","","ACTIVE","OTC"
"Amide 25 Tablet","Amisulpride (25mg)","INRF-0626","","General Medicine","Icon Life Sciences","30049099","12","","1","","0","tablet","","","Icon Life Sciences","","ACTIVE","OTC"
"Anasure F Topical Solution","Minoxidil (5% w/v) + Finasteride (0.1% w/v)","INRF-0627","","General Medicine","Sun Pharmaceutical Industries Ltd","30049099","12","","1","","0","bottle","","","Sun Pharmaceutical Industries Ltd","","ACTIVE","OTC"
"Alkem Nandrolone 50mg Injection","Nandrolone Decanoate (50mg)","INRF-0628","","General Medicine","Alkem Laboratories Ltd","30049099","12","","1","","0","vial","","","Alkem Laboratories Ltd","","ACTIVE","OTC"
"Anti-Thyrox 20 Tablet","Carbimazole (20mg)","INRF-0629","","Thyroid","Macleods Pharmaceuticals Pvt Ltd","30049099","12","","1","","0","tablet","","","Macleods Pharmaceuticals Pvt Ltd","","ACTIVE","OTC"
"Avapar Tablet","Camylofin (50mg) + Diclofenac (50mg)","INRF-0630","","Analgesic","Khandelwal Laboratories Pvt Ltd","30049099","12","","1","","0","tablet","","","Khandelwal Laboratories Pvt Ltd","","ACTIVE","OTC"
"Aplevant 0.75mg Pre-filled Pen","Dulaglutide (0.75mg)","INRF-0631","","General Medicine","Lupin Ltd","30049099","12","","1","","0","bottle","","","Lupin Ltd","","ACTIVE","OTC"
"Anawin 0.5% Injection","Bupivacaine (0.5%)","INRF-0632","","General Medicine","Neon Laboratories Ltd","30049099","12","","1","","0","vial","","","Neon Laboratories Ltd","","ACTIVE","OTC"
"Airz 25F Capsule","Formoterol (12mcg) + Glycopyrrolate (25mcg)","INRF-0633","","Respiratory","Glenmark Pharmaceuticals Ltd","30049099","12","","1","","0","capsule","","","Glenmark Pharmaceuticals Ltd","","ACTIVE","OTC"
"Adgaba Gel","Gabapentin (6% w/w) + Lidocaine (5% w/w)","INRF-0634","","CNS","Bion Therapeutics India Pvt Ltd","30049099","12","","1","","0","tube","","","Bion Therapeutics India Pvt Ltd","","ACTIVE","H"
"Anaero Gel","Metronidazole (0.75%) + Nicotinamide (4%)","INRF-0635","","Antibiotic","Amwill Healthcare","30049099","12","","1","","0","tube","","","Amwill Healthcare","","ACTIVE","H1"
"Amaryl 4mg Tablet","Glimepiride (4mg)","INRF-0636","","Antidiabetic","Sanofi India Ltd","30049099","12","","1","","0","tablet","","","Sanofi India Ltd","","ACTIVE","OTC"
"Accutaz AS 1000mg/125mg Injection","Ceftriaxone (1000mg) + Tazobactum (125mg)","INRF-0637","","Antibiotic","Macleods Pharmaceuticals Pvt Ltd","30049099","12","","1","","0","vial","","","Macleods Pharmaceuticals Pvt Ltd","","ACTIVE","H1"
"Acnetoin Gel","Clindamycin (1% w/w) + Nicotinamide (4% w/w)","INRF-0638","","General Medicine","Leeford Healthcare Ltd","30049099","12","","1","","0","tube","","","Leeford Healthcare Ltd","","ACTIVE","OTC"
"Acivir Eye Drop","Acyclovir (3% w/v)","INRF-0639","","General Medicine","Cipla Ltd","30049099","12","","1","","0","strip","","","Cipla Ltd","","ACTIVE","OTC"
"Atorfit CV 40 Capsule","Atorvastatin (40mg) + Clopidogrel (75mg)","INRF-0640","","Lipid lowering","Ajanta Pharma Ltd","30049099","12","","1","","0","capsule","","","Ajanta Pharma Ltd","","ACTIVE","OTC"
"Atrodex-C Eye Drop","Atropine (1% w/v) + Chloramphenicol (0.5% w/v)","INRF-0641","","General Medicine","Jawa Pharmaceuticals Pvt Ltd","30049099","12","","1","","0","strip","","","Jawa Pharmaceuticals Pvt Ltd","","ACTIVE","OTC"
"Axepta 25mg Tablet","Atomoxetine (25mg)","INRF-0642","","General Medicine","Intas Pharmaceuticals Ltd","30049099","12","","1","","0","tablet","","","Intas Pharmaceuticals Ltd","","ACTIVE","OTC"
"Anxozap 15 Tablet","Oxazepam (15mg)","INRF-0643","","General Medicine","Sun Pharmaceutical Industries Ltd","30049099","12","","1","","0","tablet","","","Sun Pharmaceutical Industries Ltd","","ACTIVE","OTC"
"Acutret 5 Capsule","Isotretinoin (5mg)","INRF-0644","","General Medicine","Ipca Laboratories Ltd","30049099","12","","1","","0","capsule","","","Ipca Laboratories Ltd","","ACTIVE","OTC"
"Ambrodil-D Syrup Sugar Free","Chlorpheniramine Maleate (2mg) + Dextromethorphan Hydrobromide (10mg)","INRF-0645","","Antihistamine","Aristo Pharmaceuticals Pvt Ltd","30049099","12","","1","","0","bottle","","","Aristo Pharmaceuticals Pvt Ltd","","ACTIVE","OTC"
"Acemyoset P Tablet","Eperisone (75mg) + Aceclofenac (100mg)","INRF-0646","","Analgesic","Sparsh Remedies Pvt Ltd","30049099","12","","1","","0","tablet","","","Sparsh Remedies Pvt Ltd","","ACTIVE","OTC"
"Amirid Tablet","Diloxanide (250mg) + Tinidazole (300mg)","INRF-0647","","Antibiotic","Menidine Pharmaceuticals","30049099","12","","1","","0","tablet","","","Menidine Pharmaceuticals","","ACTIVE","H1"
"Azenate Nasal Spray","Fluticasone Propionate (0.05% w/v) + Azelastine (0.1% w/v)","INRF-0648","","General Medicine","Entod Pharmaceuticals Ltd","30049099","12","","1","","0","strip","","","Entod Pharmaceuticals Ltd","","ACTIVE","OTC"
"Alkepin Odt 12.5mg Tablet","Clozapine (12.5mg)","INRF-0649","","General Medicine","Alkem Laboratories Ltd","30049099","12","","1","","0","tablet","","","Alkem Laboratories Ltd","","ACTIVE","OTC"
"Abpress Eye Drop","Timolol (5mg) + Brimonidine (1.5mg)","INRF-0650","","General Medicine","Entod Pharmaceuticals Ltd","30049099","12","","1","","0","strip","","","Entod Pharmaceuticals Ltd","","ACTIVE","OTC"
"Augmexin Gel","Chlorhexidine Gluconate (1% w/w)","INRF-0651","","General Medicine","Nextgen Healthcare","30049099","12","","1","","0","tube","","","Nextgen Healthcare","","ACTIVE","OTC"
"AF 50 Tablet DT","Fluconazole (50mg)","INRF-0652","","Antifungal","Systopic Laboratories Pvt Ltd","30049099","12","","1","","0","tablet","","","Systopic Laboratories Pvt Ltd","","ACTIVE","OTC"
"Airtec SF 250 Instacap","Salmeterol (50mcg) + Fluticasone Propionate (250mcg)","INRF-0653","","General Medicine","Glenmark Pharmaceuticals Ltd","30049099","12","","1","","0","strip","","","Glenmark Pharmaceuticals Ltd","","ACTIVE","OTC"
"Abixim O Tablet","Cefixime (200mg) + Ofloxacin (200mg)","INRF-0654","","Antibiotic","Abbott","30049099","12","","1","","0","tablet","","","Abbott","","ACTIVE","H1"
"Atropine Eye Ointment","Atropine (1% w/w)","INRF-0655","","General Medicine","Jawa Pharmaceuticals Pvt Ltd","30049099","12","","1","","0","tube","","","Jawa Pharmaceuticals Pvt Ltd","","ACTIVE","OTC"
"Amfy Gel","Liposomal Amphotericin B (1mg)","INRF-0656","","General Medicine","Intas Pharmaceuticals Ltd","30049099","12","","1","","0","tube","","","Intas Pharmaceuticals Ltd","","ACTIVE","OTC"
"Afderm-MN + Cream","Miconazole (2% w/w) + Mometasone (0.1% w/w)","INRF-0657","","General Medicine","Anglo-French Drugs & Industries Ltd","30049099","12","","1","","0","tube","","","Anglo-French Drugs & Industries Ltd","","ACTIVE","OTC"
"Abd Plus Syrup","Ivermectin (3mg) + Albendazole (200mg)","INRF-0658","","General Medicine","Intas Pharmaceuticals Ltd","30049099","12","","1","","0","bottle","","","Intas Pharmaceuticals Ltd","","ACTIVE","OTC"
"Azadine Injection","Azacitidine (100mg)","INRF-0659","","General Medicine","Intas Pharmaceuticals Ltd","30049099","12","","1","","0","vial","","","Intas Pharmaceuticals Ltd","","ACTIVE","OTC"
"Atorva E 40 Tablet","Atorvastatin (40mg) + Ezetimibe (10mg)","INRF-0660","","Lipid lowering","Zydus Cadila","30049099","12","","1","","0","tablet","","","Zydus Cadila","","ACTIVE","OTC"
"Acton Prolongatum 60IU Injection","Corticotropin (60IU)","INRF-0661","","General Medicine","Ferring Pharmaceuticals","30049099","12","","1","","0","vial","","","Ferring Pharmaceuticals","","ACTIVE","OTC"
"Ace Revelol 50/5 Tablet ER","Metoprolol Succinate (50mg) + Ramipril (5mg)","INRF-0662","","Cardiovascular","Ipca Laboratories Ltd","30049099","12","","1","","0","tablet","","","Ipca Laboratories Ltd","","ACTIVE","OTC"
"Arvast 20 Tablet","Rosuvastatin (20mg)","INRF-0663","","Lipid lowering","Intas Pharmaceuticals Ltd","30049099","12","","1","","0","tablet","","","Intas Pharmaceuticals Ltd","","ACTIVE","OTC"
"Alsita-M 50 Forte Tablet ER","Sitagliptin (50mg) + Metformin (1000mg)","INRF-0664","","Antidiabetic","Alkem Laboratories Ltd","30049099","12","","1","","0","tablet","","","Alkem Laboratories Ltd","","ACTIVE","OTC"
"Alkepin Odt 25mg Tablet","Clozapine (25mg)","INRF-0665","","General Medicine","Alkem Laboratories Ltd","30049099","12","","1","","0","tablet","","","Alkem Laboratories Ltd","","ACTIVE","OTC"
"Asomex-LT Tablet","Losartan (50mg) + Amlodipine (2.5mg)","INRF-0666","","Cardiovascular","Emcure Pharmaceuticals Ltd","30049099","12","","1","","0","tablet","","","Emcure Pharmaceuticals Ltd","","ACTIVE","OTC"
"Adcef Insta Use Syrup","Cefdinir (125mg/5ml)","INRF-0667","","General Medicine","Torrent Pharmaceuticals Ltd","30049099","12","","1","","0","bottle","","","Torrent Pharmaceuticals Ltd","","ACTIVE","OTC"
"Arorab HD 30mg/40mg Capsule SR","Domperidone (30mg) + Rabeprazole (40mg)","INRF-0668","","Gastrointestinal","Aareen Healthcare Pvt Ltd","30049099","12","","1","","0","capsule","","","Aareen Healthcare Pvt Ltd","","ACTIVE","OTC"
"Argihope Infusion","Amino Acids (NA)","INRF-0669","","General Medicine","Corona Remedies Pvt Ltd","30049099","12","","1","","0","strip","","","Corona Remedies Pvt Ltd","","ACTIVE","OTC"
"Arigaba NT 100 Tablet","Gabapentin (100mg) + Nortriptyline (10mg)","INRF-0670","","CNS","Arinna Lifescience Pvt Ltd","30049099","12","","1","","0","tablet","","","Arinna Lifescience Pvt Ltd","","ACTIVE","H"
"Asert D Tablet ER","Cefixime (200mg) + Dicloxacillin (500mg)","INRF-0671","","Antibiotic","Abbott","30049099","12","","1","","0","tablet","","","Abbott","","ACTIVE","H1"
"Accuzon 500 Injection","Ceftriaxone (500mg)","INRF-0672","","Antibiotic","Macleods Pharmaceuticals Pvt Ltd","30049099","12","","1","","0","vial","","","Macleods Pharmaceuticals Pvt Ltd","","ACTIVE","H1"
"Amrolstar 0.25% Lotion","Amorolfine (0.25% w/v)","INRF-0673","","General Medicine","Oaknet Healthcare Pvt Ltd","30049099","12","","1","","0","tube","","","Oaknet Healthcare Pvt Ltd","","ACTIVE","OTC"
"Actorise 25 Injection","Darbepoetin alfa (25mcg)","INRF-0674","","General Medicine","Cipla Ltd","30049099","12","","1","","0","vial","","","Cipla Ltd","","ACTIVE","OTC"
"Advan-THF Cream","Hydroquinone (2% w/w) + Tretinoin (0.025% w/w)","INRF-0675","","General Medicine","Alembic Pharmaceuticals Ltd","30049099","12","","1","","0","tube","","","Alembic Pharmaceuticals Ltd","","ACTIVE","OTC"
"Arvast 5 Tablet","Rosuvastatin (5mg)","INRF-0676","","Lipid lowering","Intas Pharmaceuticals Ltd","30049099","12","","1","","0","tablet","","","Intas Pharmaceuticals Ltd","","ACTIVE","OTC"
"Austril 27.5mcg Nasal Spray","Fluticasone Propionate (27.5mcg)","INRF-0677","","General Medicine","Auskincare Formulation Pvt Ltd","30049099","12","","1","","0","strip","","","Auskincare Formulation Pvt Ltd","","ACTIVE","OTC"
"Amigaba LS Tablet","Gabapentin (100mg) + Amitriptyline (10mg)","INRF-0678","","CNS","Icon Life Sciences","30049099","12","","1","","0","tablet","","","Icon Life Sciences","","ACTIVE","H"
"Astharid T Tablet","Terbutaline (NA)","INRF-0679","","General Medicine","Empiai Pharmaceuticals Pvt Ltd","30049099","12","","1","","0","tablet","","","Empiai Pharmaceuticals Pvt Ltd","","ACTIVE","OTC"
"Aerotrop-F Inhaler","Formoterol (6mcg) + Tiotropium (9mcg)","INRF-0680","","Respiratory","Macleods Pharmaceuticals Pvt Ltd","30049099","12","","1","","0","pack","","","Macleods Pharmaceuticals Pvt Ltd","","ACTIVE","OTC"
"Antidep 75 Tablet","Imipramine (75mg)","INRF-0681","","General Medicine","Torrent Pharmaceuticals Ltd","30049099","12","","1","","0","tablet","","","Torrent Pharmaceuticals Ltd","","ACTIVE","OTC"
"Alzil M Forte Tablet","Donepezil (10mg) + Memantine (10mg)","INRF-0682","","General Medicine","Intas Pharmaceuticals Ltd","30049099","12","","1","","0","tablet","","","Intas Pharmaceuticals Ltd","","ACTIVE","OTC"
"Alergin Cold Total Tablet","Paracetamol (NA) + Caffeine (NA)","INRF-0683","","Analgesic","Cipla Ltd","30049099","12","","1","","0","tablet","","","Cipla Ltd","","ACTIVE","OTC"
"Aptiquik Syrup","Buclizine (12mg/5ml)","INRF-0684","","General Medicine","Mankind Pharma Ltd","30049099","12","","1","","0","bottle","","","Mankind Pharma Ltd","","ACTIVE","OTC"
"Alerfri SF 650 mg/60 mg/2.5 mg Tablet","Paracetamol (650mg) + Pseudoephedrine (60mg)","INRF-0685","","Analgesic","Navil Laboratories Pvt Ltd","30049099","12","","1","","0","tablet","","","Navil Laboratories Pvt Ltd","","ACTIVE","OTC"
"Aloja-M Tablet","Alogliptin (12.5mg) + Metformin (500mg)","INRF-0686","","Antidiabetic","Indoco Remedies Ltd","30049099","12","","1","","0","tablet","","","Indoco Remedies Ltd","","ACTIVE","OTC"
"Azac Soap","Azelaic Acid (1.6% w/w)","INRF-0687","","General Medicine","Mark India","30049099","12","","1","","0","strip","","","Mark India","","ACTIVE","OTC"
"Anasure 2% Solution","Minoxidil (20mg)","INRF-0688","","General Medicine","Sun Pharmaceutical Industries Ltd","30049099","12","","1","","0","bottle","","","Sun Pharmaceutical Industries Ltd","","ACTIVE","OTC"
"Apexitra SB 130 Capsule","Itraconazole (130mg)","INRF-0689","","Antifungal","Apex Laboratories Pvt Ltd","30049099","12","","1","","0","capsule","","","Apex Laboratories Pvt Ltd","","ACTIVE","OTC"
"Alkem Ketorolac 100mg Injection","Ketorolac (100mg)","INRF-0690","","General Medicine","Alkem Laboratories Ltd","30049099","12","","1","","0","vial","","","Alkem Laboratories Ltd","","ACTIVE","OTC"
"Alcon Brimo Eye Drop","Brimonidine (0.15% w/v)","INRF-0691","","General Medicine","Alcon Laboratories","30049099","12","","1","","0","strip","","","Alcon Laboratories","","ACTIVE","OTC"
"Ambulax-FM Tablet","Flupenthixol (0.5mg) + Melitracen (10mg)","INRF-0692","","General Medicine","Unimarck Pharma India Ltd","30049099","12","","1","","0","tablet","","","Unimarck Pharma India Ltd","","ACTIVE","OTC"
"Alkof Q Tablet","Guaifenesin (NA) + Phenylephrine (NA)","INRF-0693","","General Medicine","Alkem Laboratories Ltd","30049099","12","","1","","0","tablet","","","Alkem Laboratories Ltd","","ACTIVE","OTC"
"Acera-L Capsule SR","Levosulpiride (75mg) + Rabeprazole (20mg)","INRF-0694","","Gastrointestinal","Ipca Laboratories Ltd","30049099","12","","1","","0","capsule","","","Ipca Laboratories Ltd","","ACTIVE","OTC"
"Apitone Plus Syrup","Cyproheptadine (2mg) + Tricholine Citrate (275mg)","INRF-0695","","General Medicine","Systemic Healthcare","30049099","12","","1","","0","bottle","","","Systemic Healthcare","","ACTIVE","OTC"
"Agra 100mg Tablet","Sildenafil (100mg)","INRF-0696","","General Medicine","Alliaance Biotech","30049099","12","","1","","0","tablet","","","Alliaance Biotech","","ACTIVE","H"
"Amlosafe 3D 80 Tablet","Telmisartan (80mg) + Amlodipine (5mg)","INRF-0697","","Cardiovascular","Aristo Pharmaceuticals Pvt Ltd","30049099","12","","1","","0","tablet","","","Aristo Pharmaceuticals Pvt Ltd","","ACTIVE","OTC"
"Aciban 20 Tablet","Pantoprazole (20mg)","INRF-0698","","Gastrointestinal","Cadila Pharmaceuticals Ltd","30049099","12","","1","","0","tablet","","","Cadila Pharmaceuticals Ltd","","ACTIVE","OTC"
"Azicip 200mg Oral Suspension","Azithromycin (200mg)","INRF-0699","","Antibiotic","Cipla Ltd","30049099","12","","1","","0","bottle","","","Cipla Ltd","","ACTIVE","H1"
"Alkorina Syrup","Disodium Hydrogen Citrate (1.1gm)","INRF-0700","","General Medicine","Eisen Pharmaceutical Co Pvt Ltd","30049099","12","","1","","0","bottle","","","Eisen Pharmaceutical Co Pvt Ltd","","ACTIVE","OTC"
"Angizem CD 120 Capsule ER","Diltiazem (120mg)","INRF-0701","","General Medicine","Sun Pharmaceutical Industries Ltd","30049099","12","","1","","0","capsule","","","Sun Pharmaceutical Industries Ltd","","ACTIVE","OTC"
"Adiflam Plus Suspension","Ibuprofen (100mg) + Paracetamol (162.5mg)","INRF-0702","","Analgesic","Leben Life Sciences Pvt Ltd","30049099","12","","1","","0","bottle","","","Leben Life Sciences Pvt Ltd","","ACTIVE","OTC"
"Abvida 100mg Tablet SR","Vildagliptin (100mg)","INRF-0703","","Antidiabetic","Abbott","30049099","12","","1","","0","tablet","","","Abbott","","ACTIVE","OTC"
"Azithral JR Oral Suspension","Azithromycin (40mg/ml)","INRF-0704","","Antibiotic","Alembic Pharmaceuticals Ltd","30049099","12","","1","","0","bottle","","","Alembic Pharmaceuticals Ltd","","ACTIVE","H1"
"Androanagen Solution","Minoxidil (5% w/v) + Aminexil (1.5% w/v)","INRF-0705","","General Medicine","Curatio Healthcare India Pvt Ltd","30049099","12","","1","","0","bottle","","","Curatio Healthcare India Pvt Ltd","","ACTIVE","OTC"
"Amnurite P 10mg/75mg Tablet","Amitriptyline (10mg) + Pregabalin (75mg)","INRF-0706","","CNS","Health N U Therapeutics Pvt Ltd","30049099","12","","1","","0","tablet","","","Health N U Therapeutics Pvt Ltd","","ACTIVE","H"
"Azulix 3 MF Forte Tablet PR","Glimepiride (3mg) + Metformin (1000mg)","INRF-0707","","Antidiabetic","Torrent Pharmaceuticals Ltd","30049099","12","","1","","0","tablet","","","Torrent Pharmaceuticals Ltd","","ACTIVE","OTC"
"Azulix 0.5 MF Tablet PR","Glimepiride (0.5mg) + Metformin (500mg)","INRF-0708","","Antidiabetic","Torrent Pharmaceuticals Ltd","30049099","12","","1","","0","tablet","","","Torrent Pharmaceuticals Ltd","","ACTIVE","OTC"
"Actinin O 20mg Soft Gelatin Capsule","Isotretinoin (20mg)","INRF-0709","","General Medicine","Zeelab Pharmacy Pvt Ltd","30049099","12","","1","","0","tube","","","Zeelab Pharmacy Pvt Ltd","","ACTIVE","OTC"
"Aciloc D 10 mg/150 mg Tablet","Dicyclomine (10mg) + Ranitidine (150mg)","INRF-0710","","Gastrointestinal","Cadila Pharmaceuticals Ltd","30049099","12","","1","","0","tablet","","","Cadila Pharmaceuticals Ltd","","ACTIVE","OTC"
"Alkem Cold Suspension","Cetirizine (2.5mg/5ml) + Paracetamol (125mg/5ml)","INRF-0711","","Analgesic","Alkem Laboratories Ltd","30049099","12","","1","","0","bottle","","","Alkem Laboratories Ltd","","ACTIVE","OTC"
"Angizaar-H Tablet","Losartan (50mg) + Hydrochlorothiazide (12.5mg)","INRF-0712","","Cardiovascular","Micro Labs Ltd","30049099","12","","1","","0","tablet","","","Micro Labs Ltd","","ACTIVE","OTC"
"Augmentin 250mg/50mg Injection","Amoxycillin (250mg) + Clavulanic Acid (50mg)","INRF-0713","","Antibiotic","Glaxo SmithKline Pharmaceuticals Ltd","30049099","12","","1","","0","vial","","","Glaxo SmithKline Pharmaceuticals Ltd","","ACTIVE","H1"
"Altacef Suspension","Cefuroxime (125mg)","INRF-0714","","Antibiotic","Glenmark Pharmaceuticals Ltd","30049099","12","","1","","0","bottle","","","Glenmark Pharmaceuticals Ltd","","ACTIVE","H1"
"Abvida-M 50/500 Eazy Glide Tablet SR","Metformin (500mg) + Vildagliptin (50mg)","INRF-0715","","Antidiabetic","Abbott","30049099","12","","1","","0","tablet","","","Abbott","","ACTIVE","OTC"
"Asunra 400mg Tablet","Deferasirox (400mg)","INRF-0716","","General Medicine","Novartis India Ltd","30049099","12","","1","","0","tablet","","","Novartis India Ltd","","ACTIVE","OTC"
"Alka KCL Syrup","Potassium Chloride (500mg)","INRF-0717","","General Medicine","Oyster Labs Ltd","30049099","12","","1","","0","bottle","","","Oyster Labs Ltd","","ACTIVE","OTC"
"Amintoz Injection","Thiamine(Vitamin B1) (100mg)","INRF-0718","","Vitamin / Mineral","Linux Laboratories","30049099","12","","1","","0","vial","","","Linux Laboratories","","ACTIVE","OTC"
"Act Nvp Tablet","Doxylamine (10mg) + Vitamin B6 (Pyridoxine) (10mg)","INRF-0719","","Vitamin / Mineral","Akumentis Healthcare Ltd","30049099","12","","1","","0","tablet","","","Akumentis Healthcare Ltd","","ACTIVE","OTC"
"Almotan 6.25 Tablet","Almotriptan (6.25mg)","INRF-0720","","General Medicine","MSN Laboratories","30049099","12","","1","","0","tablet","","","MSN Laboratories","","ACTIVE","OTC"
"Armod 150 Tablet","Armodafinil (150mg)","INRF-0721","","General Medicine","Emcure Pharmaceuticals Ltd","30049099","12","","1","","0","tablet","","","Emcure Pharmaceuticals Ltd","","ACTIVE","OTC"
"Ascodex LS Expectorant","Levosalbutamol (1mg/5ml) + Ambroxol (30mg/5ml)","INRF-0722","","Respiratory","Glenmark Pharmaceuticals Ltd","30049099","12","","1","","0","strip","","","Glenmark Pharmaceuticals Ltd","","ACTIVE","OTC"
"Atropin Injection","Atropine (NA)","INRF-0723","","General Medicine","Hindustan Syringes & Medical Devices Ltd","30049099","12","","1","","0","vial","","","Hindustan Syringes & Medical Devices Ltd","","ACTIVE","OTC"
"Actamase 1000 mg/125 mg Injection","Cefepime (1000mg) + Tazobactum (125mg)","INRF-0724","","General Medicine","AstraZeneca","30049099","12","","1","","0","vial","","","AstraZeneca","","ACTIVE","OTC"
"Algest SR 200 Tablet","Progesterone (200mg)","INRF-0725","","General Medicine","Cadila Pharmaceuticals Ltd","30049099","12","","1","","0","tablet","","","Cadila Pharmaceuticals Ltd","","ACTIVE","OTC"
"Aldopam 500mg Injection","Pralidoxime (500mg)","INRF-0726","","General Medicine","Samarth Life Sciences Pvt Ltd","30049099","12","","1","","0","vial","","","Samarth Life Sciences Pvt Ltd","","ACTIVE","OTC"
"Ampilin 500mg Injection","Ampicillin (500mg)","INRF-0727","","General Medicine","Hetero Drugs Ltd","30049099","12","","1","","0","vial","","","Hetero Drugs Ltd","","ACTIVE","OTC"
"Actilyse 20mg Injection","Alteplase (20mg)","INRF-0728","","General Medicine","Boehringer Ingelheim","30049099","12","","1","","0","vial","","","Boehringer Ingelheim","","ACTIVE","OTC"
"Acetyl Salicylic Acid 50mg Tablet","Aspirin (50mg)","INRF-0729","","Analgesic","Zydus Cadila","30049099","12","","1","","0","tablet","","","Zydus Cadila","","ACTIVE","OTC"
"Astharid Plus Tablet","Terbutaline (2.5mg) + Ambroxol (30mg)","INRF-0730","","General Medicine","Empiai Pharmaceuticals Pvt Ltd","30049099","12","","1","","0","tablet","","","Empiai Pharmaceuticals Pvt Ltd","","ACTIVE","OTC"
"Auxen D 500mg/10mg Tablet","Naproxen (500mg) + Domperidone (10mg)","INRF-0731","","Analgesic","Aurum Life Science Pvt Ltd","30049099","12","","1","","0","tablet","","","Aurum Life Science Pvt Ltd","","ACTIVE","OTC"
"Apetox Syrup","Cyproheptadine (5mg)","INRF-0732","","General Medicine","Kumayun Drugs Pvt Ltd","30049099","12","","1","","0","bottle","","","Kumayun Drugs Pvt Ltd","","ACTIVE","OTC"
"Adoxy LB Capsule","Doxycycline (100mg) + Lactobacillus (5Billion Spores)","INRF-0733","","Antibiotic","Atopic Laboratories","30049099","12","","1","","0","capsule","","","Atopic Laboratories","","ACTIVE","H1"
"Artamin 250mg Capsule","Penicillamine (250mg)","INRF-0734","","General Medicine","Vhb Life Sciences Inc","30049099","12","","1","","0","capsule","","","Vhb Life Sciences Inc","","ACTIVE","OTC"
"Aspisol 150 Tablet","Aspirin (150mg) + Glycine (75mg)","INRF-0735","","Analgesic","Shreya Life Sciences Pvt Ltd","30049099","12","","1","","0","tablet","","","Shreya Life Sciences Pvt Ltd","","ACTIVE","OTC"
"Ampho B 50mg Injection","Amphotericin B (50mg)","INRF-0736","","General Medicine","Vhb Life Sciences Inc","30049099","12","","1","","0","vial","","","Vhb Life Sciences Inc","","ACTIVE","OTC"
"Advastat CV 10 Capsule","Rosuvastatin (10mg) + Clopidogrel (75mg)","INRF-0737","","Lipid lowering","Fusion Healthcare Pvt Ltd","30049099","12","","1","","0","capsule","","","Fusion Healthcare Pvt Ltd","","ACTIVE","OTC"
"Apriglim-MV 303 Tablet SR","Glimepiride (3mg) + Metformin (500mg)","INRF-0738","","Antidiabetic","Aprica Pharmaceuticals Pvt Ltd","30049099","12","","1","","0","tablet","","","Aprica Pharmaceuticals Pvt Ltd","","ACTIVE","OTC"
"Alphadol 0.5mcg Soft Gelatin Capsule","Alfacalcidol (0.5mcg)","INRF-0739","","General Medicine","Panacea Biotec Ltd","30049099","12","","1","","0","tube","","","Panacea Biotec Ltd","","ACTIVE","OTC"
"Arreno Capsule ER","Aspirin (25mg) + Dipyridamole (200mg)","INRF-0740","","Analgesic","Intas Pharmaceuticals Ltd","30049099","12","","1","","0","capsule","","","Intas Pharmaceuticals Ltd","","ACTIVE","OTC"
"Anafranil 25mg Tablet","Clomipramine (25mg)","INRF-0741","","General Medicine","Novartis India Ltd","30049099","12","","1","","0","tablet","","","Novartis India Ltd","","ACTIVE","OTC"
"Alkof AP Syrup","Phenylephrine (5mg/5ml) + Guaifenesin (50mg/5ml)","INRF-0742","","General Medicine","Alkem Laboratories Ltd","30049099","12","","1","","0","bottle","","","Alkem Laboratories Ltd","","ACTIVE","OTC"
"Assurans Injection","Sildenafil (0.8mg)","INRF-0743","","General Medicine","Cipla Ltd","30049099","12","","1","","0","vial","","","Cipla Ltd","","ACTIVE","H"
"Alkepin Odt 100mg Tablet","Clozapine (100mg)","INRF-0744","","General Medicine","Alkem Laboratories Ltd","30049099","12","","1","","0","tablet","","","Alkem Laboratories Ltd","","ACTIVE","OTC"
"Arigaba 100 Tablet","Gabapentin (100mg)","INRF-0745","","CNS","Arinna Lifescience Pvt Ltd","30049099","12","","1","","0","tablet","","","Arinna Lifescience Pvt Ltd","","ACTIVE","H"
"Actorise 60 Injection","Darbepoetin alfa (60mcg)","INRF-0746","","General Medicine","Cipla Ltd","30049099","12","","1","","0","vial","","","Cipla Ltd","","ACTIVE","OTC"
"Advent 600mg Injection","Amoxycillin (500mg) + Clavulanic Acid (100mg)","INRF-0747","","Antibiotic","Cipla Ltd","30049099","12","","1","","0","vial","","","Cipla Ltd","","ACTIVE","H1"
"Alday Kid Syrup","Levocetirizine (2.5mg)","INRF-0748","","Antihistamine","S H Pharmaceuticals Ltd","30049099","12","","1","","0","bottle","","","S H Pharmaceuticals Ltd","","ACTIVE","OTC"
"Anadom 10mg/500mg Tablet","Domperidone (10mg) + Paracetamol (500mg)","INRF-0749","","Analgesic","Icon Life Sciences","30049099","12","","1","","0","tablet","","","Icon Life Sciences","","ACTIVE","OTC"
"Azuvas 20-Gold Capsule","Aspirin (75mg) + Rosuvastatin (20mg)","INRF-0750","","Analgesic","Azkka Pharmaceuticals Pvt Ltd","30049099","12","","1","","0","capsule","","","Azkka Pharmaceuticals Pvt Ltd","","ACTIVE","OTC"
"Atp 0.6mg Injection","Atropine (0.6mg)","INRF-0751","","General Medicine","Biomiicron Pharmaceuticals","30049099","12","","1","","0","vial","","","Biomiicron Pharmaceuticals","","ACTIVE","OTC"
"Adine-Plus Tablet","Diclofenac (50mg) + Paracetamol (325mg)","INRF-0752","","Analgesic","Dr. Johns Laboratories Pvt Ltd","30049099","12","","1","","0","tablet","","","Dr. Johns Laboratories Pvt Ltd","","ACTIVE","OTC"
"Alenix 10mg Tablet","Desloratadine (10mg)","INRF-0753","","Antihistamine","Canixa Life Sciences Pvt","30049099","12","","1","","0","tablet","","","Canixa Life Sciences Pvt","","ACTIVE","OTC"
"Aldactone F Tablet","Furosemide (20mg) + Spironolactone (50mg)","INRF-0754","","Cardiovascular","RPG Life Sciences Ltd","30049099","12","","1","","0","tablet","","","RPG Life Sciences Ltd","","ACTIVE","OTC"
"Adrenor 4mg Injection","Norepinephrine (4mg)","INRF-0755","","General Medicine","Samarth Life Sciences Pvt Ltd","30049099","12","","1","","0","vial","","","Samarth Life Sciences Pvt Ltd","","ACTIVE","OTC"
"Azithral Eye Drop","Azithromycin (1% w/v)","INRF-0756","","Antibiotic","Alembic Pharmaceuticals Ltd","30049099","12","","1","","0","strip","","","Alembic Pharmaceuticals Ltd","","ACTIVE","H1"
"Alfugress-D Tablet SR","Alfuzosin (10mg) + Dutasteride (0.5mg)","INRF-0757","","General Medicine","La Renon Healthcare Pvt Ltd","30049099","12","","1","","0","tablet","","","La Renon Healthcare Pvt Ltd","","ACTIVE","OTC"
"Anneal 60mg/800mg/5mg Tablet","Ginkgo Biloba (60mg) + Piracetam (800mg)","INRF-0758","","General Medicine","Wafture Healthcare Pvt Ltd","30049099","12","","1","","0","tablet","","","Wafture Healthcare Pvt Ltd","","ACTIVE","OTC"
"Aquanac Eye Drop","Carboxymethylcellulose (3mg/ml) + n-acetylcarnosine (10mg/ml)","INRF-0759","","General Medicine","Raymed Pharmaceuticals Ltd","30049099","12","","1","","0","strip","","","Raymed Pharmaceuticals Ltd","","ACTIVE","OTC"
"Avessa 250 Inhaler","Formoterol (6mcg) + Fluticasone Propionate (250mcg)","INRF-0760","","Respiratory","Sun Pharmaceutical Industries Ltd","30049099","12","","1","","0","pack","","","Sun Pharmaceutical Industries Ltd","","ACTIVE","OTC"
"Asar-CT 40/12.5 Tablet","Azilsartan medoxomil (40mg) + Chlorthalidone (12.5mg)","INRF-0761","","General Medicine","Glenmark Pharmaceuticals Ltd","30049099","12","","1","","0","tablet","","","Glenmark Pharmaceuticals Ltd","","ACTIVE","OTC"
"Alkof Cough Lozenges Orange","Dichlorobenzyl Alcohol (1.2mg) + Amylmetacresol (0.6mg)","INRF-0762","","General Medicine","Alkem Laboratories Ltd","30049099","12","","1","","0","strip","","","Alkem Laboratories Ltd","","ACTIVE","OTC"
"Azuvas-F 20 Tablet","Fenofibrate (160mg) + Rosuvastatin (20mg)","INRF-0763","","Lipid lowering","Azkka Pharmaceuticals Pvt Ltd","30049099","12","","1","","0","tablet","","","Azkka Pharmaceuticals Pvt Ltd","","ACTIVE","OTC"
"Aminoven Infant Infusion","Amino Acids (10% w/v)","INRF-0764","","General Medicine","Raptakos Brett & Co Ltd","30049099","12","","1","","0","strip","","","Raptakos Brett & Co Ltd","","ACTIVE","OTC"
"Amlovas-M 2.5/25 Tablet PR","Amlodipine (2.5mg) + Metoprolol Succinate (25mg)","INRF-0765","","Cardiovascular","Macleods Pharmaceuticals Pvt Ltd","30049099","12","","1","","0","tablet","","","Macleods Pharmaceuticals Pvt Ltd","","ACTIVE","OTC"
"Altonil Plus 3 Tablet","Melatonin (3mg) + Clonazepam (0.5mg)","INRF-0766","","CNS","Alteus Biogenics Pvt Ltd","30049099","12","","1","","0","tablet","","","Alteus Biogenics Pvt Ltd","","ACTIVE","H"
"Alkepin Odt 50mg Tablet","Clozapine (50mg)","INRF-0767","","General Medicine","Alkem Laboratories Ltd","30049099","12","","1","","0","tablet","","","Alkem Laboratories Ltd","","ACTIVE","OTC"
"Aldactone T 5 Tablet","Spironolactone (50mg) + Torasemide (5mg)","INRF-0768","","Cardiovascular","RPG Life Sciences Ltd","30049099","12","","1","","0","tablet","","","RPG Life Sciences Ltd","","ACTIVE","OTC"
"Atroped 0.01% Eye Drop","Atropine (0.01% w/v)","INRF-0769","","General Medicine","Sunways India Pvt Ltd","30049099","12","","1","","0","strip","","","Sunways India Pvt Ltd","","ACTIVE","OTC"
"Adneon 6mg Injection","Adenosine (6mg)","INRF-0770","","General Medicine","Neon Laboratories Ltd","30049099","12","","1","","0","vial","","","Neon Laboratories Ltd","","ACTIVE","OTC"
"Altacef 250mg Tablet","Cefuroxime (250mg)","INRF-0771","","Antibiotic","Glenmark Pharmaceuticals Ltd","30049099","12","","1","","0","tablet","","","Glenmark Pharmaceuticals Ltd","","ACTIVE","H1"
"AF -C Dusting Powder","Clotrimazole (1% w/w)","INRF-0772","","Antifungal","Systopic Laboratories Pvt Ltd","30049099","12","","1","","0","sachet","","","Systopic Laboratories Pvt Ltd","","ACTIVE","OTC"
"Aclind BP 5% Gel","Benzoyl Peroxide (5% w/w) + Clindamycin (1% w/w)","INRF-0773","","General Medicine","Mohrish Pharmaceuticals","30049099","12","","1","","0","tube","","","Mohrish Pharmaceuticals","","ACTIVE","OTC"
"Apale Tablet","Ferrous Ascorbate (100mg) + Folic Acid (1.5mg)","INRF-0774","","Vitamin / Mineral","Uniza Healthcare LLP","30049099","12","","1","","0","tablet","","","Uniza Healthcare LLP","","ACTIVE","OTC"
"Ambrohist Plus Syrup","Guaifenesin (50mg/5ml) + Ambroxol (15mg/5ml)","INRF-0775","","General Medicine","Biochem Pharmaceutical Industries","30049099","12","","1","","0","bottle","","","Biochem Pharmaceutical Industries","","ACTIVE","OTC"
"Anna Ear Drop","Beclometasone (0.05% w/v) + Clotrimazole (1% w/v)","INRF-0776","","Antifungal","Srigan Anatto Care Pvt Ltd","30049099","12","","1","","0","strip","","","Srigan Anatto Care Pvt Ltd","","ACTIVE","OTC"
"Almizol Cream","Levamisole (NA)","INRF-0777","","General Medicine","Alembic Pharmaceuticals Ltd","30049099","12","","1","","0","tube","","","Alembic Pharmaceuticals Ltd","","ACTIVE","OTC"
"Arpizol 20 Tablet","Aripiprazole (20mg)","INRF-0778","","General Medicine","Sun Pharmaceutical Industries Ltd","30049099","12","","1","","0","tablet","","","Sun Pharmaceutical Industries Ltd","","ACTIVE","OTC"
"Aquadol Spas 20mg/50mg Injection","Dicyclomine (20mg) + Diclofenac (50mg)","INRF-0779","","Analgesic","Themis Medicare Ltd","30049099","12","","1","","0","vial","","","Themis Medicare Ltd","","ACTIVE","OTC"
"Acutret 30 Capsule","Isotretinoin (30mg)","INRF-0780","","General Medicine","Ipca Laboratories Ltd","30049099","12","","1","","0","capsule","","","Ipca Laboratories Ltd","","ACTIVE","OTC"
"Amlenox Oral Paste","Amlexanox (50mg)","INRF-0781","","General Medicine","Zuventus Healthcare Ltd","30049099","12","","1","","0","strip","","","Zuventus Healthcare Ltd","","ACTIVE","OTC"
"Actin Tablet","Cyproheptadine (NA)","INRF-0782","","General Medicine","Serve Pharmaceuticals","30049099","12","","1","","0","tablet","","","Serve Pharmaceuticals","","ACTIVE","OTC"
"Allerfree Tablet","Chlorpheniramine Maleate (2mg) + Paracetamol (500mg)","INRF-0783","","Analgesic","Unimarck Healthcare Ltd","30049099","12","","1","","0","tablet","","","Unimarck Healthcare Ltd","","ACTIVE","OTC"
"Amnurite Beta 5/20 ER Tablet","Amitriptyline (5mg) + Propranolol (20mg)","INRF-0784","","Cardiovascular","Health N U Therapeutics Pvt Ltd","30049099","12","","1","","0","tablet","","","Health N U Therapeutics Pvt Ltd","","ACTIVE","OTC"
"Anort 30 Tablet","Deflazacort (30mg)","INRF-0785","","General Medicine","Agn Healthcare","30049099","12","","1","","0","tablet","","","Agn Healthcare","","ACTIVE","OTC"
"Actiheal Tablet","Bromelain (90mg) + Trypsin (48mg)","INRF-0786","","General Medicine","Macleods Pharmaceuticals Pvt Ltd","30049099","12","","1","","0","tablet","","","Macleods Pharmaceuticals Pvt Ltd","","ACTIVE","OTC"
"Atecard D Tablet","Atenolol (50mg) + Chlorthalidone (12.5mg)","INRF-0787","","Cardiovascular","Alembic Pharmaceuticals Ltd","30049099","12","","1","","0","tablet","","","Alembic Pharmaceuticals Ltd","","ACTIVE","OTC"
"Amlong MT 5/25 Tablet PR","Amlodipine (5mg) + Metoprolol Succinate (23.75mg)","INRF-0788","","Cardiovascular","Micro Labs Ltd","30049099","12","","1","","0","tablet","","","Micro Labs Ltd","","ACTIVE","OTC"
"Alflox 400 Tablet","Norfloxacin (400mg)","INRF-0789","","General Medicine","Alkem Laboratories Ltd","30049099","12","","1","","0","tablet","","","Alkem Laboratories Ltd","","ACTIVE","OTC"
"Aloja 12.5 Tablet","Alogliptin (12.5mg)","INRF-0790","","General Medicine","Indoco Remedies Ltd","30049099","12","","1","","0","tablet","","","Indoco Remedies Ltd","","ACTIVE","OTC"
"Arava 10mg Tablet","Leflunomide (10mg)","INRF-0791","","General Medicine","Sanofi India Ltd","30049099","12","","1","","0","tablet","","","Sanofi India Ltd","","ACTIVE","OTC"
"Arthocerin-G Tablet","Glucosamine (750mg) + Diacerein (50mg)","INRF-0792","","General Medicine","Pulse Pharmaceuticals","30049099","12","","1","","0","tablet","","","Pulse Pharmaceuticals","","ACTIVE","OTC"
"Amortive Cream","Amorolfine (0.25%)","INRF-0793","","General Medicine","Rockmed Pharma Pvt. Ltd.","30049099","12","","1","","0","tube","","","Rockmed Pharma Pvt. Ltd.","","ACTIVE","OTC"
"Azithral KidTab","Azithromycin (100mg)","INRF-0794","","Antibiotic","Alembic Pharmaceuticals Ltd","30049099","12","","1","","0","tablet","","","Alembic Pharmaceuticals Ltd","","ACTIVE","H1"
"Azuvas 40 Tablet","Rosuvastatin (40mg)","INRF-0795","","Lipid lowering","Azkka Pharmaceuticals Pvt Ltd","30049099","12","","1","","0","tablet","","","Azkka Pharmaceuticals Pvt Ltd","","ACTIVE","OTC"
"Aqualube Liquigel","Carboxymethylcellulose (0.5% w/v) + Glycerin (1% w/v)","INRF-0796","","General Medicine","Ajanta Pharma Ltd","30049099","12","","1","","0","tube","","","Ajanta Pharma Ltd","","ACTIVE","OTC"
"Argifizz 1500mg Tablet","L-Arginine (1500mg)","INRF-0797","","General Medicine","Novelty Healthshine Pvt Ltd","30049099","12","","1","","0","tablet","","","Novelty Healthshine Pvt Ltd","","ACTIVE","OTC"
"Axogurd Capsule","Methylcobalamin (750mcg) + Pregabalin (75mg)","INRF-0798","","CNS","Alembic Pharmaceuticals Ltd","30049099","12","","1","","0","capsule","","","Alembic Pharmaceuticals Ltd","","ACTIVE","H"
"Aurosol Eye Drop","Hydroxypropylmethylcellulose (0.7% w/v)","INRF-0799","","General Medicine","Aurolab","30049099","12","","1","","0","strip","","","Aurolab","","ACTIVE","OTC"
"Anoscha Forte Tablet","Chondroitin (100mg) + Diacerein (50mg)","INRF-0800","","General Medicine","AN Pharmaceuticals Pvt Ltd","30049099","12","","1","","0","tablet","","","AN Pharmaceuticals Pvt Ltd","","ACTIVE","OTC"
"Aimet 25mg Tablet XR","Metoprolol Succinate (25mg)","INRF-0801","","Cardiovascular","Isis Healthcare Pvt Ltd","30049099","12","","1","","0","tablet","","","Isis Healthcare Pvt Ltd","","ACTIVE","OTC"
"Amphonex 50mg Injection","Liposomal Amphotericin B (50mg)","INRF-0802","","General Medicine","Bharat Serums & Vaccines Ltd","30049099","12","","1","","0","vial","","","Bharat Serums & Vaccines Ltd","","ACTIVE","OTC"
"Almox C Tablet","Amoxycillin (125mg) + Cloxacillin (125mg)","INRF-0803","","Antibiotic","Alkem Laboratories Ltd","30049099","12","","1","","0","tablet","","","Alkem Laboratories Ltd","","ACTIVE","H1"
"Alsera D 50 mg/10 mg Tablet","Diclofenac (50mg) + Serratiopeptidase (10mg)","INRF-0804","","Analgesic","Alkem Laboratories Ltd","30049099","12","","1","","0","tablet","","","Alkem Laboratories Ltd","","ACTIVE","OTC"
"Azel 80 Capsule","Enzalutamide (80mg)","INRF-0805","","General Medicine","Dr Reddy's Laboratories Ltd","30049099","12","","1","","0","capsule","","","Dr Reddy's Laboratories Ltd","","ACTIVE","OTC"
"Abpress PF Eye Drop","Timolol (0.5% w/v) + Brimonidine (0.15% w/v)","INRF-0806","","General Medicine","Entod Pharmaceuticals Ltd","30049099","12","","1","","0","strip","","","Entod Pharmaceuticals Ltd","","ACTIVE","OTC"
"Aziwok 600 Tablet","Azithromycin (600mg)","INRF-0807","","Antibiotic","Dr Reddy's Laboratories Ltd","30049099","12","","1","","0","tablet","","","Dr Reddy's Laboratories Ltd","","ACTIVE","H1"
"Appe Eye Drop","Polyethylene Glycol (0.4% w/v) + Propylene Glycol (0.3% w/v)","INRF-0808","","General Medicine","AAR ESS Remedies Pvt Ltd","30049099","12","","1","","0","bottle","","","AAR ESS Remedies Pvt Ltd","","ACTIVE","OTC"
"Ambrolite D Syrup","Pseudoephedrine (30mg) + Dextromethorphan Hydrobromide (10mg)","INRF-0809","","General Medicine","Tablets India Limited","30049099","12","","1","","0","bottle","","","Tablets India Limited","","ACTIVE","OTC"
"Amcold 5 mg/60 mg Tablet","Cetirizine (5mg) + Ambroxol (60mg)","INRF-0810","","Antihistamine","Cipla Ltd","30049099","12","","1","","0","tablet","","","Cipla Ltd","","ACTIVE","OTC"
"Aquamet 50mcg Nasal Spray","Mometasone (50mcg)","INRF-0811","","General Medicine","Sun Pharmaceutical Industries Ltd","30049099","12","","1","","0","strip","","","Sun Pharmaceutical Industries Ltd","","ACTIVE","OTC"
"Akem Tablet DT","Doxycycline (NA)","INRF-0812","","Antibiotic","Medoz Pharmaceutical Pvt. Ltd","30049099","12","","1","","0","tablet","","","Medoz Pharmaceutical Pvt. Ltd","","ACTIVE","H1"
"AP 100mg/325mg Tablet","Nimesulide (100mg) + Paracetamol (325mg)","INRF-0813","","Analgesic","Denizen Pharmaceuticals India (P) Ltd","30049099","12","","1","","0","tablet","","","Denizen Pharmaceuticals India (P) Ltd","","ACTIVE","OTC"
"Acutrol C 800 Tablet","Sevelamer (800mg)","INRF-0814","","General Medicine","Intas Pharmaceuticals Ltd","30049099","12","","1","","0","tablet","","","Intas Pharmaceuticals Ltd","","ACTIVE","OTC"
"Albium 10mg Tablet","Chlordiazepoxide (10mg)","INRF-0815","","General Medicine","Intas Pharmaceuticals Ltd","30049099","12","","1","","0","tablet","","","Intas Pharmaceuticals Ltd","","ACTIVE","OTC"
"Ambrodil-D Junior Syrup","Chlorpheniramine Maleate (2mg/5ml) + Dextromethorphan Hydrobromide (10mg/5ml)","INRF-0816","","Antihistamine","Aristo Pharmaceuticals Pvt Ltd","30049099","12","","1","","0","bottle","","","Aristo Pharmaceuticals Pvt Ltd","","ACTIVE","OTC"
"Acticort 10mg Tablet","Prednisolone (10mg)","INRF-0817","","Corticosteroid","Overseas Healthcare Pvt Ltd","30049099","12","","1","","0","tablet","","","Overseas Healthcare Pvt Ltd","","ACTIVE","H"
"Anaflam TH 8 Tablet","Thiocolchicoside (8mg) + Aceclofenac (100mg)","INRF-0818","","Analgesic","Albert David Ltd","30049099","12","","1","","0","tablet","","","Albert David Ltd","","ACTIVE","OTC"
"Acucort 100mg Injection","Hydrocortisone (100mg)","INRF-0819","","Corticosteroid","Macleods Pharmaceuticals Pvt Ltd","30049099","12","","1","","0","vial","","","Macleods Pharmaceuticals Pvt Ltd","","ACTIVE","H"
"Almolet Tablet","Caffeine (20mg) + Chlorpheniramine Maleate (2mg)","INRF-0820","","Antihistamine","Alkem Laboratories Ltd","30049099","12","","1","","0","tablet","","","Alkem Laboratories Ltd","","ACTIVE","OTC"
"Admol Junior 125mg Tablet","Paracetamol (125mg)","INRF-0821","","Analgesic","Ethicare Pharma","30049099","12","","1","","0","tablet","","","Ethicare Pharma","","ACTIVE","OTC"
"Acolate DS Suspension","Chlorpheniramine Maleate (2mg) + Paracetamol (250mg)","INRF-0822","","Analgesic","Gujarat Terce Laboratories Ltd","30049099","12","","1","","0","bottle","","","Gujarat Terce Laboratories Ltd","","ACTIVE","OTC"
"Advastat Gold 75mg/10mg/75mg Capsule","Aspirin (75mg) + Rosuvastatin (10mg)","INRF-0823","","Analgesic","Fusion Healthcare Pvt Ltd","30049099","12","","1","","0","capsule","","","Fusion Healthcare Pvt Ltd","","ACTIVE","OTC"
"Abdospas 20mg/500mg Tablet","Dicyclomine (20mg) + Paracetamol (500mg)","INRF-0824","","Analgesic","Signit Laboratories Pvt Ltd","30049099","12","","1","","0","tablet","","","Signit Laboratories Pvt Ltd","","ACTIVE","OTC"
"Alerchek Ophthalmic Solution","Olopatadine (0.1% w/v)","INRF-0825","","General Medicine","Indoco Remedies Ltd","30049099","12","","1","","0","bottle","","","Indoco Remedies Ltd","","ACTIVE","OTC"
"Asporelix 0.25mg Injection","Cetrorelix (0.25mg)","INRF-0826","","General Medicine","Bharat Serums & Vaccines Ltd","30049099","12","","1","","0","vial","","","Bharat Serums & Vaccines Ltd","","ACTIVE","OTC"
"Alsar D 10mg/20mg Tablet","Domperidone (10mg) + Rabeprazole (20mg)","INRF-0827","","Gastrointestinal","Candrin Pharma Pvt Ltd","30049099","12","","1","","0","tablet","","","Candrin Pharma Pvt Ltd","","ACTIVE","OTC"
"Acnetoin 20mg Tablet","Erythromycin (20mg)","INRF-0828","","Antibiotic","Resilient Cosmecueticals Pvt Ltd","30049099","12","","1","","0","tablet","","","Resilient Cosmecueticals Pvt Ltd","","ACTIVE","H1"
"App L Syrup","Cyproheptadine (5ml)","INRF-0829","","General Medicine","Vega Laboratories Pvt Ltd","30049099","12","","1","","0","bottle","","","Vega Laboratories Pvt Ltd","","ACTIVE","OTC"
"Almotan 12.5 Tablet","Almotriptan (12.5mg)","INRF-0830","","General Medicine","MSN Laboratories","30049099","12","","1","","0","tablet","","","MSN Laboratories","","ACTIVE","OTC"
"Apotab 2 Sublingual tablet","Apomorphine (2mg)","INRF-0831","","General Medicine","Alteus Biogenics Pvt Ltd","30049099","12","","1","","0","tablet","","","Alteus Biogenics Pvt Ltd","","ACTIVE","H"
"Adbrom Free Eye Drop","Bromfenac (0.9mg)","INRF-0832","","General Medicine","Entod Pharmaceuticals Ltd","30049099","12","","1","","0","strip","","","Entod Pharmaceuticals Ltd","","ACTIVE","OTC"
"Arthopan 250mg Tablet","Naproxen (250mg)","INRF-0833","","Analgesic","Crescent Therapeutics Ltd","30049099","12","","1","","0","tablet","","","Crescent Therapeutics Ltd","","ACTIVE","OTC"
"Aeknil Injection","Paracetamol (150mg)","INRF-0834","","Analgesic","Therapeutic Pharmaceuticals","30049099","12","","1","","0","vial","","","Therapeutic Pharmaceuticals","","ACTIVE","OTC"
"Afogatran 150 Capsule","Dabigatran Etexilate (150mg)","INRF-0835","","General Medicine","Torrent Pharmaceuticals Ltd","30049099","12","","1","","0","capsule","","","Torrent Pharmaceuticals Ltd","","ACTIVE","OTC"
"Ache X Tablet","Chlorzoxazone (250mg) + Diclofenac (50mg)","INRF-0836","","Analgesic","Affy Pharma Pvt Ltd","30049099","12","","1","","0","tablet","","","Affy Pharma Pvt Ltd","","ACTIVE","OTC"
"Avomira 25mg Tablet ER","Mirabegron (25mg)","INRF-0837","","General Medicine","Micro Labs Ltd","30049099","12","","1","","0","tablet","","","Micro Labs Ltd","","ACTIVE","OTC"
"Alday AM Tablet SR","Levocetirizine (5mg) + Ambroxol (75mg)","INRF-0838","","Antihistamine","S H Pharmaceuticals Ltd","30049099","12","","1","","0","tablet","","","S H Pharmaceuticals Ltd","","ACTIVE","OTC"
"Arflur Lbp 200 mg/8 mg Capsule","Aceclofenac (200mg) + Thiocolchicoside (8mg)","INRF-0839","","Analgesic","FDC Ltd","30049099","12","","1","","0","capsule","","","FDC Ltd","","ACTIVE","OTC"
"Akynzeo 300mg/0.5mg Capsule","Netupitant (300mg) + Palonosetron (0.5mg)","INRF-0840","","General Medicine","Glenmark Pharmaceuticals Ltd","30049099","12","","1","","0","capsule","","","Glenmark Pharmaceuticals Ltd","","ACTIVE","OTC"
"Auto Q 200mg Tablet","Hydroxychloroquine (200mg)","INRF-0841","","General Medicine","Regenix Drugs Ltd","30049099","12","","1","","0","tablet","","","Regenix Drugs Ltd","","ACTIVE","OTC"
"Ambrex Syrup","Ambroxol (30mg/5ml) + Menthol (0.5mg/5ml)","INRF-0842","","General Medicine","Strides shasun Ltd","30049099","12","","1","","0","bottle","","","Strides shasun Ltd","","ACTIVE","OTC"
"Abitol Tablet","Cyproheptadine (4mg)","INRF-0843","","General Medicine","Lincoln Pharmaceuticals Ltd","30049099","12","","1","","0","tablet","","","Lincoln Pharmaceuticals Ltd","","ACTIVE","OTC"
"Allercool Eye Drop","Naphazoline (0.05% w/v) + Chlorpheniramine Maleate (0.1% w/v)","INRF-0844","","Antihistamine","Optho Pharma Pvt Ltd","30049099","12","","1","","0","bottle","","","Optho Pharma Pvt Ltd","","ACTIVE","OTC"
"Alday AG Syrup","Ambroxol (30mg/5ml) + Cetirizine (5mg/5ml)","INRF-0845","","Antihistamine","S H Pharmaceuticals Ltd","30049099","12","","1","","0","bottle","","","S H Pharmaceuticals Ltd","","ACTIVE","OTC"
"Adcapone Tablet","Entacapone (200mg)","INRF-0846","","General Medicine","Sun Pharmaceutical Industries Ltd","30049099","12","","1","","0","tablet","","","Sun Pharmaceutical Industries Ltd","","ACTIVE","OTC"
"Advastat F 160mg/10mg Tablet","Fenofibrate (160mg) + Rosuvastatin (10mg)","INRF-0847","","Lipid lowering","Fusion Healthcare Pvt Ltd","30049099","12","","1","","0","tablet","","","Fusion Healthcare Pvt Ltd","","ACTIVE","OTC"
"Abel 80 Tablet","Azilsartan medoxomil (80mg)","INRF-0848","","General Medicine","Lupin Ltd","30049099","12","","1","","0","tablet","","","Lupin Ltd","","ACTIVE","OTC"
"Actidol-DP Tablet","Domperidone (10mg) + Paracetamol (325mg)","INRF-0849","","Analgesic","Obsurge Biotech Ltd","30049099","12","","1","","0","tablet","","","Obsurge Biotech Ltd","","ACTIVE","OTC"
"Aftron Tablet","L-Methyl Folate (300mcg) + Methylcobalamin (500mcg)","INRF-0850","","General Medicine","Astraea Life Sciences Pvt Ltd","30049099","12","","1","","0","tablet","","","Astraea Life Sciences Pvt Ltd","","ACTIVE","OTC"
"Alcoran 5mg Tablet","Nicorandil (5mg)","INRF-0851","","General Medicine","Alvio Pharma","30049099","12","","1","","0","tablet","","","Alvio Pharma","","ACTIVE","OTC"
"Ampilox Kid 125 mg/125 mg Tablet","Ampicillin (125mg) + Dicloxacillin (125mg)","INRF-0852","","General Medicine","Biochem Pharmaceutical Industries","30049099","12","","1","","0","tablet","","","Biochem Pharmaceutical Industries","","ACTIVE","OTC"
"Aneket 10mg Injection","Ketamine (10mg)","INRF-0853","","General Medicine","Neon Laboratories Ltd","30049099","12","","1","","0","vial","","","Neon Laboratories Ltd","","ACTIVE","OTC"
"Amox LB Capsule","Amoxycillin (500mg) + Lactobacillus (60Million spores)","INRF-0854","","Antibiotic","Assam Chemical & Pharmaceutical Pvt Ltd","30049099","12","","1","","0","capsule","","","Assam Chemical & Pharmaceutical Pvt Ltd","","ACTIVE","H1"
"Atlura 40 Tablet","Lurasidone (40mg)","INRF-0855","","General Medicine","Torrent Pharmaceuticals Ltd","30049099","12","","1","","0","tablet","","","Torrent Pharmaceuticals Ltd","","ACTIVE","OTC"
"Aerotrop-F Capsule","Formoterol (12mcg) + Tiotropium (18mcg)","INRF-0856","","Respiratory","Macleods Pharmaceuticals Pvt Ltd","30049099","12","","1","","0","capsule","","","Macleods Pharmaceuticals Pvt Ltd","","ACTIVE","OTC"
"Apc Tablet","Ampicillin (750mg) + Probenecid (NA)","INRF-0857","","General Medicine","Algen Healthcare Limited","30049099","12","","1","","0","tablet","","","Algen Healthcare Limited","","ACTIVE","OTC"
"Atm-A Gel","Azithromycin (2% w/w) + Adapalene (0.1% w/w)","INRF-0858","","Antibiotic","Indoco Remedies Ltd","30049099","12","","1","","0","tube","","","Indoco Remedies Ltd","","ACTIVE","H1"
"Albucid 30% Eye Drop","Sulphacetamide (30% w/v)","INRF-0859","","General Medicine","Allergan India Pvt Ltd","30049099","12","","1","","0","strip","","","Allergan India Pvt Ltd","","ACTIVE","OTC"
"Aerotrop Inhalation","Tiotropium (18mcg)","INRF-0860","","Respiratory","Macleods Pharmaceuticals Pvt Ltd","30049099","12","","1","","0","capsule","","","Macleods Pharmaceuticals Pvt Ltd","","ACTIVE","OTC"
"Azacort 6 Tablet","Deflazacort (6mg)","INRF-0861","","General Medicine","Three Dots Lifescience","30049099","12","","1","","0","tablet","","","Three Dots Lifescience","","ACTIVE","OTC"
"Avemome 0.1% Cream","Mometasone (0.1% w/w)","INRF-0862","","General Medicine","Avancer Labs Pvt Ltd","30049099","12","","1","","0","tube","","","Avancer Labs Pvt Ltd","","ACTIVE","OTC"
"Aimet 50mg Tablet XR","Metoprolol Succinate (50mg)","INRF-0863","","Cardiovascular","Isis Healthcare Pvt Ltd","30049099","12","","1","","0","tablet","","","Isis Healthcare Pvt Ltd","","ACTIVE","OTC"
"Arkapres 150 Tablet","Clonidine (150mcg)","INRF-0864","","General Medicine","Biokindle Lifesciences Pvt Ltd","30049099","12","","1","","0","tablet","","","Biokindle Lifesciences Pvt Ltd","","ACTIVE","OTC"
"Agmaderm Cream","Clobetasol (0.05% w/w) + Miconazole (2% w/w)","INRF-0865","","General Medicine","Amore Health Essentials Pvt Ltd","30049099","12","","1","","0","tube","","","Amore Health Essentials Pvt Ltd","","ACTIVE","OTC"
"Acnechio-M Tablet","Myo-Inositol (1000mg) + D-Chiro Inositol (25mg)","INRF-0866","","General Medicine","Senechio Pharma Pvt Ltd","30049099","12","","1","","0","tablet","","","Senechio Pharma Pvt Ltd","","ACTIVE","OTC"
"Amigaba 300 mg/10 mg Tablet","Gabapentin (300mg) + Amitriptyline (10mg)","INRF-0867","","CNS","Icon Life Sciences","30049099","12","","1","","0","tablet","","","Icon Life Sciences","","ACTIVE","H"
"Amlox 250 mg/250 mg Capsule","Amoxycillin (250mg) + Dicloxacillin (250mg)","INRF-0868","","Antibiotic","Leeford Healthcare Ltd","30049099","12","","1","","0","capsule","","","Leeford Healthcare Ltd","","ACTIVE","H1"
"Asacus Sachet","Mesalazine (1gm)","INRF-0869","","General Medicine","Galacus Healthcare Pvt Ltd","30049099","12","","1","","0","sachet","","","Galacus Healthcare Pvt Ltd","","ACTIVE","OTC"
"Ace 15mg Tablet","Serratiopeptidase (15mg)","INRF-0870","","General Medicine","Gold Line","30049099","12","","1","","0","tablet","","","Gold Line","","ACTIVE","OTC"
"Acyclosure TH 8 Tablet","Aceclofenac (100mg) + Thiocolchicoside (8mg)","INRF-0871","","Analgesic","Torrent Pharmaceuticals Ltd","30049099","12","","1","","0","tablet","","","Torrent Pharmaceuticals Ltd","","ACTIVE","OTC"
"A2 Tablet","Atenolol (NA) + Atorvastatin (NA)","INRF-0872","","Cardiovascular","Medley Pharmaceuticals","30049099","12","","1","","0","tablet","","","Medley Pharmaceuticals","","ACTIVE","OTC"
"Auxisoda-DS Tablet","Sodium Bicarbonate (1000mg)","INRF-0873","","General Medicine","Alniche Life Sciences Pvt Ltd","30049099","12","","1","","0","tablet","","","Alniche Life Sciences Pvt Ltd","","ACTIVE","OTC"
"Alkazar Liquid","Disodium Hydrogen Citrate (1.25gm)","INRF-0874","","General Medicine","Austro Labs","30049099","12","","1","","0","bottle","","","Austro Labs","","ACTIVE","OTC"
"Actibile 75 Tablet","Ursodeoxycholic Acid (75mg)","INRF-0875","","General Medicine","Zydus Cadila","30049099","12","","1","","0","tablet","","","Zydus Cadila","","ACTIVE","OTC"
"Alerkim 0.5mg Tablet","Betamethasone (0.5mg)","INRF-0876","","Corticosteroid","Kim Lab","30049099","12","","1","","0","tablet","","","Kim Lab","","ACTIVE","H"
"Aldactone Plus 25mg/20mg Tablet","Spironolactone (25mg) + Torasemide (20mg)","INRF-0877","","Cardiovascular","RPG Life Sciences Ltd","30049099","12","","1","","0","tablet","","","RPG Life Sciences Ltd","","ACTIVE","OTC"
"Arnold 250mg Injection","Testosterone (250mg)","INRF-0878","","General Medicine","Ind Swift Laboratories Ltd","30049099","12","","1","","0","vial","","","Ind Swift Laboratories Ltd","","ACTIVE","H"
"Axone O 200mg Tablet","Cefpodoxime Proxetil (200mg)","INRF-0879","","General Medicine","Cadila Pharmaceuticals Ltd","30049099","12","","1","","0","tablet","","","Cadila Pharmaceuticals Ltd","","ACTIVE","OTC"
"Atrovin Nasal Drops","Xylometazoline (0.65% w/v)","INRF-0880","","General Medicine","Admac Pharma Ltd","30049099","12","","1","","0","bottle","","","Admac Pharma Ltd","","ACTIVE","OTC"
"Aminogen Eye Drop","Amikacin (1%)","INRF-0881","","General Medicine","Jawa Pharmaceuticals Pvt Ltd","30049099","12","","1","","0","strip","","","Jawa Pharmaceuticals Pvt Ltd","","ACTIVE","OTC"
"Altram Tablet","Paracetamol/Acetaminophen (NA) + Tramadol (NA)","INRF-0882","","Analgesic","Axon Drugs Pvt Ltd","30049099","12","","1","","0","tablet","","","Axon Drugs Pvt Ltd","","ACTIVE","H"
"Alfagaba 100 Tablet","Gabapentin (100mg) + Methylcobalamin (0.5mg)","INRF-0883","","CNS","Med Manor Organics Pvt Ltd","30049099","12","","1","","0","tablet","","","Med Manor Organics Pvt Ltd","","ACTIVE","H"
"Alcarex KT Eye Drop","Alcaftadine (0.25% w/v) + Ketorolac (0.4% w/v)","INRF-0884","","General Medicine","Ajanta Pharma Ltd","30049099","12","","1","","0","strip","","","Ajanta Pharma Ltd","","ACTIVE","OTC"
"Auroprost-RT Eye Drop","Latanoprost (0.005% w/v)","INRF-0885","","General Medicine","Aurolab","30049099","12","","1","","0","strip","","","Aurolab","","ACTIVE","OTC"
"Advent 150mg Injection","Amoxycillin (125mg) + Clavulanic Acid (25mg)","INRF-0886","","Antibiotic","Cipla Ltd","30049099","12","","1","","0","vial","","","Cipla Ltd","","ACTIVE","H1"
"Acv-LB Tablet","Amoxycillin (500mg) + Potassium Clavulanate (125mg)","INRF-0887","","Antibiotic","Woakes Pharma","30049099","12","","1","","0","tablet","","","Woakes Pharma","","ACTIVE","H1"
"Actide 0.1mg Injection","Octreotide acetate (0.1mg)","INRF-0888","","General Medicine","Samarth Life Sciences Pvt Ltd","30049099","12","","1","","0","vial","","","Samarth Life Sciences Pvt Ltd","","ACTIVE","OTC"
"Aristogyl-F Oral Suspension","Furazolidone (30mg/5ml) + Metronidazole (100mg/5ml)","INRF-0889","","Antibiotic","Aristo Pharmaceuticals Pvt Ltd","30049099","12","","1","","0","bottle","","","Aristo Pharmaceuticals Pvt Ltd","","ACTIVE","H1"
"Alorti-M Tablet","Desloratadine (5mg) + Montelukast (10mg)","INRF-0890","","Respiratory","Mohrish Pharmaceuticals","30049099","12","","1","","0","tablet","","","Mohrish Pharmaceuticals","","ACTIVE","OTC"
"Actamase Forte 2000mg/250mg Powder for Injection","Cefepime (2000mg) + Tazobactum (250mg)","INRF-0891","","General Medicine","AstraZeneca","30049099","12","","1","","0","vial","","","AstraZeneca","","ACTIVE","OTC"
"Asomex-AT 5 Tablet","S-Amlodipine (5mg) + Atenolol (50mg)","INRF-0892","","Cardiovascular","Emcure Pharmaceuticals Ltd","30049099","12","","1","","0","tablet","","","Emcure Pharmaceuticals Ltd","","ACTIVE","OTC"
"Algest SR 300 Tablet","Progesterone (Natural Micronized) (300mg)","INRF-0893","","General Medicine","Cadila Pharmaceuticals Ltd","30049099","12","","1","","0","tablet","","","Cadila Pharmaceuticals Ltd","","ACTIVE","OTC"
"Abendol Plus Syrup","Ivermectin (1.5mg/5ml) + Albendazole (200mg/5ml)","INRF-0894","","General Medicine","Leeford Healthcare Ltd","30049099","12","","1","","0","bottle","","","Leeford Healthcare Ltd","","ACTIVE","OTC"
"Arorab 40mg Tablet","Rabeprazole (40mg)","INRF-0895","","Gastrointestinal","Aareen Healthcare Pvt Ltd","30049099","12","","1","","0","tablet","","","Aareen Healthcare Pvt Ltd","","ACTIVE","OTC"
"Ambcet Syrup","Cetirizine (5mg/5ml) + Ambroxol (30mg/5ml)","INRF-0896","","Antihistamine","Fourrts India Laboratories Pvt Ltd","30049099","12","","1","","0","bottle","","","Fourrts India Laboratories Pvt Ltd","","ACTIVE","OTC"
"Add Fresh Tears Eye Drop","Carboxymethylcellulose (NA)","INRF-0897","","General Medicine","Adventus Laboratories India Pvt Ltd","30049099","12","","1","","0","strip","","","Adventus Laboratories India Pvt Ltd","","ACTIVE","OTC"
"Aquadol 75mg Injection","Diclofenac (75mg)","INRF-0898","","Analgesic","Themis Medicare Ltd","30049099","12","","1","","0","vial","","","Themis Medicare Ltd","","ACTIVE","OTC"
"Albical Plus Tablet","Calcium Carbonate (1250mg) + Vitamin D3 (2000IU)","INRF-0899","","Vitamin / Mineral","Albinis Biotech Pvt Ltd","30049099","12","","1","","0","tablet","","","Albinis Biotech Pvt Ltd","","ACTIVE","OTC"
"Anxozap 30 Tablet","Oxazepam (30mg)","INRF-0900","","General Medicine","Sun Pharmaceutical Industries Ltd","30049099","12","","1","","0","tablet","","","Sun Pharmaceutical Industries Ltd","","ACTIVE","OTC"
"Altacef 1.5gm Injection","Cefuroxime (1.5gm)","INRF-0901","","Antibiotic","Glenmark Pharmaceuticals Ltd","30049099","12","","1","","0","vial","","","Glenmark Pharmaceuticals Ltd","","ACTIVE","H1"
"Anas Dee Gel","Lidocaine (2% w/v)","INRF-0902","","General Medicine","Leeford Healthcare Ltd","30049099","12","","1","","0","tube","","","Leeford Healthcare Ltd","","ACTIVE","OTC"
"Avonza Tablet","Lamivudine (300mg) + Tenofovir disoproxil fumarate (300mg)","INRF-0903","","General Medicine","Mylan Pharmaceuticals Pvt Ltd","30049099","12","","1","","0","tablet","","","Mylan Pharmaceuticals Pvt Ltd","","ACTIVE","OTC"
"Actacrez 2.25g Injection","Ceftazidime (2gm) + Tazobactum (0.25gm)","INRF-0904","","General Medicine","Fusion Healthcare Pvt Ltd","30049099","12","","1","","0","vial","","","Fusion Healthcare Pvt Ltd","","ACTIVE","OTC"
"Azunate 120mg Injection","Artesunate (120mg)","INRF-0905","","General Medicine","Macleods Pharmaceuticals Pvt Ltd","30049099","12","","1","","0","vial","","","Macleods Pharmaceuticals Pvt Ltd","","ACTIVE","OTC"
"Allercet-M Kid Tablet DT","Levocetirizine (2.5mg) + Montelukast (4mg)","INRF-0906","","Respiratory","Micro Labs Ltd","30049099","12","","1","","0","tablet","","","Micro Labs Ltd","","ACTIVE","OTC"
"Azukon-M Tablet","Gliclazide (80mg) + Metformin (500mg)","INRF-0907","","Antidiabetic","Torrent Pharmaceuticals Ltd","30049099","12","","1","","0","tablet","","","Torrent Pharmaceuticals Ltd","","ACTIVE","OTC"
"Astagon Syrup","Ambroxol (15mg) + Guaifenesin (50mg)","INRF-0908","","General Medicine","Green Cross Remedies","30049099","12","","1","","0","bottle","","","Green Cross Remedies","","ACTIVE","OTC"
"Alatro Tablet","Seratrodast (80mg)","INRF-0909","","General Medicine","Lupin Ltd","30049099","12","","1","","0","tablet","","","Lupin Ltd","","ACTIVE","OTC"
"Anxiset-E Tablet","Escitalopram Oxalate (10mg)","INRF-0910","","CNS","Obsurge Biotech Ltd","30049099","12","","1","","0","tablet","","","Obsurge Biotech Ltd","","ACTIVE","OTC"
"Amenor 5mg Tablet","Norethisterone (5mg)","INRF-0911","","General Medicine","Ikon Remedies Pvt Ltd","30049099","12","","1","","0","tablet","","","Ikon Remedies Pvt Ltd","","ACTIVE","OTC"
"Adiza Tablet","Ilaprazole (10mg)","INRF-0912","","General Medicine","Abbott","30049099","12","","1","","0","tablet","","","Abbott","","ACTIVE","OTC"
"Ampanel 6 Tablet","Perampanel (6mg)","INRF-0913","","General Medicine","Sun Pharmaceutical Industries Ltd","30049099","12","","1","","0","tablet","","","Sun Pharmaceutical Industries Ltd","","ACTIVE","OTC"
"Act Syrup","Cetirizine (5mg) + Ambroxol (30mg)","INRF-0914","","Antihistamine","Caplet India Pvt Ltd","30049099","12","","1","","0","bottle","","","Caplet India Pvt Ltd","","ACTIVE","OTC"
"Adesure 400mg Tablet","S-Adenosyl L-Methoinine Disulfate Tosylate (400mg)","INRF-0915","","General Medicine","Solarium Pharmaceuticals","30049099","12","","1","","0","tablet","","","Solarium Pharmaceuticals","","ACTIVE","OTC"
"Arvast-CF Capsule DR","Fenofibrate (135mg) + Rosuvastatin (5mg)","INRF-0916","","Lipid lowering","Intas Pharmaceuticals Ltd","30049099","12","","1","","0","capsule","","","Intas Pharmaceuticals Ltd","","ACTIVE","OTC"
"Antiderm XL Ointment","Fluocinolone acetonide (0.01% w/w) + Miconazole (2% w/w)","INRF-0917","","General Medicine","Kremoint Pharma Pvt Ltd","30049099","12","","1","","0","tube","","","Kremoint Pharma Pvt Ltd","","ACTIVE","OTC"
"Alpro 20mg Tablet","Alprazolam (20mg)","INRF-0918","","CNS","Medicross Pharmaceuticals","30049099","12","","1","","0","tablet","","","Medicross Pharmaceuticals","","ACTIVE","H"
"Azirest Tablet","Caffeine (15mg) + Chlorpheniramine Maleate (2mg)","INRF-0919","","Antihistamine","Azilliane Healthcare","30049099","12","","1","","0","tablet","","","Azilliane Healthcare","","ACTIVE","OTC"
"Alzero D Tablet","Levocetirizine (2.5mg) + Phenylephrine (10mg)","INRF-0920","","Antihistamine","Indchemie Health Specialities Pvt Ltd","30049099","12","","1","","0","tablet","","","Indchemie Health Specialities Pvt Ltd","","ACTIVE","OTC"
"Awarene PF Eye Drop","Travoprost (0.004% w/v)","INRF-0921","","General Medicine","His Eyeness Ophthalmics Pvt Ltd","30049099","12","","1","","0","strip","","","His Eyeness Ophthalmics Pvt Ltd","","ACTIVE","OTC"
"Alendate 70 Tablet","Alendronic Acid (70mg)","INRF-0922","","General Medicine","Care Formulation Labs Pvt Ltd","30049099","12","","1","","0","tablet","","","Care Formulation Labs Pvt Ltd","","ACTIVE","OTC"
"Alkof 100 mg/2 mg/10 mg Tablet","Guaifenesin (100mg) + Chlorpheniramine Maleate (2mg)","INRF-0923","","Antihistamine","Alkem Laboratories Ltd","30049099","12","","1","","0","tablet","","","Alkem Laboratories Ltd","","ACTIVE","OTC"
"Abvida-M 50mg/1000mg Eazy Glide Tablet","Metformin (50mg) + Vildagliptin (1000mg)","INRF-0924","","Antidiabetic","Abbott","30049099","12","","1","","0","tablet","","","Abbott","","ACTIVE","OTC"
"Avastin 400mg Injection","Bevacizumab (400mg)","INRF-0925","","General Medicine","Roche Products India Pvt Ltd","30049099","12","","1","","0","vial","","","Roche Products India Pvt Ltd","","ACTIVE","OTC"
"Amiseven 7% Injection","Amino Acids (7% w/v)","INRF-0926","","General Medicine","Hospimax Healthcare Pvt Ltd","30049099","12","","1","","0","vial","","","Hospimax Healthcare Pvt Ltd","","ACTIVE","OTC"
"Axepta 40mg Tablet","Atomoxetine (40mg)","INRF-0927","","General Medicine","Intas Pharmaceuticals Ltd","30049099","12","","1","","0","tablet","","","Intas Pharmaceuticals Ltd","","ACTIVE","OTC"
"Alpicno 5mg/5ml Syrup","Sodium Picosulfate (5mg/5ml)","INRF-0928","","General Medicine","Alkem Laboratories Ltd","30049099","12","","1","","0","bottle","","","Alkem Laboratories Ltd","","ACTIVE","OTC"
"Accutaz PS 250mg/31.25mg Injection","Ceftriaxone (250mg) + Tazobactum (31.25mg)","INRF-0929","","Antibiotic","Macleods Pharmaceuticals Pvt Ltd","30049099","12","","1","","0","vial","","","Macleods Pharmaceuticals Pvt Ltd","","ACTIVE","H1"
"Asomex 1.25mg Tablet","Amlodipine (1.25mg)","INRF-0930","","Cardiovascular","Emcure Pharmaceuticals Ltd","30049099","12","","1","","0","tablet","","","Emcure Pharmaceuticals Ltd","","ACTIVE","OTC"
"Angizaar 25 Tablet","Losartan (25mg)","INRF-0931","","Cardiovascular","Micro Labs Ltd","30049099","12","","1","","0","tablet","","","Micro Labs Ltd","","ACTIVE","OTC"
"Artether L 80 mg/480 mg Tablet","Artemether (80mg) + Lumefantrine (480mg)","INRF-0932","","General Medicine","Medley Pharmaceuticals","30049099","12","","1","","0","tablet","","","Medley Pharmaceuticals","","ACTIVE","OTC"
"Aprecap 150mg Injection","Aprepitant (150mg)","INRF-0933","","General Medicine","Glenmark Pharmaceuticals Ltd","30049099","12","","1","","0","vial","","","Glenmark Pharmaceuticals Ltd","","ACTIVE","OTC"
"Abamune Tablet","Abacavir (300mg)","INRF-0934","","General Medicine","Cipla Ltd","30049099","12","","1","","0","tablet","","","Cipla Ltd","","ACTIVE","OTC"
"Anti CC Tablet","Caffeine (30mg) + Chlorpheniramine Maleate (2mg)","INRF-0935","","Antihistamine","Embiotic Laboratories Pvt Ltd","30049099","12","","1","","0","tablet","","","Embiotic Laboratories Pvt Ltd","","ACTIVE","OTC"
"Azel 40mg Capsule","Enzalutamide (40mg)","INRF-0936","","General Medicine","Dr Reddy's Laboratories Ltd","30049099","12","","1","","0","capsule","","","Dr Reddy's Laboratories Ltd","","ACTIVE","OTC"
"Angiwell 6.4mg Tablet","Nitroglycerin (6.4mg)","INRF-0937","","General Medicine","Corona Remedies Pvt Ltd","30049099","12","","1","","0","tablet","","","Corona Remedies Pvt Ltd","","ACTIVE","OTC"
"Acegaba 300 Capsule","Gabapentin (300mg)","INRF-0938","","CNS","Emcure Pharmaceuticals Ltd","30049099","12","","1","","0","capsule","","","Emcure Pharmaceuticals Ltd","","ACTIVE","H"
"Aclasta 5mg/100ml Infusion","Zoledronic acid (5mg/100ml)","INRF-0939","","General Medicine","Novartis India Ltd","30049099","12","","1","","0","strip","","","Novartis India Ltd","","ACTIVE","OTC"
"Abmetop 50 XL Tablet","Metoprolol Succinate (47.5mg)","INRF-0940","","Cardiovascular","Abbott","30049099","12","","1","","0","tablet","","","Abbott","","ACTIVE","OTC"
"Abiratas 500mg Tablet","Abiraterone Acetate (500mg)","INRF-0941","","General Medicine","Intas Pharmaceuticals Ltd","30049099","12","","1","","0","tablet","","","Intas Pharmaceuticals Ltd","","ACTIVE","OTC"
"Aritop Hc Cream","Hydroquinone (2% w/w) + Mometasone (0.1% w/w)","INRF-0942","","General Medicine","Atopic Laboratories","30049099","12","","1","","0","tube","","","Atopic Laboratories","","ACTIVE","OTC"
"Angel S Syrup","Magaldrate (400mg/5ml) + Simethicone (50mg/5ml)","INRF-0943","","General Medicine","Aurz Pharmaceuticals Pvt Ltd","30049099","12","","1","","0","bottle","","","Aurz Pharmaceuticals Pvt Ltd","","ACTIVE","OTC"
"Amiodar 100 Tablet","Amiodarone (100mg)","INRF-0944","","General Medicine","Micro Labs Ltd","30049099","12","","1","","0","tablet","","","Micro Labs Ltd","","ACTIVE","OTC"
"AL Live Syrup","Tricholine Citrate (0.55gm) + Sorbitol (7.15gm)","INRF-0945","","General Medicine","Alcure Pharmaceutical Laboratories India Pvt Ltd","30049099","12","","1","","0","bottle","","","Alcure Pharmaceutical Laboratories India Pvt Ltd","","ACTIVE","OTC"
"Adacel Vaccine","Diphtheria Toxoid (5LF) + Tetanus Toxoid (22.5LF)","INRF-0946","","General Medicine","Sanofi India Ltd","30049099","12","","1","","0","vial","","","Sanofi India Ltd","","ACTIVE","OTC"
"Azenam 500mg Injection","Aztreonam (500mg)","INRF-0947","","General Medicine","Aristo Pharmaceuticals Pvt Ltd","30049099","12","","1","","0","vial","","","Aristo Pharmaceuticals Pvt Ltd","","ACTIVE","OTC"
"Ascodex Junior LS Oral Drops","Levosalbutamol (0.25mg/ml) + Ambroxol (7.5mg/ml)","INRF-0948","","Respiratory","Glenmark Pharmaceuticals Ltd","30049099","12","","1","","0","bottle","","","Glenmark Pharmaceuticals Ltd","","ACTIVE","OTC"
"Advog M 0.3 Plus Tablet","Metformin (500mg) + Voglibose (0.3mg)","INRF-0949","","Antidiabetic","Eris Lifesciences Ltd","30049099","12","","1","","0","tablet","","","Eris Lifesciences Ltd","","ACTIVE","OTC"
"Apexitra SB 65 Capsule","Itraconazole (65mg)","INRF-0950","","Antifungal","Apex Laboratories Pvt Ltd","30049099","12","","1","","0","capsule","","","Apex Laboratories Pvt Ltd","","ACTIVE","OTC"
"Ampitrust 1.5gm Injection","Ampicillin (1000mg) + Sulbactam (500mg)","INRF-0951","","General Medicine","Fusion Healthcare Pvt Ltd","30049099","12","","1","","0","vial","","","Fusion Healthcare Pvt Ltd","","ACTIVE","OTC"
"Andol 5mg Tablet","Haloperidol (5mg)","INRF-0952","","General Medicine","D D Pharmaceuticals","30049099","12","","1","","0","tablet","","","D D Pharmaceuticals","","ACTIVE","OTC"
"Addtrex Tablet","Naltrexone (50mg)","INRF-0953","","General Medicine","Rusan Pharma Ltd","30049099","12","","1","","0","tablet","","","Rusan Pharma Ltd","","ACTIVE","OTC"
"Allercet Paed 5mg Tablet","Cetirizine (5mg)","INRF-0954","","Antihistamine","Micro Labs Ltd","30049099","12","","1","","0","tablet","","","Micro Labs Ltd","","ACTIVE","OTC"
"Ancer Tablet","Caffeine (30mg) + Paracetamol (500mg)","INRF-0955","","Analgesic","Bio Vitamins","30049099","12","","1","","0","tablet","","","Bio Vitamins","","ACTIVE","OTC"
"ATryp Plus Tablet","Amitriptyline (12.5mg) + Chlordiazepoxide (10mg)","INRF-0956","","CNS","Psychocare Health Pvt Ltd","30049099","12","","1","","0","tablet","","","Psychocare Health Pvt Ltd","","ACTIVE","OTC"
"Azonate G Cream","Betamethasone (0.05% w/w) + Gentamicin (0.1% w/w)","INRF-0957","","Corticosteroid","Adips Laboratories Ltd","30049099","12","","1","","0","tube","","","Adips Laboratories Ltd","","ACTIVE","H"
"Alusil Mps Oral Suspension","Magaldrate (400mg) + Simethicone (20mg)","INRF-0958","","General Medicine","Arbro Pharmaceuticals Pvt Ltd","30049099","12","","1","","0","bottle","","","Arbro Pharmaceuticals Pvt Ltd","","ACTIVE","OTC"
"Agenon Softgel Capsule","Coenzyme Q10 (100mg) + Vitamin B6 (Pyridoxine) (25mg)","INRF-0959","","Vitamin / Mineral","Parnasa Mediworld Pvt Ltd","30049099","12","","1","","0","tube","","","Parnasa Mediworld Pvt Ltd","","ACTIVE","OTC"
"Advacan 0.5mg Tablet","Everolimus (0.5mg)","INRF-0960","","General Medicine","Biocon","30049099","12","","1","","0","tablet","","","Biocon","","ACTIVE","OTC"
"Acnetoin 10mg Tablet","Erythromycin (10mg)","INRF-0961","","Antibiotic","Resilient Cosmecueticals Pvt Ltd","30049099","12","","1","","0","tablet","","","Resilient Cosmecueticals Pvt Ltd","","ACTIVE","H1"
"Alfatam-D Tablet MR","Tamsulosin (0.4mg) + Dutasteride (0.5mg)","INRF-0962","","General Medicine","Zydus Cadila","30049099","12","","1","","0","tablet","","","Zydus Cadila","","ACTIVE","OTC"
"Adol 200mg Tablet","Ibuprofen (200mg)","INRF-0963","","Analgesic","Legend Advanced Biomedicinals","30049099","12","","1","","0","tablet","","","Legend Advanced Biomedicinals","","ACTIVE","OTC"
"Amolife 50mg Tablet","Amoxapine (50mg)","INRF-0964","","General Medicine","La Pharmaceuticals","30049099","12","","1","","0","tablet","","","La Pharmaceuticals","","ACTIVE","OTC"
"Adiflam 1% Gel","Diclofenac (1%)","INRF-0965","","Analgesic","Leben Life Sciences Pvt Ltd","30049099","12","","1","","0","tube","","","Leben Life Sciences Pvt Ltd","","ACTIVE","OTC"
"Acvaketo S Shampoo","Ketoconazole (2% w/v) + Salicylic Acid (2% w/v)","INRF-0966","","General Medicine","Ajanta Pharma Ltd","30049099","12","","1","","0","strip","","","Ajanta Pharma Ltd","","ACTIVE","OTC"
"Axonrich Tablet","Alpha Lipoic Acid (100mg) + L-Methyl Folate Calcium (1000mcg)","INRF-0967","","Vitamin / Mineral","Primus Remedies Pvt Ltd","30049099","12","","1","","0","tablet","","","Primus Remedies Pvt Ltd","","ACTIVE","OTC"
"Alcid Tablet","Aluminium Hydroxide (300mg) + Magnesium (550mg)","INRF-0968","","General Medicine","Alkem Laboratories Ltd","30049099","12","","1","","0","tablet","","","Alkem Laboratories Ltd","","ACTIVE","OTC"
"Advagraf 1mg Capsule PR","Tacrolimus (1mg)","INRF-0969","","General Medicine","Astellas Pharma Inc","30049099","12","","1","","0","capsule","","","Astellas Pharma Inc","","ACTIVE","OTC"
"Anca-V Vaginal Pessaries","Clindamycin (100mg) + Metronidazole (100mg)","INRF-0970","","Antibiotic","Omenta Pharma Pvt Ltd","30049099","12","","1","","0","strip","","","Omenta Pharma Pvt Ltd","","ACTIVE","H1"
"Anglocet Tablet","Cetirizine (NA)","INRF-0971","","Antihistamine","Anglo-French Drugs & Industries Ltd","30049099","12","","1","","0","tablet","","","Anglo-French Drugs & Industries Ltd","","ACTIVE","OTC"
"Avonir 300 Capsule","Cefdinir (300mg)","INRF-0972","","General Medicine","Avrohn Pharma I Limited","30049099","12","","1","","0","capsule","","","Avrohn Pharma I Limited","","ACTIVE","OTC"
"Azelast Eye Drop","Azelastine (0.05% w/v)","INRF-0973","","General Medicine","Sun Pharmaceutical Industries Ltd","30049099","12","","1","","0","strip","","","Sun Pharmaceutical Industries Ltd","","ACTIVE","OTC"
"Arpizol 30 Tablet","Aripiprazole (30mg)","INRF-0974","","General Medicine","Sun Pharmaceutical Industries Ltd","30049099","12","","1","","0","tablet","","","Sun Pharmaceutical Industries Ltd","","ACTIVE","OTC"
"Actreat Cream","Clindamycin (1% w/w) + Nicotinamide (5% w/w)","INRF-0975","","General Medicine","Ethinext Pharma","30049099","12","","1","","0","tube","","","Ethinext Pharma","","ACTIVE","OTC"
"Autogati Eye Drop","Gatifloxacin (0.5% w/v)","INRF-0976","","General Medicine","Lupin Ltd","30049099","12","","1","","0","bottle","","","Lupin Ltd","","ACTIVE","OTC"
"Admol Drop","Paracetamol (100mg/ml)","INRF-0977","","Analgesic","Kepler Health Care","30049099","12","","1","","0","bottle","","","Kepler Health Care","","ACTIVE","OTC"
"Acefenac SP Tablet","Ibuprofen (100mg) + Paracetamol (15mg)","INRF-0978","","Analgesic","Medichem Pharmceuticals Ltd","30049099","12","","1","","0","tablet","","","Medichem Pharmceuticals Ltd","","ACTIVE","OTC"
"Aldigesic P 50mg/125mg Oral Suspension","Aceclofenac (50mg/5ml) + Paracetamol (125mg/5ml)","INRF-0979","","Analgesic","Alkem Laboratories Ltd","30049099","12","","1","","0","bottle","","","Alkem Laboratories Ltd","","ACTIVE","OTC"
"Acartex 50 Tablet","Acarbose (50mg)","INRF-0980","","General Medicine","Zeelab Pharmacy Pvt Ltd","30049099","12","","1","","0","tablet","","","Zeelab Pharmacy Pvt Ltd","","ACTIVE","OTC"
"Aten-H 25 Tablet","Atenolol (50mg) + Hydrochlorothiazide (25mg)","INRF-0981","","Cardiovascular","Zydus Cadila","30049099","12","","1","","0","tablet","","","Zydus Cadila","","ACTIVE","OTC"
"Agidol Plus 5mg Tablet","Haloperidol (5mg) + Trihexyphenidyl (2mg)","INRF-0982","","General Medicine","AGM Biotec","30049099","12","","1","","0","tablet","","","AGM Biotec","","ACTIVE","OTC"
"Aus-Q Tablet","Bromhexine (8mg) + Chlorpheniramine Maleate (2mg)","INRF-0983","","Antihistamine","Austro Labs","30049099","12","","1","","0","tablet","","","Austro Labs","","ACTIVE","OTC"
"Acegaba ME 100mg/500mcg Tablet","Gabapentin (100mg) + Methylcobalamin (500mcg)","INRF-0984","","CNS","Emcure Pharmaceuticals Ltd","30049099","12","","1","","0","tablet","","","Emcure Pharmaceuticals Ltd","","ACTIVE","H"
"A-Ret 0.5% Cream","Tretinoin (0.5% w/w)","INRF-0985","","General Medicine","A. Menarini India Pvt Ltd","30049099","12","","1","","0","tube","","","A. Menarini India Pvt Ltd","","ACTIVE","OTC"
"Alkamin 1.53gm Syrup","Disodium Hydrogen Citrate (1.53gm)","INRF-0986","","General Medicine","Synthiko Formulations & Pharma Pvt Ltd","30049099","12","","1","","0","bottle","","","Synthiko Formulations & Pharma Pvt Ltd","","ACTIVE","OTC"
"Aminosteril N Hepa Infusion","Amino Acids (8% w/v)","INRF-0987","","General Medicine","Fresenius Kabi India Pvt Ltd","30049099","12","","1","","0","strip","","","Fresenius Kabi India Pvt Ltd","","ACTIVE","OTC"
"Acinil-O Oral Suspension","Aluminium Hydroxide (1.57gm) + Milk Of Magnesia (1.27gm)","INRF-0988","","General Medicine","Veritaz Healthcare Ltd","30049099","12","","1","","0","bottle","","","Veritaz Healthcare Ltd","","ACTIVE","OTC"
"Aumento Injection","Nandrolone Decanoate (100mg)","INRF-0989","","General Medicine","Steadfast Medishield Pvt Ltd","30049099","12","","1","","0","vial","","","Steadfast Medishield Pvt Ltd","","ACTIVE","OTC"
"Advog 0.3 Tablet","Voglibose (0.3mg)","INRF-0990","","General Medicine","Eris Lifesciences Ltd","30049099","12","","1","","0","tablet","","","Eris Lifesciences Ltd","","ACTIVE","OTC"
"Aten 100 Tablet","Atenolol (100mg)","INRF-0991","","Cardiovascular","Zydus Cadila","30049099","12","","1","","0","tablet","","","Zydus Cadila","","ACTIVE","OTC"
"Atorsave D 20 Tablet","Atorvastatin (20mg) + Vitamin D3 (1000IU)","INRF-0992","","Lipid lowering","Eris Lifesciences Ltd","30049099","12","","1","","0","tablet","","","Eris Lifesciences Ltd","","ACTIVE","OTC"
"Aptirich Syrup","Choline (275mg/5ml) + Cyproheptadine (2mg/5ml)","INRF-0993","","General Medicine","Depsons Pharma","30049099","12","","1","","0","bottle","","","Depsons Pharma","","ACTIVE","OTC"
"Azicold Plus Tablet","Caffeine (30mg) + Cetirizine (5mg)","INRF-0994","","Antihistamine","Azilliane Healthcare","30049099","12","","1","","0","tablet","","","Azilliane Healthcare","","ACTIVE","OTC"
"Atorva Asp 150 Capsule","Atorvastatin (10mg) + Aspirin (150mg)","INRF-0995","","Analgesic","Zydus Cadila","30049099","12","","1","","0","capsule","","","Zydus Cadila","","ACTIVE","OTC"
"Avomira 50mg Tablet ER","Mirabegron (50mg)","INRF-0996","","General Medicine","Micro Labs Ltd","30049099","12","","1","","0","tablet","","","Micro Labs Ltd","","ACTIVE","OTC"
"Amitone 75mg Tablet","Amitriptyline (75mg)","INRF-0997","","CNS","Intas Pharmaceuticals Ltd","30049099","12","","1","","0","tablet","","","Intas Pharmaceuticals Ltd","","ACTIVE","OTC"
"Acolate Oral Drops Mango","Chlorpheniramine Maleate (1mg) + Paracetamol (125mg)","INRF-0998","","Analgesic","Gujarat Terce Laboratories Ltd","30049099","12","","1","","0","bottle","","","Gujarat Terce Laboratories Ltd","","ACTIVE","OTC"
"Ampicillin 125mg Dry Syrup","Ampicillin (125mg)","INRF-0999","","General Medicine","Ciron Drugs & Pharmaceuticals Pvt Ltd","30049099","12","","1","","0","bottle","","","Ciron Drugs & Pharmaceuticals Pvt Ltd","","ACTIVE","OTC"
"Amitax 100mg Injection","Amikacin (100mg)","INRF-1000","","General Medicine","Alkem Laboratories Ltd","30049099","12","","1","","0","vial","","","Alkem Laboratories Ltd","","ACTIVE","OTC"
"Accurate 10 mg/150 mg Tablet","Domperidone (10mg) + Ranitidine (150mg)","INRF-1001","","Gastrointestinal","Dew Drops Lab","30049099","12","","1","","0","tablet","","","Dew Drops Lab","","ACTIVE","OTC"
"Acicaine Oral Gel","Oxetacaine (10mg/5ml) + Aluminium Hydroxide (0.291mg/5ml)","INRF-1002","","General Medicine","Votary Laboratories I Ltd","30049099","12","","1","","0","tube","","","Votary Laboratories I Ltd","","ACTIVE","OTC"
"Aloderm-N Ointment","Beclometasone (0.025% w/w) + Neomycin (0.01% w/w)","INRF-1003","","General Medicine","Daksh Pharma Pvt Ltd","30049099","12","","1","","0","tube","","","Daksh Pharma Pvt Ltd","","ACTIVE","OTC"
"Adoclear HQ Cream","Hydroquinone (5% w/w)","INRF-1004","","General Medicine","Adonis Laboratories Pvt Ltd","30049099","12","","1","","0","tube","","","Adonis Laboratories Pvt Ltd","","ACTIVE","OTC"
"Amazeo OD 400 Tablet","Amisulpride (400mg)","INRF-1005","","General Medicine","Torrent Pharmaceuticals Ltd","30049099","12","","1","","0","tablet","","","Torrent Pharmaceuticals Ltd","","ACTIVE","OTC"
"Alporate D 500mg Tablet ER","Divalproex (500mg)","INRF-1006","","General Medicine","Alteus Biogenics Pvt Ltd","30049099","12","","1","","0","tablet","","","Alteus Biogenics Pvt Ltd","","ACTIVE","OTC"
"Anin 250 Injection","Hydroxyprogesterone (250mg)","INRF-1007","","General Medicine","Ind Swift Laboratories Ltd","30049099","12","","1","","0","vial","","","Ind Swift Laboratories Ltd","","ACTIVE","OTC"
"Azole 1% Cream","Luliconazole (1% w/w)","INRF-1008","","General Medicine","Premier Nutraceuticals Pvt Ltd","30049099","12","","1","","0","tube","","","Premier Nutraceuticals Pvt Ltd","","ACTIVE","OTC"
"Avical Softgel Capsule","Calcitriol (0.25mcg) + Calcium Citrate Malate (500mg)","INRF-1009","","Vitamin / Mineral","Alde Medi Impex Ltd","30049099","12","","1","","0","tube","","","Alde Medi Impex Ltd","","ACTIVE","OTC"
"Afzeta 30mg Tablet","Afatinib dimaleate (30mg)","INRF-1010","","General Medicine","Sun Pharmaceutical Industries Ltd","30049099","12","","1","","0","tablet","","","Sun Pharmaceutical Industries Ltd","","ACTIVE","OTC"
"Alevo 250 Tablet","Levofloxacin (250mg)","INRF-1011","","Antibiotic","Alkem Laboratories Ltd","30049099","12","","1","","0","tablet","","","Alkem Laboratories Ltd","","ACTIVE","H1"
"Actinsar 8 Tablet","Candesartan (8mg)","INRF-1012","","General Medicine","Rene Lifescience","30049099","12","","1","","0","tablet","","","Rene Lifescience","","ACTIVE","OTC"
"Arava 20mg Tablet","Leflunomide (20mg)","INRF-1013","","General Medicine","Sanofi India Ltd","30049099","12","","1","","0","tablet","","","Sanofi India Ltd","","ACTIVE","OTC"
"Acupenem 1000mg Injection","Meropenem (1000mg)","INRF-1014","","Antibiotic","Macleods Pharmaceuticals Pvt Ltd","30049099","12","","1","","0","vial","","","Macleods Pharmaceuticals Pvt Ltd","","ACTIVE","H1"
"Acnesol CL Gel","Clarithromycin (1% w/w)","INRF-1015","","Antibiotic","Systopic Laboratories Pvt Ltd","30049099","12","","1","","0","tube","","","Systopic Laboratories Pvt Ltd","","ACTIVE","H1"
"Atorsave D 40 Tablet","Atorvastatin (40mg) + Vitamin D3 (1000IU)","INRF-1016","","Lipid lowering","Eris Lifesciences Ltd","30049099","12","","1","","0","tablet","","","Eris Lifesciences Ltd","","ACTIVE","OTC"
"Accutaz HS 500mg/62.5mg Injection","Ceftriaxone (500mg) + Tazobactum (62.5mg)","INRF-1017","","Antibiotic","Macleods Pharmaceuticals Pvt Ltd","30049099","12","","1","","0","vial","","","Macleods Pharmaceuticals Pvt Ltd","","ACTIVE","H1"
"Alten F 10/80 Tablet","Atorvastatin (10mg) + Fenofibrate (80mg)","INRF-1018","","Lipid lowering","Alteus Biogenics Pvt Ltd","30049099","12","","1","","0","tablet","","","Alteus Biogenics Pvt Ltd","","ACTIVE","OTC"
"Ampisure Tablet","Sultamicillin tosilate (375mg)","INRF-1019","","General Medicine","Altavista Life Sciences Pvt Ltd","30049099","12","","1","","0","tablet","","","Altavista Life Sciences Pvt Ltd","","ACTIVE","OTC"
"Althrocin Kid 125mg Tablet","Erythromycin (125mg)","INRF-1020","","Antibiotic","Alembic Pharmaceuticals Ltd","30049099","12","","1","","0","tablet","","","Alembic Pharmaceuticals Ltd","","ACTIVE","H1"
"Acsolve C Gel","Clindamycin (1% w/w) + Tretinoin (0.025% w/w)","INRF-1021","","General Medicine","Ind Swift Laboratories Ltd","30049099","12","","1","","0","tube","","","Ind Swift Laboratories Ltd","","ACTIVE","OTC"
"Anglocet Plus Tablet","Paracetamol (NA) + Phenylpropanolamine (NA)","INRF-1022","","Analgesic","Anglo-French Drugs & Industries Ltd","30049099","12","","1","","0","tablet","","","Anglo-French Drugs & Industries Ltd","","ACTIVE","OTC"
"Alerfri Syrup","Chlorpheniramine Maleate (2mg) + Paracetamol (125mg)","INRF-1023","","Analgesic","Navil Laboratories Pvt Ltd","30049099","12","","1","","0","bottle","","","Navil Laboratories Pvt Ltd","","ACTIVE","OTC"
"A-3 Kit","Fluconazole (150mg) + Azithromycin (1000mg)","INRF-1024","","Antibiotic","Pinarc Life Sciences","30049099","12","","1","","0","tablet","","","Pinarc Life Sciences","","ACTIVE","H1"
"Antadict 250mg Tablet","Disulfiram (250mg)","INRF-1025","","General Medicine","Intas Pharmaceuticals Ltd","30049099","12","","1","","0","tablet","","","Intas Pharmaceuticals Ltd","","ACTIVE","OTC"
"Abamune L 600 mg/300 mg Tablet","Abacavir (600mg) + Lamivudine (300mg)","INRF-1026","","General Medicine","Cipla Ltd","30049099","12","","1","","0","tablet","","","Cipla Ltd","","ACTIVE","OTC"
"Antrenyl 5mg Tablet","Oxyphenonium (5mg)","INRF-1027","","General Medicine","Novartis India Ltd","30049099","12","","1","","0","tablet","","","Novartis India Ltd","","ACTIVE","OTC"
"Anxiset 1 Tablet","Flupenthixol (1mg)","INRF-1028","","General Medicine","Obsurge Biotech Ltd","30049099","12","","1","","0","tablet","","","Obsurge Biotech Ltd","","ACTIVE","OTC"
"Aquim 0.18% Eye Gel","Hyaluronic Acid (0.18% w/v)","INRF-1029","","General Medicine","His Eyeness Ophthalmics Pvt Ltd","30049099","12","","1","","0","tube","","","His Eyeness Ophthalmics Pvt Ltd","","ACTIVE","OTC"
"Angizem 30 Tablet MR","Diltiazem (30mg)","INRF-1030","","General Medicine","Sun Pharmaceutical Industries Ltd","30049099","12","","1","","0","tablet","","","Sun Pharmaceutical Industries Ltd","","ACTIVE","OTC"
"Alocet-XL 2.5mg/5ml/30mg/5ml Syrup","Cetirizine (2.5mg/5ml) + Ambroxol (30mg/5ml)","INRF-1031","","Antihistamine","Viilbery Healthcare Pvt Ltd","30049099","12","","1","","0","bottle","","","Viilbery Healthcare Pvt Ltd","","ACTIVE","OTC"
"Azonate GC Cream","Betamethasone (0.05% w/w) + Clotrimazole (1% w/w)","INRF-1032","","Corticosteroid","Adips Laboratories Ltd","30049099","12","","1","","0","tube","","","Adips Laboratories Ltd","","ACTIVE","H"
"Avillin 25mg Injection","Nandrolone Decanoate (25mg)","INRF-1033","","General Medicine","Admac Pharma Ltd","30049099","12","","1","","0","vial","","","Admac Pharma Ltd","","ACTIVE","OTC"
"Action 50mg/500mg Tablet","Caffeine (50mg) + Paracetamol (500mg)","INRF-1034","","Analgesic","Flora & Pharma","30049099","12","","1","","0","tablet","","","Flora & Pharma","","ACTIVE","OTC"
"Allermin 4mg Tablet","Chlorpheniramine Maleate (4mg)","INRF-1035","","Antihistamine","Syncom Formulations I Limited","30049099","12","","1","","0","tablet","","","Syncom Formulations I Limited","","ACTIVE","OTC"
"Aloja-M Forte Tablet","Alogliptin (12.5mg) + Metformin (1000mg)","INRF-1036","","Antidiabetic","Indoco Remedies Ltd","30049099","12","","1","","0","tablet","","","Indoco Remedies Ltd","","ACTIVE","OTC"
"Auroflox 0.3% Eye Drop","Ofloxacin (0.3% w/v)","INRF-1037","","Antibiotic","Aurolab","30049099","12","","1","","0","strip","","","Aurolab","","ACTIVE","H1"
"AKT-FD Tablet","Isoniazid (100mg) + Rifampicin (150mg)","INRF-1038","","General Medicine","Lupin Ltd","30049099","12","","1","","0","tablet","","","Lupin Ltd","","ACTIVE","OTC"
"Amitone Syrup","Amitriptyline (NA)","INRF-1039","","CNS","Maneesh Pharmaceuticals Ltd","30049099","12","","1","","0","bottle","","","Maneesh Pharmaceuticals Ltd","","ACTIVE","OTC"
"Asmita Tablet","Ethinyl Estradiol (0.03mg) + Drospirenone (3mg)","INRF-1040","","General Medicine","Integrace Pvt Ltd","30049099","12","","1","","0","tablet","","","Integrace Pvt Ltd","","ACTIVE","OTC"
"Angidil 500mg Tablet SR","Ranolazine (500mg)","INRF-1041","","General Medicine","Tas Med India Pvt Ltd","30049099","12","","1","","0","tablet","","","Tas Med India Pvt Ltd","","ACTIVE","OTC"
"Armril Injection IP","Tranexamic Acid (500mg)","INRF-1042","","General Medicine","Alika Healthcare Pvt Ltd","30049099","12","","1","","0","vial","","","Alika Healthcare Pvt Ltd","","ACTIVE","OTC"
"Aldigesic Injection","Aceclofenac (NA) + Paracetamol (NA)","INRF-1043","","Analgesic","Alkem Laboratories Ltd","30049099","12","","1","","0","vial","","","Alkem Laboratories Ltd","","ACTIVE","OTC"
"Avigan 200mg Tablet","Favipiravir (200mg)","INRF-1044","","General Medicine","Dr Reddy's Laboratories Ltd","30049099","12","","1","","0","tablet","","","Dr Reddy's Laboratories Ltd","","ACTIVE","OTC"
"Alerta D Tablet","Desloratadine (NA)","INRF-1045","","Antihistamine","Gary Pharmaceuticals Pvt Ltd","30049099","12","","1","","0","tablet","","","Gary Pharmaceuticals Pvt Ltd","","ACTIVE","OTC"
"Actipar Syrup","Piperazine (NA)","INRF-1046","","General Medicine","Torque Pharmaceuticals Pvt Ltd","30049099","12","","1","","0","bottle","","","Torque Pharmaceuticals Pvt Ltd","","ACTIVE","OTC"
"Ambulax ETM Tablet","Etizolam (0.25mg) + Propranolol (20mg)","INRF-1047","","Cardiovascular","Unimarck Pharma India Ltd","30049099","12","","1","","0","tablet","","","Unimarck Pharma India Ltd","","ACTIVE","OTC"
"Amcrylate Bio-Adhesive","Iso Amyl 2-Cynoacrylate (NA)","INRF-1048","","General Medicine","Concord Drugs Ltd","30049099","12","","1","","0","vial","","","Concord Drugs Ltd","","ACTIVE","OTC"
"Alvizine 10mg Tablet","Levocetirizine (10mg)","INRF-1049","","Antihistamine","Bios Lab","30049099","12","","1","","0","tablet","","","Bios Lab","","ACTIVE","OTC"
"Aten-H 12.5 Tablet","Atenolol (50mg) + Hydrochlorothiazide (12.5mg)","INRF-1050","","Cardiovascular","Zydus Cadila","30049099","12","","1","","0","tablet","","","Zydus Cadila","","ACTIVE","OTC"
"Atibon-K27 Softgel Capsule","Calcitriol (0.25mcg) + Calcium Carbonate (250mg)","INRF-1051","","Vitamin / Mineral","Pristine Formulations","30049099","12","","1","","0","tube","","","Pristine Formulations","","ACTIVE","OTC"
"Alwin Syrup","Albendazole (200mg/5ml)","INRF-1052","","General Medicine","Winmac Laboratories Ltd","30049099","12","","1","","0","bottle","","","Winmac Laboratories Ltd","","ACTIVE","OTC"
"Acnetoin Capsule","Clindamycin (300mg)","INRF-1053","","General Medicine","Leeford Healthcare Ltd","30049099","12","","1","","0","capsule","","","Leeford Healthcare Ltd","","ACTIVE","OTC"
"Admine 400 Tablet","Imatinib mesylate (400mg)","INRF-1054","","General Medicine","Adley Formulations","30049099","12","","1","","0","tablet","","","Adley Formulations","","ACTIVE","OTC"
"Actorise 200 Injection","Darbepoetin alfa (200mcg)","INRF-1055","","General Medicine","Cipla Ltd","30049099","12","","1","","0","vial","","","Cipla Ltd","","ACTIVE","OTC"
"Acicon 40mg Tablet","Famotidine (40mg)","INRF-1056","","Gastrointestinal","Alembic Pharmaceuticals Ltd","30049099","12","","1","","0","tablet","","","Alembic Pharmaceuticals Ltd","","ACTIVE","OTC"
"Amore 20mg Tablet","Tadalafil (20mg)","INRF-1057","","General Medicine","Chemo Biological","30049099","12","","1","","0","tablet","","","Chemo Biological","","ACTIVE","H"
"Aerodyn-T Syrup","Terbutaline (1.5mg)","INRF-1058","","General Medicine","Century Life Science","30049099","12","","1","","0","bottle","","","Century Life Science","","ACTIVE","OTC"
"Audotic Ear Drop","Lidocaine (2% w/v) + Clotrimazole (1% w/v)","INRF-1059","","Antifungal","Kaizen Pharmaceuticals Pvt Ltd","30049099","12","","1","","0","strip","","","Kaizen Pharmaceuticals Pvt Ltd","","ACTIVE","OTC"
"Alciflox 250mg Tablet","Ciprofloxacin (250mg)","INRF-1060","","Antibiotic","Alkem Laboratories Ltd","30049099","12","","1","","0","tablet","","","Alkem Laboratories Ltd","","ACTIVE","H1"
"Aristogyl-F Tablet","Furazolidone (100mg) + Metronidazole (400mg)","INRF-1061","","Antibiotic","Aristo Pharmaceuticals Pvt Ltd","30049099","12","","1","","0","tablet","","","Aristo Pharmaceuticals Pvt Ltd","","ACTIVE","H1"
"Arsenox 10mg Injection","Arsenic Trioxide (10mg)","INRF-1062","","General Medicine","Intas Pharmaceuticals Ltd","30049099","12","","1","","0","vial","","","Intas Pharmaceuticals Ltd","","ACTIVE","OTC"
"A Cef 1gm Injection","Ceftriaxone (1gm)","INRF-1063","","Antibiotic","AAA Pharma Trade Pvt Ltd","30049099","12","","1","","0","vial","","","AAA Pharma Trade Pvt Ltd","","ACTIVE","H1"
"Aldex 6mg Tablet SR","Dexchlorpheniramine (6mg)","INRF-1064","","Antihistamine","Zee Laboratories","30049099","12","","1","","0","tablet","","","Zee Laboratories","","ACTIVE","OTC"
"Anofer S 100mg Injection","Iron (100mg)","INRF-1065","","Vitamin / Mineral","Sun Pharmaceutical Industries Ltd","30049099","12","","1","","0","vial","","","Sun Pharmaceutical Industries Ltd","","ACTIVE","OTC"
"Alprax Z 0.25 mg/3 mg Tablet","Alprazolam (0.25mg) + Melatonin (3mg)","INRF-1066","","CNS","Torrent Pharmaceuticals Ltd","30049099","12","","1","","0","tablet","","","Torrent Pharmaceuticals Ltd","","ACTIVE","H"
"Ampitrust 750 Tablet","Sultamicillin tosilate (750mg)","INRF-1067","","General Medicine","Fusion Healthcare Pvt Ltd","30049099","12","","1","","0","tablet","","","Fusion Healthcare Pvt Ltd","","ACTIVE","OTC"
"Abhay-TOX Vaccine","Tetanus Toxoid (NA)","INRF-1068","","General Medicine","Indian Immunologicals Ltd","30049099","12","","1","","0","vial","","","Indian Immunologicals Ltd","","ACTIVE","OTC"
"Acenac Gel","Aceclofenac (NA)","INRF-1069","","Analgesic","Medley Pharmaceuticals","30049099","12","","1","","0","tube","","","Medley Pharmaceuticals","","ACTIVE","OTC"
"Arbitel-80 H Tablet","Telmisartan (80mg) + Hydrochlorothiazide (12.5mg)","INRF-1070","","Cardiovascular","Micro Labs Ltd","30049099","12","","1","","0","tablet","","","Micro Labs Ltd","","ACTIVE","OTC"
"Azenam 2gm Injection","Aztreonam (2gm)","INRF-1071","","General Medicine","Aristo Pharmaceuticals Pvt Ltd","30049099","12","","1","","0","vial","","","Aristo Pharmaceuticals Pvt Ltd","","ACTIVE","OTC"
"Andulfa 100mg Injection","Anidulafungin (100mg)","INRF-1072","","General Medicine","Intas Pharmaceuticals Ltd","30049099","12","","1","","0","vial","","","Intas Pharmaceuticals Ltd","","ACTIVE","OTC"
"Analar Eye Drop","Naphazoline (0.05% w/v) + Chlorpheniramine Maleate (0.01% w/v)","INRF-1073","","Antihistamine","Pharmtak Ophtalmics India Pvt Ltd","30049099","12","","1","","0","strip","","","Pharmtak Ophtalmics India Pvt Ltd","","ACTIVE","OTC"
"Afix 200mg Tablet","Cefixime (200mg) + Lactobacillus (60Million spores)","INRF-1074","","Antibiotic","Alpic Biotech Ltd","30049099","12","","1","","0","tablet","","","Alpic Biotech Ltd","","ACTIVE","H1"
"Afinitor 5mg Tablet","Everolimus (5mg)","INRF-1075","","General Medicine","Novartis India Ltd","30049099","12","","1","","0","tablet","","","Novartis India Ltd","","ACTIVE","OTC"
"Aquasol C Oral Drops","Vitamin C (75mg)","INRF-1076","","Vitamin / Mineral","Lifeon Paediatrics Ltd","30049099","12","","1","","0","bottle","","","Lifeon Paediatrics Ltd","","ACTIVE","OTC"
"AGA Tablet","Finasteride (1mg)","INRF-1077","","General Medicine","Nidus Pharma Pvt Ltd","30049099","12","","1","","0","tablet","","","Nidus Pharma Pvt Ltd","","ACTIVE","OTC"
"Alphadol 1mcg Soft Gelatin Capsule","Alfacalcidol (1mcg)","INRF-1078","","General Medicine","Panacea Biotec Ltd","30049099","12","","1","","0","tube","","","Panacea Biotec Ltd","","ACTIVE","OTC"
"Aroximat CR 12.5 Tablet","Paroxetine (12.5mg)","INRF-1079","","General Medicine","Matteo Healthcare Pvt Ltd","30049099","12","","1","","0","tablet","","","Matteo Healthcare Pvt Ltd","","ACTIVE","OTC"
"Art Tablet","Glucosamine (NA) + Chondroitin (NA)","INRF-1080","","General Medicine","Serve Pharmaceuticals","30049099","12","","1","","0","tablet","","","Serve Pharmaceuticals","","ACTIVE","OTC"
"Almox DS 250mg Oral Suspension","Amoxycillin (250mg/5ml)","INRF-1081","","Antibiotic","Alkem Laboratories Ltd","30049099","12","","1","","0","bottle","","","Alkem Laboratories Ltd","","ACTIVE","H1"
"Amixide 5 Tablet","Amitriptyline (25mg) + Chlordiazepoxide (5mg)","INRF-1082","","CNS","Sun Pharmaceutical Industries Ltd","30049099","12","","1","","0","tablet","","","Sun Pharmaceutical Industries Ltd","","ACTIVE","OTC"
"Apetone Syrup","Lysine (NA) + Cyproheptadine (NA)","INRF-1083","","General Medicine","Synokem Pharmaceuticals Ltd","30049099","12","","1","","0","bottle","","","Synokem Pharmaceuticals Ltd","","ACTIVE","OTC"
"Alpred 4mg Tablet","Methylprednisolone (4mg)","INRF-1084","","Corticosteroid","Allenge India","30049099","12","","1","","0","tablet","","","Allenge India","","ACTIVE","H"
"Activert 16mg Tablet","Betahistine (16mg)","INRF-1085","","General Medicine","Univentis Medicare Ltd","30049099","12","","1","","0","tablet","","","Univentis Medicare Ltd","","ACTIVE","OTC"
"Arbitel-CT 80 Tablet","Telmisartan (80mg) + Chlorthalidone (12.5mg)","INRF-1086","","Cardiovascular","Micro Labs Ltd","30049099","12","","1","","0","tablet","","","Micro Labs Ltd","","ACTIVE","OTC"
"Alevo 750 Tablet","Levofloxacin (750mg)","INRF-1087","","Antibiotic","Alkem Laboratories Ltd","30049099","12","","1","","0","tablet","","","Alkem Laboratories Ltd","","ACTIVE","H1"
"Aclovin-SP Tablet","Aceclofenac (100mg) + Paracetamol (325 mg)","INRF-1088","","Analgesic","Vinca Lifesciences","30049099","12","","1","","0","tablet","","","Vinca Lifesciences","","ACTIVE","OTC"
"Adina C Gel","Adapalene (0.1% w/v) + Clindamycin (1% w/v)","INRF-1089","","General Medicine","Canbro Healthcare","30049099","12","","1","","0","tube","","","Canbro Healthcare","","ACTIVE","OTC"
"Acderm Cream","Beclometasone (0.025% w/w) + Clotrimazole (1% w/w)","INRF-1090","","Antifungal","Acme Pharmaceutical","30049099","12","","1","","0","tube","","","Acme Pharmaceutical","","ACTIVE","OTC"
"Aculife Sterile Water for injection","Sterile Water (NA)","INRF-1091","","General Medicine","Aculife Healthcare Private Limited","30049099","12","","1","","0","vial","","","Aculife Healthcare Private Limited","","ACTIVE","OTC"
"Amrizol-DSR Capsule","Domperidone (30mg) + Esomeprazole (40mg)","INRF-1092","","Gastrointestinal","Nuorik Healthcare","30049099","12","","1","","0","capsule","","","Nuorik Healthcare","","ACTIVE","OTC"
"Axokine Injection","Filgrastim (300mcg)","INRF-1093","","General Medicine","Axiommax Oncology Pvt Ltd","30049099","12","","1","","0","vial","","","Axiommax Oncology Pvt Ltd","","ACTIVE","OTC"
"Actihair 5mg/5mg Tablet","Biotin (5mg) + Folic Acid (5mg)","INRF-1094","","Vitamin / Mineral","Leeford Healthcare Ltd","30049099","12","","1","","0","tablet","","","Leeford Healthcare Ltd","","ACTIVE","OTC"
"Aricep 23 SR Tablet","Donepezil (23mg)","INRF-1095","","General Medicine","Eisai Pharmaceuticals India Pvt Ltd","30049099","12","","1","","0","tablet","","","Eisai Pharmaceuticals India Pvt Ltd","","ACTIVE","OTC"
"Artacil 100mg/ml Injection","Atracurium (100mg/ml)","INRF-1096","","General Medicine","Neon Laboratories Ltd","30049099","12","","1","","0","vial","","","Neon Laboratories Ltd","","ACTIVE","OTC"
"Axis 250mg Tablet DT","Cefadroxil (250mg)","INRF-1097","","General Medicine","Sierra Pharmaceuticals Ltd","30049099","12","","1","","0","tablet","","","Sierra Pharmaceuticals Ltd","","ACTIVE","OTC"
"Ampilin 1gm Injection","Ampicillin (1gm)","INRF-1098","","General Medicine","Hetero Drugs Ltd","30049099","12","","1","","0","vial","","","Hetero Drugs Ltd","","ACTIVE","OTC"
"Aurinorm 5 mg/2.5 mg Tablet","Chlordiazepoxide (5mg) + Clidinium (2.5mg)","INRF-1099","","General Medicine","Aurum Life Science Pvt Ltd","30049099","12","","1","","0","tablet","","","Aurum Life Science Pvt Ltd","","ACTIVE","OTC"
"Apidine Eye Drop","Povidone Iodine (0.5% w/v)","INRF-1100","","General Medicine","Appasamy Ocular Device Pvt Ltd","30049099","12","","1","","0","strip","","","Appasamy Ocular Device Pvt Ltd","","ACTIVE","OTC"
"Amtas Prp Tablet","Amlodipine (5mg) + Perindopril erbumine (4mg)","INRF-1101","","Cardiovascular","Intas Pharmaceuticals Ltd","30049099","12","","1","","0","tablet","","","Intas Pharmaceuticals Ltd","","ACTIVE","OTC"
"Aneket 50mg Injection","Ketamine (50mg)","INRF-1102","","General Medicine","Neon Laboratories Ltd","30049099","12","","1","","0","vial","","","Neon Laboratories Ltd","","ACTIVE","OTC"
"Awarene T PF Eye Drop","Timolol (5mg) + Travoprost (40mcg)","INRF-1103","","General Medicine","His Eyeness Ophthalmics Pvt Ltd","30049099","12","","1","","0","strip","","","His Eyeness Ophthalmics Pvt Ltd","","ACTIVE","OTC"
"Adilan 10 Tablet","Isoxsuprine (10mg)","INRF-1104","","General Medicine","Albert David Ltd","30049099","12","","1","","0","tablet","","","Albert David Ltd","","ACTIVE","OTC"
"Acegaba ME 300mg/500mcg Tablet","Gabapentin (300mg) + Methylcobalamin (500mcg)","INRF-1105","","CNS","Emcure Pharmaceuticals Ltd","30049099","12","","1","","0","tablet","","","Emcure Pharmaceuticals Ltd","","ACTIVE","H"
"Aclomet-XL 25 Tablet","Metoprolol Succinate (23.75mg)","INRF-1106","","Cardiovascular","Ajanta Pharma Ltd","30049099","12","","1","","0","tablet","","","Ajanta Pharma Ltd","","ACTIVE","OTC"
"Antigrain Tablet","Caffeine (100mg) + Ergotamine (1mg)","INRF-1107","","General Medicine","Ikon Remedies Pvt Ltd","30049099","12","","1","","0","tablet","","","Ikon Remedies Pvt Ltd","","ACTIVE","OTC"
"Appamide Plus Eye Drop","Phenylephrine (5% w/v) + Tropicamide (0.8% w/v)","INRF-1108","","General Medicine","Appasamy Ocular Device Pvt Ltd","30049099","12","","1","","0","strip","","","Appasamy Ocular Device Pvt Ltd","","ACTIVE","OTC"
"Alerid-D Syrup","Phenylpropanolamine (NA) + Cetirizine (NA)","INRF-1109","","Antihistamine","Cipla Ltd","30049099","12","","1","","0","bottle","","","Cipla Ltd","","ACTIVE","OTC"
"Alphadopa L Tablet","Labetalol (100mg)","INRF-1110","","General Medicine","Wockhardt Ltd","30049099","12","","1","","0","tablet","","","Wockhardt Ltd","","ACTIVE","OTC"
"Azital-LB 500 Tablet","Azithromycin (500mg) + Lactic acid bacillus (60Million spores)","INRF-1111","","Antibiotic","Vee Remedies","30049099","12","","1","","0","tablet","","","Vee Remedies","","ACTIVE","H1"
"Amicet Syrup","Levocetirizine (2.5mg/5ml) + Ambroxol (30mg/5ml)","INRF-1112","","Antihistamine","Leeford Healthcare Ltd","30049099","12","","1","","0","bottle","","","Leeford Healthcare Ltd","","ACTIVE","OTC"
"Alkof Syrup","Cetirizine (2mg) + Dextromethorphan Hydrobromide (10mg)","INRF-1113","","Antihistamine","Alkem Laboratories Ltd","30049099","12","","1","","0","bottle","","","Alkem Laboratories Ltd","","ACTIVE","OTC"
"Aliclair 250mg Tablet","Clarithromycin (250mg)","INRF-1114","","Antibiotic","Leeford Healthcare Ltd","30049099","12","","1","","0","tablet","","","Leeford Healthcare Ltd","","ACTIVE","H1"
"Affocal-CT Softgel","Calcitriol (0.25mcg) + Calcium Carbonate (500mg)","INRF-1115","","Vitamin / Mineral","Acmedix Pharma LLP","30049099","12","","1","","0","tube","","","Acmedix Pharma LLP","","ACTIVE","OTC"
"ART Eye Drop","Hydroxypropylmethylcellulose (3mg/ml) + Boric Acid (5mg/ml)","INRF-1116","","General Medicine","Appasamy Ocular Device Pvt Ltd","30049099","12","","1","","0","bottle","","","Appasamy Ocular Device Pvt Ltd","","ACTIVE","OTC"
"Ablu 50mg Tablet","Bicalutamide (50mg)","INRF-1117","","General Medicine","Neon Laboratories Ltd","30049099","12","","1","","0","tablet","","","Neon Laboratories Ltd","","ACTIVE","OTC"
"Altonil LS 5 Tablet","Melatonin (5mg) + Clonazepam (0.25mg)","INRF-1118","","CNS","Alteus Biogenics Pvt Ltd","30049099","12","","1","","0","tablet","","","Alteus Biogenics Pvt Ltd","","ACTIVE","H"
"Aim7 30mg/15mg/500mg Tablet XR","Gliclazide (30mg) + Pioglitazone (15mg)","INRF-1119","","Antidiabetic","Eris Lifesciences Ltd","30049099","12","","1","","0","tablet","","","Eris Lifesciences Ltd","","ACTIVE","OTC"
"Atrox 150mg Tablet","Roxithromycin (150mg)","INRF-1120","","General Medicine","Zota Health care Ltd","30049099","12","","1","","0","tablet","","","Zota Health care Ltd","","ACTIVE","OTC"
"Actibile 450 SR Tablet","Ursodeoxycholic Acid (450mg)","INRF-1121","","General Medicine","Zydus Cadila","30049099","12","","1","","0","tablet","","","Zydus Cadila","","ACTIVE","OTC"
"Alcinac-P Oral Suspension","Aceclofenac (50mg) + Paracetamol (125mg)","INRF-1122","","Analgesic","Leeford Healthcare Ltd","30049099","12","","1","","0","bottle","","","Leeford Healthcare Ltd","","ACTIVE","OTC"
"Azfex M 120mg/10mg Tablet","Montelukast (120mg) + Fexofenadine (10mg)","INRF-1123","","Respiratory","Azkka Pharmaceuticals Pvt Ltd","30049099","12","","1","","0","tablet","","","Azkka Pharmaceuticals Pvt Ltd","","ACTIVE","OTC"
"Afinitor 10mg Tablet","Everolimus (10mg)","INRF-1124","","General Medicine","Novartis India Ltd","30049099","12","","1","","0","tablet","","","Novartis India Ltd","","ACTIVE","OTC"
"Alerta Injection","Ertapenem (1gm)","INRF-1125","","General Medicine","Alkem Laboratories Ltd","30049099","12","","1","","0","vial","","","Alkem Laboratories Ltd","","ACTIVE","OTC"
"Adcyclo Tablet","Cyclophosphamide (50mg)","INRF-1126","","General Medicine","Adley Formulations","30049099","12","","1","","0","tablet","","","Adley Formulations","","ACTIVE","OTC"
"ACE 2.5mg Tablet","Ramipril (2.5mg)","INRF-1127","","Cardiovascular","Paras Impex","30049099","12","","1","","0","tablet","","","Paras Impex","","ACTIVE","OTC"
"Arofen Plus Gel","Diclofenac diethylamine (1.16% w/w) + Linseed Oil (3% w/w)","INRF-1128","","Analgesic","Makers Laboratories Ltd","30049099","12","","1","","0","tube","","","Makers Laboratories Ltd","","ACTIVE","OTC"
"Allerone Syrup","Levocetirizine (NA)","INRF-1129","","Antihistamine","Gladstone Pharma India Pvt Ltd","30049099","12","","1","","0","bottle","","","Gladstone Pharma India Pvt Ltd","","ACTIVE","OTC"
"Aflox D Eye Drop","Ofloxacin (0.3% w/v) + Dexamethasone (0.1% w/v)","INRF-1130","","Antibiotic","Appasamy Ocular Device Pvt Ltd","30049099","12","","1","","0","strip","","","Appasamy Ocular Device Pvt Ltd","","ACTIVE","H1"
"Acegaba 400mg Tablet","Gabapentin (400mg)","INRF-1131","","CNS","Arinna Lifescience Pvt Ltd","30049099","12","","1","","0","tablet","","","Arinna Lifescience Pvt Ltd","","ACTIVE","H"
"Afderm Plus Cream","Clobetasol (0.05% w/w) + Neomycin (0.5% w/w)","INRF-1132","","General Medicine","Anglo-French Drugs & Industries Ltd","30049099","12","","1","","0","tube","","","Anglo-French Drugs & Industries Ltd","","ACTIVE","OTC"
"Alfence Tablet","Lorcaserin (10mg)","INRF-1133","","General Medicine","Sun Pharmaceutical Industries Ltd","30049099","12","","1","","0","tablet","","","Sun Pharmaceutical Industries Ltd","","ACTIVE","OTC"
"Asozyme Syrup","Tricholine Citrate (0.55gm) + Sorbitol (15gm)","INRF-1134","","General Medicine","Medipol Pharmaceuticals India Pvt Ltd","30049099","12","","1","","0","bottle","","","Medipol Pharmaceuticals India Pvt Ltd","","ACTIVE","OTC"
"Amizu 5mg Tablet","Amitriptyline (5mg)","INRF-1135","","CNS","Madbris Life Sciences Pvt Ltd","30049099","12","","1","","0","tablet","","","Madbris Life Sciences Pvt Ltd","","ACTIVE","OTC"
"ABfol Tablet","L-Methyl Folate (0.8mg)","INRF-1136","","General Medicine","Santis Pharmaceuticals Private Limited","30049099","12","","1","","0","tablet","","","Santis Pharmaceuticals Private Limited","","ACTIVE","OTC"
"Aldol Tablet","Diclofenac (50mg) + Magnesium Trisilicate (100mg)","INRF-1137","","Analgesic","Altar Healthcare Pvt Ltd","30049099","12","","1","","0","tablet","","","Altar Healthcare Pvt Ltd","","ACTIVE","OTC"
"Accetiz 100 mg/2 mg Tablet","Aceclofenac (100mg) + Tizanidine (2mg)","INRF-1138","","Analgesic","Geno Pharmaceuticals Ltd","30049099","12","","1","","0","tablet","","","Geno Pharmaceuticals Ltd","","ACTIVE","OTC"
"Aeovit-Q10 Softgel Capsule","Coenzyme Q10 (100mg) + L-Arginine (100mg)","INRF-1139","","General Medicine","Aeobury Healthcare Pvt Ltd","30049099","12","","1","","0","tube","","","Aeobury Healthcare Pvt Ltd","","ACTIVE","OTC"
"Afanat 20 Tablet","Afatinib dimaleate (20mg)","INRF-1140","","General Medicine","Natco Pharma Ltd","30049099","12","","1","","0","tablet","","","Natco Pharma Ltd","","ACTIVE","OTC"
"Alidox LB 100mg Tablet","Doxycycline (100mg) + Lactobacillus (60Million spores)","INRF-1141","","Antibiotic","Allien Pharmaceuticals","30049099","12","","1","","0","tablet","","","Allien Pharmaceuticals","","ACTIVE","H1"
"Antagit DS Oral Gel","Aluminium Hydroxide (400mg) + Magnesium (400mg)","INRF-1142","","General Medicine","Leben Life Sciences Pvt Ltd","30049099","12","","1","","0","tube","","","Leben Life Sciences Pvt Ltd","","ACTIVE","OTC"
"Acidcure Syrup","Magaldrate (480mg) + Simethicone (25mg)","INRF-1143","","General Medicine","Bonsai Pharma","30049099","12","","1","","0","bottle","","","Bonsai Pharma","","ACTIVE","OTC"
"Algat Eye Drop","Gatifloxacin (400mg)","INRF-1144","","General Medicine","Alkem Laboratories Ltd","30049099","12","","1","","0","strip","","","Alkem Laboratories Ltd","","ACTIVE","OTC"
"Agidol Plus 1.5mg Tablet","Haloperidol (1.5mg) + Trihexyphenidyl (2mg)","INRF-1145","","General Medicine","AGM Biotec","30049099","12","","1","","0","tablet","","","AGM Biotec","","ACTIVE","OTC"
"Alorex Cream","Chlorhexidine Gluconate (0.2% w/w) + Silver Sulfadiazine (1% w/w)","INRF-1146","","General Medicine","Maneesh Pharmaceuticals Ltd","30049099","12","","1","","0","tube","","","Maneesh Pharmaceuticals Ltd","","ACTIVE","OTC"
"Aminodrip Infusion","Acetylcysteine (5.6mg) + Arginine (495mg)","INRF-1147","","General Medicine","Baxter India Pvt Ltd","30049099","12","","1","","0","strip","","","Baxter India Pvt Ltd","","ACTIVE","OTC"
"Asomex-OH Tablet","Olmesartan Medoxomil (20mg) + Amlodipine (2.5mg)","INRF-1148","","Cardiovascular","Emcure Pharmaceuticals Ltd","30049099","12","","1","","0","tablet","","","Emcure Pharmaceuticals Ltd","","ACTIVE","OTC"
"Alfagaba NT 300 mg/10 mg Tablet","Gabapentin (300mg) + Nortriptyline (10mg)","INRF-1149","","CNS","Med Manor Organics Pvt Ltd","30049099","12","","1","","0","tablet","","","Med Manor Organics Pvt Ltd","","ACTIVE","H"
"Aquashine 24 Tablet","Vitamin D3 (60000IU)","INRF-1150","","Vitamin / Mineral","GH Vision Care Life Science","30049099","12","","1","","0","tablet","","","GH Vision Care Life Science","","ACTIVE","OTC"
"Albrim Lst Eye Drop","Timolol (5mg) + Brimonidine (2mg)","INRF-1151","","General Medicine","Alembic Pharmaceuticals Ltd","30049099","12","","1","","0","bottle","","","Alembic Pharmaceuticals Ltd","","ACTIVE","OTC"
"Arcopan D 10mg/40mg Tablet","Domperidone (10mg) + Pantoprazole (40mg)","INRF-1152","","Gastrointestinal","General Pharmaceuticals Pvt Ltd","30049099","12","","1","","0","tablet","","","General Pharmaceuticals Pvt Ltd","","ACTIVE","OTC"
"Arden MF Oral Suspension","Mefenamic Acid (100mg/5ml) + Paracetamol (250mg/5ml)","INRF-1153","","Analgesic","Adonis Laboratories Pvt Ltd","30049099","12","","1","","0","bottle","","","Adonis Laboratories Pvt Ltd","","ACTIVE","OTC"
"Activa Plus Tablet","Diclofenac (NA)","INRF-1154","","Analgesic","Zydus Cadila","30049099","12","","1","","0","tablet","","","Zydus Cadila","","ACTIVE","OTC"
"Angirex Tablet","Chlordiazepoxide (1mg) + Trifluoperazine (10mg)","INRF-1155","","General Medicine","Gennext Life Sciences","30049099","12","","1","","0","tablet","","","Gennext Life Sciences","","ACTIVE","OTC"
"Akme Clobetacon-GM Skin Cream","Chlorhexidine Gluconate (0.2% w/w) + Clobetasol (0.05% w/w)","INRF-1156","","General Medicine","Akme Biotec","30049099","12","","1","","0","tube","","","Akme Biotec","","ACTIVE","OTC"
"Alock E TH 60mg/4mg Tablet","Etoricoxib (60mg) + Thiocolchicoside (4mg)","INRF-1157","","Analgesic","Goddres Pharmaceuticals Pvt Ltd","30049099","12","","1","","0","tablet","","","Goddres Pharmaceuticals Pvt Ltd","","ACTIVE","OTC"
"Ambulax-HD Tablet","Alprazolam (0.125mg) + Propranolol (20mg)","INRF-1158","","Cardiovascular","Unimarck Pharma India Ltd","30049099","12","","1","","0","tablet","","","Unimarck Pharma India Ltd","","ACTIVE","H"
"Ark 100mg Tablet SR","Diclofenac (100mg)","INRF-1159","","Analgesic","Apex Laboratories Pvt Ltd","30049099","12","","1","","0","tablet","","","Apex Laboratories Pvt Ltd","","ACTIVE","OTC"
"Artacil 50mg Injection","Atracurium (50mg)","INRF-1160","","General Medicine","Neon Laboratories Ltd","30049099","12","","1","","0","vial","","","Neon Laboratories Ltd","","ACTIVE","OTC"
"Asvs Injection","Snake Venom Antiserum (Polyvalent) (10ml)","INRF-1161","","General Medicine","Bharat Serums & Vaccines Ltd","30049099","12","","1","","0","vial","","","Bharat Serums & Vaccines Ltd","","ACTIVE","OTC"
"Azonate Cream","Betamethasone (0.05% w/w)","INRF-1162","","Corticosteroid","Adips Laboratories Ltd","30049099","12","","1","","0","tube","","","Adips Laboratories Ltd","","ACTIVE","H"
"Acytine Tablet","Acetylcysteine (600mg)","INRF-1163","","General Medicine","D D Pharmaceuticals","30049099","12","","1","","0","tablet","","","D D Pharmaceuticals","","ACTIVE","OTC"
"Actorise 100 Injection","Darbepoetin alfa (100mcg)","INRF-1164","","General Medicine","Cipla Ltd","30049099","12","","1","","0","vial","","","Cipla Ltd","","ACTIVE","OTC"
"Akurit Z Kid Tablet","Isoniazid (60mg) + Pyrazinamide (30mg)","INRF-1165","","General Medicine","Lupin Ltd","30049099","12","","1","","0","tablet","","","Lupin Ltd","","ACTIVE","OTC"
"Acarcip 25 Tablet","Acarbose (25mg)","INRF-1166","","General Medicine","Cipla Ltd","30049099","12","","1","","0","tablet","","","Cipla Ltd","","ACTIVE","OTC"
"Agical-SG Softgel Capsule","Calcitriol (0.25mcg) + Calcium Carbonate (200mg)","INRF-1167","","Vitamin / Mineral","Ind Swift Laboratories Ltd","30049099","12","","1","","0","tube","","","Ind Swift Laboratories Ltd","","ACTIVE","OTC"
"Alfolate 7.5 Tablet","L-Methyl Folate (7.5mg)","INRF-1168","","General Medicine","Racoon Pharmaceutical","30049099","12","","1","","0","tablet","","","Racoon Pharmaceutical","","ACTIVE","OTC"
"Afogatran 75mg Capsule","Dabigatran Etexilate (75mg)","INRF-1169","","General Medicine","Torrent Pharmaceuticals Ltd","30049099","12","","1","","0","capsule","","","Torrent Pharmaceuticals Ltd","","ACTIVE","OTC"
"Alporate Syrup","Divalproex (250mg/5ml)","INRF-1170","","General Medicine","Alteus Biogenics Pvt Ltd","30049099","12","","1","","0","bottle","","","Alteus Biogenics Pvt Ltd","","ACTIVE","OTC"
"Alceff 500mg Capsule","Cefalexin (500mg)","INRF-1171","","General Medicine","Alkem Laboratories Ltd","30049099","12","","1","","0","capsule","","","Alkem Laboratories Ltd","","ACTIVE","OTC"
"Alprax 1.5mg Tablet SR","Alprazolam (1.5mg)","INRF-1172","","CNS","Torrent Pharmaceuticals Ltd","30049099","12","","1","","0","tablet","","","Torrent Pharmaceuticals Ltd","","ACTIVE","H"
"Alcinac-PG Forte Tablet SR","Aceclofenac (200mg) + Pregabalin (150mg)","INRF-1173","","Analgesic","Leeford Healthcare Ltd","30049099","12","","1","","0","tablet","","","Leeford Healthcare Ltd","","ACTIVE","H"
"Astharid Expectorant","Guaifenesin (66.65mg) + Terbutaline (1.5mg)","INRF-1174","","General Medicine","Empiai Pharmaceuticals Pvt Ltd","30049099","12","","1","","0","strip","","","Empiai Pharmaceuticals Pvt Ltd","","ACTIVE","OTC"
"Aristogyl Suspension","Metronidazole (100mg)","INRF-1175","","Antibiotic","Aristo Pharmaceuticals Pvt Ltd","30049099","12","","1","","0","bottle","","","Aristo Pharmaceuticals Pvt Ltd","","ACTIVE","H1"
"Ambrolite S-SF Syrup Sugar Free","Ambroxol (30mg/5ml) + Guaifenesin (50mg/5ml)","INRF-1176","","General Medicine","Tablets India Limited","30049099","12","","1","","0","bottle","","","Tablets India Limited","","ACTIVE","OTC"
"Arthocare 250mg/200mg Capsule","Glucosamine (250mg) + Chondroitin (200mg)","INRF-1177","","General Medicine","Gland Pharma Limited","30049099","12","","1","","0","capsule","","","Gland Pharma Limited","","ACTIVE","OTC"
"Anafranil 10mg Tablet","Clomipramine (10mg)","INRF-1178","","General Medicine","Novartis India Ltd","30049099","12","","1","","0","tablet","","","Novartis India Ltd","","ACTIVE","OTC"
"Alerfri DS Suspension","Chlorpheniramine Maleate (NA) + Paracetamol (NA)","INRF-1179","","Analgesic","Navil Laboratories Pvt Ltd","30049099","12","","1","","0","bottle","","","Navil Laboratories Pvt Ltd","","ACTIVE","OTC"
"Allyzole-B Cream","Beclometasone (0.025% w/w) + Ketoconazole (2% w/w)","INRF-1180","","General Medicine","MDC Pharmaceuticals Pvt Ltd","30049099","12","","1","","0","tube","","","MDC Pharmaceuticals Pvt Ltd","","ACTIVE","OTC"
"Alleviate Tablet","Nimesulide (100mg) + Paracetamol (500mg)","INRF-1181","","Analgesic","Megavision Pharmaceuticals","30049099","12","","1","","0","tablet","","","Megavision Pharmaceuticals","","ACTIVE","OTC"
"Altime CF Jr Syrup","Terbutaline (0.75mg/5ml) + Ambroxol (7.5mg/5ml)","INRF-1182","","General Medicine","S H Pharmaceuticals Ltd","30049099","12","","1","","0","bottle","","","S H Pharmaceuticals Ltd","","ACTIVE","OTC"
"Aritop MS Aqeous Gel","Tretinoin (0.04% w/w)","INRF-1183","","General Medicine","Atopic Laboratories","30049099","12","","1","","0","tube","","","Atopic Laboratories","","ACTIVE","OTC"
"Advacan 0.25mg Tablet","Everolimus (0.25mg)","INRF-1184","","General Medicine","Biocon","30049099","12","","1","","0","tablet","","","Biocon","","ACTIVE","OTC"
"Alerfri Oral Drops","Chlorpheniramine Maleate (2.5mg) + Paracetamol (500mg)","INRF-1185","","Analgesic","Navil Laboratories Pvt Ltd","30049099","12","","1","","0","bottle","","","Navil Laboratories Pvt Ltd","","ACTIVE","OTC"
"Audisol Ear Drop","Paradichlorobenzene (2% w/v) + Benzocaine (2.7% w/v)","INRF-1186","","General Medicine","Sunways India Pvt Ltd","30049099","12","","1","","0","strip","","","Sunways India Pvt Ltd","","ACTIVE","OTC"
"Advin Tablet","Tramadol (37.5mg) + Paracetamol (325mg)","INRF-1187","","Analgesic","Rebanta Health Care (P) Limited","30049099","12","","1","","0","tablet","","","Rebanta Health Care (P) Limited","","ACTIVE","H"
"Aprezine 25mg Tablet","Hydralazine (25mg)","INRF-1188","","General Medicine","RMPL Pharma LLP","30049099","12","","1","","0","tablet","","","RMPL Pharma LLP","","ACTIVE","OTC"
"Albefate 1000mg Oral Suspension","Sucralfate (1000mg)","INRF-1189","","Gastrointestinal","Albert David Ltd","30049099","12","","1","","0","bottle","","","Albert David Ltd","","ACTIVE","OTC"
"Admol 250 DT Tablet","Paracetamol (250mg)","INRF-1190","","Analgesic","Kepler Health Care","30049099","12","","1","","0","tablet","","","Kepler Health Care","","ACTIVE","OTC"
"Acefen 100 mg/125 mg Tablet","Ibuprofen (100mg) + Paracetamol (125mg)","INRF-1191","","Analgesic","Salud Care India Pvt Ltd","30049099","12","","1","","0","tablet","","","Salud Care India Pvt Ltd","","ACTIVE","OTC"
"AM Dopa 250mg Tablet","Methyldopa (250mg)","INRF-1192","","General Medicine","Dahlia Pharmaceutical Pvt Ltd","30049099","12","","1","","0","tablet","","","Dahlia Pharmaceutical Pvt Ltd","","ACTIVE","OTC"
"Alkepin Odt 200 Tablet","Clozapine (200mg)","INRF-1193","","General Medicine","Alkem Laboratories Ltd","30049099","12","","1","","0","tablet","","","Alkem Laboratories Ltd","","ACTIVE","OTC"
"Alka C Syrup","Disodium Hydrogen Citrate (1.38gm)","INRF-1194","","General Medicine","Cian Health Care Pvt Ltd","30049099","12","","1","","0","bottle","","","Cian Health Care Pvt Ltd","","ACTIVE","OTC"
"Af-ter Lotion","Terbinafine (1% w/v)","INRF-1195","","Antifungal","Palsons Derma","30049099","12","","1","","0","tube","","","Palsons Derma","","ACTIVE","OTC"
"Azibact L 500 mg/500 mg Tablet","Levofloxacin (500mg) + Azithromycin (500mg)","INRF-1196","","Antibiotic","Ipca Laboratories Ltd","30049099","12","","1","","0","tablet","","","Ipca Laboratories Ltd","","ACTIVE","H1"
"Alphacept 4 Tablet","Silodosin (4mg)","INRF-1197","","General Medicine","Lupin Ltd","30049099","12","","1","","0","tablet","","","Lupin Ltd","","ACTIVE","OTC"
"Adraclor Injection","Adrenaline (1mg)","INRF-1198","","General Medicine","Suncure Lifescience Pvt Ltd","30049099","12","","1","","0","vial","","","Suncure Lifescience Pvt Ltd","","ACTIVE","OTC"
"Arvast-A 150 Capsule","Rosuvastatin (10mg) + Aspirin (150mg)","INRF-1199","","Analgesic","Intas Pharmaceuticals Ltd","30049099","12","","1","","0","capsule","","","Intas Pharmaceuticals Ltd","","ACTIVE","OTC"
"Aminophylin Injection","Aminophylline (NA)","INRF-1200","","General Medicine","Zydus Cadila","30049099","12","","1","","0","vial","","","Zydus Cadila","","ACTIVE","OTC"
"Artisun 150mg Injection","Arteether (150mg)","INRF-1201","","General Medicine","Sun Pharmaceutical Industries Ltd","30049099","12","","1","","0","vial","","","Sun Pharmaceutical Industries Ltd","","ACTIVE","OTC"
"Azicef-LB Tablet","Cefixime (200mg) + Azithromycin (250mg)","INRF-1202","","Antibiotic","Mclain Laboratories","30049099","12","","1","","0","tablet","","","Mclain Laboratories","","ACTIVE","H1"
"Azelac Lotion","Azelaic Acid (5%) + Salicylic Acid (2%)","INRF-1203","","General Medicine","Sesderma India Pvt Ltd","30049099","12","","1","","0","tube","","","Sesderma India Pvt Ltd","","ACTIVE","OTC"
"Acenomac 3mg Tablet","Acenocoumarol (3mg)","INRF-1204","","General Medicine","Macleods Pharmaceuticals Pvt Ltd","30049099","12","","1","","0","tablet","","","Macleods Pharmaceuticals Pvt Ltd","","ACTIVE","OTC"
"Aspa 500mg/250mg Tablet","Paracetamol (500mg) + Chlorzoxazone (250mg)","INRF-1205","","Analgesic","Chemech Laboratories Ltd","30049099","12","","1","","0","tablet","","","Chemech Laboratories Ltd","","ACTIVE","OTC"
"AVONEX 30 MCG INJECTION","Interferon Beta-1A (30mcg)","INRF-1206","","General Medicine","Biogenetic Pharmaceuticals","30049099","12","","1","","0","vial","","","Biogenetic Pharmaceuticals","","ACTIVE","OTC"
"Arsufee Kit 100mg/500mg/25mg Kit","Artesunate (100mg) + Sulphadoxine (500mg)","INRF-1207","","General Medicine","Staunch Health Care Pvt Ltd","30049099","12","","1","","0","strip","","","Staunch Health Care Pvt Ltd","","ACTIVE","OTC"
"Ace-Coxib 90 Tablet","Etoricoxib (90mg)","INRF-1208","","Analgesic","Energize Pharmaceuticals (P) Ltd.","30049099","12","","1","","0","tablet","","","Energize Pharmaceuticals (P) Ltd.","","ACTIVE","OTC"
"Aprazol 0.5mg Tablet","Lansoprazole (0.5mg)","INRF-1209","","General Medicine","Drakt Pharmaceutical Pvt Ltd","30049099","12","","1","","0","tablet","","","Drakt Pharmaceutical Pvt Ltd","","ACTIVE","OTC"
"Arpimune ME Oral Solution","Ciclosporin (100mg)","INRF-1210","","General Medicine","RPG Life Sciences Ltd","30049099","12","","1","","0","bottle","","","RPG Life Sciences Ltd","","ACTIVE","OTC"
"Artrodar 50mg Capsule","Diacerein (50mg)","INRF-1211","","General Medicine","Elder Pharmaceuticals Ltd","30049099","12","","1","","0","capsule","","","Elder Pharmaceuticals Ltd","","ACTIVE","OTC"
"Alphadopa 500 Tablet","Methyldopa (500mg)","INRF-1212","","General Medicine","Wockhardt Ltd","30049099","12","","1","","0","tablet","","","Wockhardt Ltd","","ACTIVE","OTC"
"Abixim CV 200mg/125mg Tablet","Cefixime (200mg) + Clavulanic Acid (125mg)","INRF-1213","","Antibiotic","Abbott","30049099","12","","1","","0","tablet","","","Abbott","","ACTIVE","H1"
"Aurocort 40mg Injection","Triamcinolone Acetonide (40mg)","INRF-1214","","General Medicine","Aurolab","30049099","12","","1","","0","vial","","","Aurolab","","ACTIVE","OTC"
"Arvast F 5 Tablet","Fenofibrate (67mg) + Rosuvastatin (5mg)","INRF-1215","","Lipid lowering","Intas Pharmaceuticals Ltd","30049099","12","","1","","0","tablet","","","Intas Pharmaceuticals Ltd","","ACTIVE","OTC"
"Aldryl Soft Gelatin Capsule","Diphenhydramine (25mg)","INRF-1216","","General Medicine","Alkem Laboratories Ltd","30049099","12","","1","","0","tube","","","Alkem Laboratories Ltd","","ACTIVE","OTC"
"Amp-Taj 1000mg Injection","Ampicillin (1000mg)","INRF-1217","","General Medicine","Taj Pharma India Ltd","30049099","12","","1","","0","vial","","","Taj Pharma India Ltd","","ACTIVE","OTC"
"Actowin 0.05% Nasal Drops","Xylometazoline (0.05% w/v)","INRF-1218","","General Medicine","Zee Laboratories","30049099","12","","1","","0","bottle","","","Zee Laboratories","","ACTIVE","OTC"
"Addtim Injection","Thiamine(Vitamin B1) (50mg/ml)","INRF-1219","","Vitamin / Mineral","Arkson Pharmaceuticals","30049099","12","","1","","0","vial","","","Arkson Pharmaceuticals","","ACTIVE","OTC"
"Abd 200mg Suspension","Albendazole (200mg)","INRF-1220","","General Medicine","Intas Pharmaceuticals Ltd","30049099","12","","1","","0","bottle","","","Intas Pharmaceuticals Ltd","","ACTIVE","OTC"
"Accept-XL Tablet","Aceclofenac (100mg) + Diacerein (50mg)","INRF-1221","","Analgesic","Vivid Biotek Pvt Ltd","30049099","12","","1","","0","tablet","","","Vivid Biotek Pvt Ltd","","ACTIVE","OTC"
"Argitrust Sachet Orange Sugar Free","L-Arginine (3gm) + Proanthocyanidin (75mg)","INRF-1222","","General Medicine","Daemon Pharma Pvt Ltd","30049099","12","","1","","0","sachet","","","Daemon Pharma Pvt Ltd","","ACTIVE","OTC"
"Alporate D 250mg Tablet","Divalproex (250mg)","INRF-1223","","General Medicine","Alteus Biogenics Pvt Ltd","30049099","12","","1","","0","tablet","","","Alteus Biogenics Pvt Ltd","","ACTIVE","OTC"
"Almag O Oral Gel","Magaldrate (NA) + Simethicone (NA)","INRF-1224","","General Medicine","Alde Medi Impex Ltd","30049099","12","","1","","0","tube","","","Alde Medi Impex Ltd","","ACTIVE","OTC"
"Alcysta 500mg/150mg Tablet","Taurine (500mg) + Acetylcysteine (150mg)","INRF-1225","","General Medicine","Hospimax Healthcare Pvt Ltd","30049099","12","","1","","0","tablet","","","Hospimax Healthcare Pvt Ltd","","ACTIVE","OTC"
"Allyzole Cream","Ketoconazole (2% w/w)","INRF-1226","","General Medicine","MDC Pharmaceuticals Pvt Ltd","30049099","12","","1","","0","tube","","","MDC Pharmaceuticals Pvt Ltd","","ACTIVE","OTC"
"Acnac-MR Tablet","Aceclofenac (100mg) + Paracetamol (250mg)","INRF-1227","","Analgesic","Atishya Biotech","30049099","12","","1","","0","tablet","","","Atishya Biotech","","ACTIVE","OTC"
"Almazine 2.5mg Tablet","Lorazepam (2.5mg)","INRF-1228","","CNS","Psycormedies","30049099","12","","1","","0","tablet","","","Psycormedies","","ACTIVE","H"
"Alkem Plus Syrup","Cetirizine (NA) + Paracetamol (NA)","INRF-1229","","Analgesic","Alkem Laboratories Ltd","30049099","12","","1","","0","bottle","","","Alkem Laboratories Ltd","","ACTIVE","OTC"
"Aply Gel","Ornidazole (1% w/w) + Chlorhexidine Gluconate (0.25% w/w)","INRF-1230","","Antiprotozoal","Nextgen Healthcare","30049099","12","","1","","0","tube","","","Nextgen Healthcare","","ACTIVE","H1"
"Alscab Soap","Permethrin (1% w/w)","INRF-1231","","General Medicine","Alkem Laboratories Ltd","30049099","12","","1","","0","strip","","","Alkem Laboratories Ltd","","ACTIVE","OTC"
"Aprovel 150mg Tablet","Irbesartan (150mg)","INRF-1232","","General Medicine","Sanofi India Ltd","30049099","12","","1","","0","tablet","","","Sanofi India Ltd","","ACTIVE","OTC"
"Acno(Intas) Cream","Isotretinoin (NA)","INRF-1233","","General Medicine","Intas Pharmaceuticals Ltd","30049099","12","","1","","0","tube","","","Intas Pharmaceuticals Ltd","","ACTIVE","OTC"
"Ariderm Cream","Beclometasone (0.025% w/w) + Neomycin (0.5% w/w)","INRF-1234","","General Medicine","Sarian Healthcare","30049099","12","","1","","0","tube","","","Sarian Healthcare","","ACTIVE","OTC"
"Arasid 100mg Injection","Cytarabine (100mg)","INRF-1235","","General Medicine","Intas Pharmaceuticals Ltd","30049099","12","","1","","0","vial","","","Intas Pharmaceuticals Ltd","","ACTIVE","OTC"
"Azovas T 80 Tablet","Telmisartan (80mg) + Azelnidipine (8mg)","INRF-1236","","Cardiovascular","J B Chemicals and Pharmaceuticals Ltd","30049099","12","","1","","0","tablet","","","J B Chemicals and Pharmaceuticals Ltd","","ACTIVE","OTC"
"Acronil 100mg Capsule","Flupirtine (100mg)","INRF-1237","","General Medicine","Consern Pharma Limited","30049099","12","","1","","0","capsule","","","Consern Pharma Limited","","ACTIVE","OTC"
"Antab Tablet","Solifenacin (5mg)","INRF-1238","","General Medicine","Sanzyme Ltd","30049099","12","","1","","0","tablet","","","Sanzyme Ltd","","ACTIVE","OTC"
"Ampilin 250mg Tablet","Ampicillin (250mg)","INRF-1239","","General Medicine","Hetero Drugs Ltd","30049099","12","","1","","0","tablet","","","Hetero Drugs Ltd","","ACTIVE","OTC"
"Anxifit AM 50mg/10mg Tablet","Flupenthixol (50mg) + Melitracen (10mg)","INRF-1240","","General Medicine","Blaine Pharmaceuticals Pvt. Ltd","30049099","12","","1","","0","tablet","","","Blaine Pharmaceuticals Pvt. Ltd","","ACTIVE","OTC"
"Anticold Oral Drops","Chlorpheniramine Maleate (2mg/ml) + Phenylephrine (5mg/ml)","INRF-1241","","Antihistamine","Surya Pharmaceutical Ltd","30049099","12","","1","","0","bottle","","","Surya Pharmaceutical Ltd","","ACTIVE","OTC"
"Aeocal Max Softgel Capsule","Calcitriol (0.25mcg) + Calcium citrate (1000mg)","INRF-1242","","Vitamin / Mineral","Aeobury Healthcare Pvt Ltd","30049099","12","","1","","0","tube","","","Aeobury Healthcare Pvt Ltd","","ACTIVE","OTC"
"Alphapod CV 200mg/125mg Tablet","Cefpodoxime Proxetil (200mg) + Clavulanic Acid (125mg)","INRF-1243","","Antibiotic","Hetero Healthcare Limited","30049099","12","","1","","0","tablet","","","Hetero Healthcare Limited","","ACTIVE","H1"
"Asomex-M Tablet PR","S-Amlodipine (2.5mg) + S-Metoprolol Tartrate (25mg)","INRF-1244","","Cardiovascular","Emcure Pharmaceuticals Ltd","30049099","12","","1","","0","tablet","","","Emcure Pharmaceuticals Ltd","","ACTIVE","OTC"
"Advog M 0.2 Tablet SR","Metformin (500mg) + Voglibose (0.2mg)","INRF-1245","","Antidiabetic","Eris Lifesciences Ltd","30049099","12","","1","","0","tablet","","","Eris Lifesciences Ltd","","ACTIVE","OTC"
"Acbro 250mg Tablet","Terbinafine (250mg)","INRF-1246","","Antifungal","Lyra Laboratories Pvt Ltd","30049099","12","","1","","0","tablet","","","Lyra Laboratories Pvt Ltd","","ACTIVE","OTC"
"Aquapam Injection","Pralidoxime (25mg/ml)","INRF-1247","","General Medicine","Aqua Fina Injecta Pvt Ltd","30049099","12","","1","","0","vial","","","Aqua Fina Injecta Pvt Ltd","","ACTIVE","OTC"
"Anal 100mg/2mg Tablet MR","Nimesulide (100mg) + Tizanidine (2mg)","INRF-1248","","Analgesic","Lan Pharmachem","30049099","12","","1","","0","tablet","","","Lan Pharmachem","","ACTIVE","OTC"
"Ascodex Mintz Ctz Syrup","Cetirizine (2.5mg/5ml) + Dextromethorphan Hydrobromide (5mg/5ml)","INRF-1249","","Antihistamine","Glenmark Pharmaceuticals Ltd","30049099","12","","1","","0","bottle","","","Glenmark Pharmaceuticals Ltd","","ACTIVE","OTC"
"Apyridine P 100mg/325mg Tablet","Flupirtine (100mg) + Paracetamol (325mg)","INRF-1250","","Analgesic","Primus Remedies Pvt Ltd","30049099","12","","1","","0","tablet","","","Primus Remedies Pvt Ltd","","ACTIVE","OTC"
"Actigaba M 100mg/1500mcg Tablet","Gabapentin (100mg) + Methylcobalamin (1500mcg)","INRF-1251","","CNS","Aareen Healthcare Pvt Ltd","30049099","12","","1","","0","tablet","","","Aareen Healthcare Pvt Ltd","","ACTIVE","H"
"Aerozest 50mcg Inhaler","Levosalbutamol (50mcg)","INRF-1252","","Respiratory","Macleods Pharmaceuticals Pvt Ltd","30049099","12","","1","","0","pack","","","Macleods Pharmaceuticals Pvt Ltd","","ACTIVE","OTC"
"Anasure Cream","Lidocaine (3% w/w) + Calcium Dobesilate (0.25% w/w)","INRF-1253","","Vitamin / Mineral","Lifeline Remedies India Pvt Ltd","30049099","12","","1","","0","tube","","","Lifeline Remedies India Pvt Ltd","","ACTIVE","OTC"
"Aurofort Opthalmic Suspension","Prednisolone (1% w/v)","INRF-1254","","Corticosteroid","Aurolab","30049099","12","","1","","0","bottle","","","Aurolab","","ACTIVE","H"
"Augxetil CV 250 mg Tablet","Cefuroxime (250mg) + Clavulanic Acid (125mg)","INRF-1255","","Antibiotic","Koye Pharmaceuticals Pvt ltd","30049099","12","","1","","0","tablet","","","Koye Pharmaceuticals Pvt ltd","","ACTIVE","H1"
"Auradex 8mg Tablet","Dexamethasone (8mg)","INRF-1256","","Corticosteroid","Aureate Healthcare Pvt Ltd","30049099","12","","1","","0","tablet","","","Aureate Healthcare Pvt Ltd","","ACTIVE","H"
"Alcipro 2mg Infusion","Ciprofloxacin (2mg)","INRF-1257","","Antibiotic","Alkem Laboratories Ltd","30049099","12","","1","","0","strip","","","Alkem Laboratories Ltd","","ACTIVE","H1"
"Auxen D 250mg/10mg Tablet","Naproxen (250mg) + Domperidone (10mg)","INRF-1258","","Analgesic","Aurum Life Science Pvt Ltd","30049099","12","","1","","0","tablet","","","Aurum Life Science Pvt Ltd","","ACTIVE","OTC"
"Adapic C Gel","Adapalene (0.10% w/w) + Clindamycin (1% w/w)","INRF-1259","","General Medicine","Atopic Laboratories","30049099","12","","1","","0","tube","","","Atopic Laboratories","","ACTIVE","OTC"
"Adcef 125mg Tablet DT","Cefdinir (125mg)","INRF-1260","","General Medicine","Torrent Pharmaceuticals Ltd","30049099","12","","1","","0","tablet","","","Torrent Pharmaceuticals Ltd","","ACTIVE","OTC"
"Alnamet Myo 500mg/600mg Tablet","Metformin (500mg) + Myo-Inositol (600mg)","INRF-1261","","Antidiabetic","Alna Biotech Pvt Ltd","30049099","12","","1","","0","tablet","","","Alna Biotech Pvt Ltd","","ACTIVE","OTC"
"Altracirol Syrup","Disodium Hydrogen Citrate (1.25gm/5ml)","INRF-1262","","General Medicine","Intas Pharmaceuticals Ltd","30049099","12","","1","","0","bottle","","","Intas Pharmaceuticals Ltd","","ACTIVE","OTC"
"Almac 0.25mg Tablet DT","Clonazepam (0.25mg)","INRF-1263","","CNS","Ikon Remedies Pvt Ltd","30049099","12","","1","","0","tablet","","","Ikon Remedies Pvt Ltd","","ACTIVE","H"
"Adhestop 25000IU Injection","Heparin (25000IU)","INRF-1264","","General Medicine","Varenyam Healthcare Pvt Ltd","30049099","12","","1","","0","vial","","","Varenyam Healthcare Pvt Ltd","","ACTIVE","OTC"
"Alenfast 50mg Tablet","Tapentadol (50mg)","INRF-1265","","General Medicine","Alembic Pharmaceuticals Ltd","30049099","12","","1","","0","tablet","","","Alembic Pharmaceuticals Ltd","","ACTIVE","OTC"
"Alprax Z 0.5 mg/3 mg Tablet","Alprazolam (0.5mg) + Melatonin (3mg)","INRF-1266","","CNS","Torrent Pharmaceuticals Ltd","30049099","12","","1","","0","tablet","","","Torrent Pharmaceuticals Ltd","","ACTIVE","H"
"Advog 0.2 Tablet","Voglibose (0.2mg)","INRF-1267","","General Medicine","Eris Lifesciences Ltd","30049099","12","","1","","0","tablet","","","Eris Lifesciences Ltd","","ACTIVE","OTC"
"Amotus Syrup","Ammonium Chloride (60mg/5ml) + Chlorpheniramine Maleate (2.5mg/5ml)","INRF-1268","","Antihistamine","Cure Tech Skincare","30049099","12","","1","","0","bottle","","","Cure Tech Skincare","","ACTIVE","OTC"
"Axol Plus Syrup","Ambroxol (15mg) + Guaifenesin (100mg)","INRF-1269","","General Medicine","Cubit Healthcare","30049099","12","","1","","0","bottle","","","Cubit Healthcare","","ACTIVE","OTC"
"Arixtra 7.5mg Injection","Fondaparinux (7.5mg)","INRF-1270","","General Medicine","Glaxo SmithKline Pharmaceuticals Ltd","30049099","12","","1","","0","vial","","","Glaxo SmithKline Pharmaceuticals Ltd","","ACTIVE","OTC"
"Almet 10mg Tablet","Metoclopramide (10mg)","INRF-1271","","General Medicine","Alkem Laboratories Ltd","30049099","12","","1","","0","tablet","","","Alkem Laboratories Ltd","","ACTIVE","OTC"
"Almox 100mg Oral Drops","Amoxycillin (100mg)","INRF-1272","","Antibiotic","Alkem Laboratories Ltd","30049099","12","","1","","0","bottle","","","Alkem Laboratories Ltd","","ACTIVE","H1"
"Acrub Gel","Clindamycin (1%)","INRF-1273","","General Medicine","Psychotropics India Ltd","30049099","12","","1","","0","tube","","","Psychotropics India Ltd","","ACTIVE","OTC"
"Avapar 25mg Injection","Camylofin (25mg)","INRF-1274","","General Medicine","Khandelwal Laboratories Pvt Ltd","30049099","12","","1","","0","vial","","","Khandelwal Laboratories Pvt Ltd","","ACTIVE","OTC"
"Acetol 200mg Tablet","Carbamazepine (200mg)","INRF-1275","","General Medicine","Psychotropics India Ltd","30049099","12","","1","","0","tablet","","","Psychotropics India Ltd","","ACTIVE","OTC"
"Altonil LS 3 Tablet","Melatonin (3mg) + Clonazepam (0.25mg)","INRF-1276","","CNS","Alteus Biogenics Pvt Ltd","30049099","12","","1","","0","tablet","","","Alteus Biogenics Pvt Ltd","","ACTIVE","H"
"Axant 50mg/400mg Tablet","Diclofenac (50mg) + Metaxalone (400mg)","INRF-1277","","Analgesic","Sigmund Promedica","30049099","12","","1","","0","tablet","","","Sigmund Promedica","","ACTIVE","OTC"
"Acvaketo Soap","Ketoconazole (1% w/w)","INRF-1278","","General Medicine","Ajanta Pharma Ltd","30049099","12","","1","","0","strip","","","Ajanta Pharma Ltd","","ACTIVE","OTC"
"Ace Proxyvon Spas Tablet","Drotaverine (NA) + Aceclofenac (NA)","INRF-1279","","Analgesic","Dr Reddy's Laboratories Ltd","30049099","12","","1","","0","tablet","","","Dr Reddy's Laboratories Ltd","","ACTIVE","OTC"
"Acelife Plus 500 mg/15 mg Tablet","Paracetamol (500mg) + Serratiopeptidase (15mg)","INRF-1280","","Analgesic","Leo Pharmaceuticals","30049099","12","","1","","0","tablet","","","Leo Pharmaceuticals","","ACTIVE","OTC"
"Anawin 0.25% Injection","Bupivacaine (0.25%)","INRF-1281","","General Medicine","Neon Laboratories Ltd","30049099","12","","1","","0","vial","","","Neon Laboratories Ltd","","ACTIVE","OTC"
"Andreva 75mg Tablet SR","Dehydroepiandrosterone (Micronized) (75mg)","INRF-1282","","General Medicine","VIVO Life Science","30049099","12","","1","","0","tablet","","","VIVO Life Science","","ACTIVE","OTC"
"Alfil 5mg Tablet","Tadalafil (5mg)","INRF-1283","","General Medicine","Samarth Life Sciences Pvt Ltd","30049099","12","","1","","0","tablet","","","Samarth Life Sciences Pvt Ltd","","ACTIVE","H"
"Akurit Kid 60 mg/30 mg Tablet","Rifampicin (60mg) + Isoniazid (30mg)","INRF-1284","","General Medicine","Lupin Ltd","30049099","12","","1","","0","tablet","","","Lupin Ltd","","ACTIVE","OTC"
"Arminol 20mg Tablet","Propranolol (20mg)","INRF-1285","","Cardiovascular","East West Pharma","30049099","12","","1","","0","tablet","","","East West Pharma","","ACTIVE","OTC"
"Anxirid 10mg Tablet","Alprazolam (10mg)","INRF-1286","","CNS","Intel Pharmaceuticals","30049099","12","","1","","0","tablet","","","Intel Pharmaceuticals","","ACTIVE","H"
"Alkatral Syrup","Disodium Hydrogen Citrate (1.55mg)","INRF-1287","","General Medicine","Smilax Pharmaceuticals","30049099","12","","1","","0","bottle","","","Smilax Pharmaceuticals","","ACTIVE","OTC"
"Analiv 100mg/150mg Tablet","Pancreatin (100mg) + Ornithine (150mg)","INRF-1288","","General Medicine","Systopic Laboratories Pvt Ltd","30049099","12","","1","","0","tablet","","","Systopic Laboratories Pvt Ltd","","ACTIVE","OTC"
"Acugesic T 500 mg/37.5 mg Tablet","Paracetamol/Acetaminophen (500mg) + Tramadol (37.5mg)","INRF-1289","","Analgesic","MDC Pharmaceuticals Pvt Ltd","30049099","12","","1","","0","tablet","","","MDC Pharmaceuticals Pvt Ltd","","ACTIVE","H"
"Abcixirel 10mg Injection","Abciximab (10mg)","INRF-1290","","General Medicine","Reliance Life Sciences","30049099","12","","1","","0","vial","","","Reliance Life Sciences","","ACTIVE","OTC"
"Albaquin 20% Cream","Monobenzone (20% w/w)","INRF-1291","","General Medicine","Puneet Laboratories Pvt Ltd","30049099","12","","1","","0","tube","","","Puneet Laboratories Pvt Ltd","","ACTIVE","OTC"
"Alzym Oral Gel Sugar Free","Oxetacaine (10mg/5ml) + Aluminium Hydroxide (0.291gm/5ml)","INRF-1292","","General Medicine","Healthy Life Medicare","30049099","12","","1","","0","tube","","","Healthy Life Medicare","","ACTIVE","OTC"
"Agkool Cream","Silver Sulfadiazine (1% w/w) + Chlorhexidine Gluconate (0.2% w/w)","INRF-1293","","General Medicine","AAA Pharma Trade Pvt Ltd","30049099","12","","1","","0","tube","","","AAA Pharma Trade Pvt Ltd","","ACTIVE","OTC"
"Azostat 150 mg/1000 mg Kit","Fluconazole (150mg) + Tinidazole (1000mg)","INRF-1294","","Antibiotic","Sun Pharmaceutical Industries Ltd","30049099","12","","1","","0","strip","","","Sun Pharmaceutical Industries Ltd","","ACTIVE","H1"
"Apriglim-M 4 Tablet PR","Glimepiride (4mg) + Metformin (500mg)","INRF-1295","","Antidiabetic","Aprica Pharmaceuticals Pvt Ltd","30049099","12","","1","","0","tablet","","","Aprica Pharmaceuticals Pvt Ltd","","ACTIVE","OTC"
"Asphyllin Tablet","Ambroxol (30mg) + Salbutamol (2mg)","INRF-1296","","Respiratory","Pharma Fabrikon","30049099","12","","1","","0","tablet","","","Pharma Fabrikon","","ACTIVE","OTC"
"Alnabate Forte Cream","Terbinafine (1% w/w) + Ofloxacin (0.75% w/w)","INRF-1297","","Antibiotic","Alna Biotech Pvt Ltd","30049099","12","","1","","0","tube","","","Alna Biotech Pvt Ltd","","ACTIVE","H1"
"Albutamol Plus Syrup","Salbutamol (1mg) + Etofylline (50mg)","INRF-1298","","Respiratory","Centaur Pharmaceuticals Pvt Ltd","30049099","12","","1","","0","bottle","","","Centaur Pharmaceuticals Pvt Ltd","","ACTIVE","OTC"
"Axatol 20IU Infusion","Mannitol (20IU)","INRF-1299","","General Medicine","AXA Parenterals Ltd","30049099","12","","1","","0","strip","","","AXA Parenterals Ltd","","ACTIVE","OTC"
"Anzavir-R Tablet","Atazanavir (300mg) + Ritonavir (100mg)","INRF-1300","","General Medicine","Mylan Pharmaceuticals Pvt Ltd","30049099","12","","1","","0","tablet","","","Mylan Pharmaceuticals Pvt Ltd","","ACTIVE","OTC"
"Acerin GM Tablet","Diacerein (50mg) + Glucosamine Sulfate Potassium Chloride (750mg)","INRF-1301","","General Medicine","Biocore Pharmaceuticals","30049099","12","","1","","0","tablet","","","Biocore Pharmaceuticals","","ACTIVE","OTC"
"Azedra Plus Tablet","Citicoline (500mg) + Piracetam (800mg)","INRF-1302","","General Medicine","AAR ESS Remedies Pvt Ltd","30049099","12","","1","","0","tablet","","","AAR ESS Remedies Pvt Ltd","","ACTIVE","OTC"
"Alace 600mg Tablet","Alpha Lipoic Acid (600mg)","INRF-1303","","General Medicine","Lia Life Sciences Pvt Ltd","30049099","12","","1","","0","tablet","","","Lia Life Sciences Pvt Ltd","","ACTIVE","OTC"
"Alnol 100mg Tablet","Allopurinol (100mg)","INRF-1304","","General Medicine","Nexus Biotech","30049099","12","","1","","0","tablet","","","Nexus Biotech","","ACTIVE","OTC"
"Arminol 40mg Tablet","Propranolol (40mg)","INRF-1305","","Cardiovascular","East West Pharma","30049099","12","","1","","0","tablet","","","East West Pharma","","ACTIVE","OTC"
"Abclopid A 75 Capsule","Aspirin (75mg) + Clopidogrel (75mg)","INRF-1306","","Analgesic","Abbott","30049099","12","","1","","0","capsule","","","Abbott","","ACTIVE","OTC"
"Antichol 2mg Tablet","Trihexyphenidyl (2mg)","INRF-1307","","General Medicine","Consern Pharma Limited","30049099","12","","1","","0","tablet","","","Consern Pharma Limited","","ACTIVE","OTC"
"Atext 25mg Tablet PR","Paroxetine (25mg)","INRF-1308","","General Medicine","Atral Cyrus Lifesciences","30049099","12","","1","","0","tablet","","","Atral Cyrus Lifesciences","","ACTIVE","OTC"
"Angizem CD 180 Capsule ER","Diltiazem (180mg)","INRF-1309","","General Medicine","Sun Pharmaceutical Industries Ltd","30049099","12","","1","","0","capsule","","","Sun Pharmaceutical Industries Ltd","","ACTIVE","OTC"
"Adee Tablet","Methylcobalamin (1000mcg) + Thiamine(Vitamin B1) (100mg)","INRF-1310","","Vitamin / Mineral","Admac Pharma Ltd","30049099","12","","1","","0","tablet","","","Admac Pharma Ltd","","ACTIVE","OTC"
"Abdocool Tablet","Clidinium (2.5mg) + Chlordiazepoxide (5mg)","INRF-1311","","General Medicine","Strillion Healthcare","30049099","12","","1","","0","tablet","","","Strillion Healthcare","","ACTIVE","OTC"
"AGA-DT Tablet","Dutasteride (0.5mg)","INRF-1312","","General Medicine","Nidus Pharma Pvt Ltd","30049099","12","","1","","0","tablet","","","Nidus Pharma Pvt Ltd","","ACTIVE","OTC"
"ANC 9 Tablet","L-Methyl Folate (1mg) + Methylcobalamin (1500mcg)","INRF-1313","","General Medicine","Serene Medicos","30049099","12","","1","","0","tablet","","","Serene Medicos","","ACTIVE","OTC"
"Alpha Beta-Click Injection","Alpha-Beta Arteether (150mg)","INRF-1314","","General Medicine","Bioshine Healthcare Pvt Ltd","30049099","12","","1","","0","vial","","","Bioshine Healthcare Pvt Ltd","","ACTIVE","OTC"
"Atrapure 25mg/ml Injection","Atracurium (25mg/ml)","INRF-1315","","General Medicine","Samarth Life Sciences Pvt Ltd","30049099","12","","1","","0","vial","","","Samarth Life Sciences Pvt Ltd","","ACTIVE","OTC"
"Allopurizol 300 Tablet","Allopurinol (300mg)","INRF-1316","","General Medicine","Zeelab Pharmacy Pvt Ltd","30049099","12","","1","","0","tablet","","","Zeelab Pharmacy Pvt Ltd","","ACTIVE","OTC"
"Adequet 25 Tablet","Quetiapine (25mg)","INRF-1317","","General Medicine","Abbott","30049099","12","","1","","0","tablet","","","Abbott","","ACTIVE","OTC"
"Anchlor-DX Eye Ointment","Chloramphenicol (10mg) + Dexamethasone (1mg)","INRF-1318","","Corticosteroid","Nri Vision Care India Limited","30049099","12","","1","","0","tube","","","Nri Vision Care India Limited","","ACTIVE","H"
"Acbro 1% Cream","Terbinafine (1% w/w)","INRF-1319","","Antifungal","Lyra Laboratories Pvt Ltd","30049099","12","","1","","0","tube","","","Lyra Laboratories Pvt Ltd","","ACTIVE","OTC"
"Anxifree Tablet","Flupenthixol (0.5mg) + Escitalopram Oxalate (10mg)","INRF-1320","","CNS","Obsurge Biotech Ltd","30049099","12","","1","","0","tablet","","","Obsurge Biotech Ltd","","ACTIVE","OTC"
"Asthacold Tablet","Levocetirizine (2.5mg) + Phenylephrine (5mg)","INRF-1321","","Antihistamine","Krishna Life Sciences","30049099","12","","1","","0","tablet","","","Krishna Life Sciences","","ACTIVE","OTC"
"Anmol 50mg/500mg Tablet","Nimesulide (50mg) + Paracetamol (500mg)","INRF-1322","","Analgesic","Shrinivas Gujarat Laboratories Pvt Ltd","30049099","12","","1","","0","tablet","","","Shrinivas Gujarat Laboratories Pvt Ltd","","ACTIVE","OTC"
"Acenac-N Tablet PR","Aceclofenac (200mg) + Pregabalin (75mg)","INRF-1323","","Analgesic","Medley Pharmaceuticals","30049099","12","","1","","0","tablet","","","Medley Pharmaceuticals","","ACTIVE","H"
"A Trax 250mg Injection","Ceftriaxone (250mg)","INRF-1324","","Antibiotic","Abron Healthcare","30049099","12","","1","","0","vial","","","Abron Healthcare","","ACTIVE","H1"
"Alfabet PF Eye Drop","Timolol (0.5% w/v) + Brimonidine (0.2% w/v)","INRF-1325","","General Medicine","His Eyeness Ophthalmics Pvt Ltd","30049099","12","","1","","0","strip","","","His Eyeness Ophthalmics Pvt Ltd","","ACTIVE","OTC"
"Arthocerin-DG Tablet","Diacerein (50mg) + Glucosamine (1500mg)","INRF-1326","","General Medicine","Pulse Pharmaceuticals","30049099","12","","1","","0","tablet","","","Pulse Pharmaceuticals","","ACTIVE","OTC"
"Alaska Tablet","Sparfloxacin (NA)","INRF-1327","","General Medicine","Gujarat Terce Laboratories Ltd","30049099","12","","1","","0","tablet","","","Gujarat Terce Laboratories Ltd","","ACTIVE","OTC"
"Asthesia Cream","Prilocaine (2.5% w/w) + Lidocaine (2.5% w/w)","INRF-1328","","General Medicine","Torrent Pharmaceuticals Ltd","30049099","12","","1","","0","tube","","","Torrent Pharmaceuticals Ltd","","ACTIVE","OTC"
"Aptocef Plus Tablet","Cefuroxime (500mg) + Linezolid (600mg)","INRF-1329","","Antibiotic","AAR ESS Remedies Pvt Ltd","30049099","12","","1","","0","tablet","","","AAR ESS Remedies Pvt Ltd","","ACTIVE","H1"
"Altonin Tablet PR","Nitrofurantoin (100mg) + Cranberry Extract (150mg)","INRF-1330","","General Medicine","Allenge India","30049099","12","","1","","0","tablet","","","Allenge India","","ACTIVE","OTC"
"Arifine 7.5mg Tablet","Aripiprazole (7.5mg)","INRF-1331","","General Medicine","Icon Life Sciences","30049099","12","","1","","0","tablet","","","Icon Life Sciences","","ACTIVE","OTC"
"Alnacob Forte Tablet","Alpha Lipoic Acid (100mg) + Folic Acid (1.5mg)","INRF-1332","","Vitamin / Mineral","Alna Biotech Pvt Ltd","30049099","12","","1","","0","tablet","","","Alna Biotech Pvt Ltd","","ACTIVE","OTC"
"Alsatinib Tablet","Dasatinib (100mg)","INRF-1333","","General Medicine","Alkem Laboratories Ltd","30049099","12","","1","","0","tablet","","","Alkem Laboratories Ltd","","ACTIVE","OTC"
"Amiz 500mg Injection","Amikacin (500mg/2ml)","INRF-1334","","General Medicine","Ritz Pharma","30049099","12","","1","","0","vial","","","Ritz Pharma","","ACTIVE","OTC"
"Alcid S Syrup","Sucralfate (NA)","INRF-1335","","Gastrointestinal","Alkem Laboratories Ltd","30049099","12","","1","","0","bottle","","","Alkem Laboratories Ltd","","ACTIVE","OTC"
"Abraxane 100mg Injection","Paclitaxel (100mg)","INRF-1336","","General Medicine","Biocon","30049099","12","","1","","0","vial","","","Biocon","","ACTIVE","OTC"
"Ascotus Syrup","Ammonium Chloride (138mg/5ml) + Sodium Citrate (57.03mg/5ml)","INRF-1337","","General Medicine","Ridhima Biocare","30049099","12","","1","","0","bottle","","","Ridhima Biocare","","ACTIVE","OTC"
"Adbone-K2 Softgel Capsule","Calcitriol (0.25mcg) + Calcium Carbonate (1250mg)","INRF-1338","","Vitamin / Mineral","Adinex Healthcare","30049099","12","","1","","0","tube","","","Adinex Healthcare","","ACTIVE","OTC"
"Alphacept-D4 Tablet","Silodosin (4mg) + Dutasteride (0.5mg)","INRF-1339","","General Medicine","Lupin Ltd","30049099","12","","1","","0","tablet","","","Lupin Ltd","","ACTIVE","OTC"
"Advagraf 0.5mg Capsule PR","Tacrolimus (0.5mg)","INRF-1340","","General Medicine","Astellas Pharma Inc","30049099","12","","1","","0","capsule","","","Astellas Pharma Inc","","ACTIVE","OTC"
"Admol 250mg Syrup","Paracetamol (250mg) + Promethazine (2.5mg)","INRF-1341","","Analgesic","Adventure Life Sciences Pvt Ltd","30049099","12","","1","","0","bottle","","","Adventure Life Sciences Pvt Ltd","","ACTIVE","OTC"
"Acenac 150mg Injection","Aceclofenac (150mg)","INRF-1342","","Analgesic","Medley Pharmaceuticals","30049099","12","","1","","0","vial","","","Medley Pharmaceuticals","","ACTIVE","OTC"
"Alnagest 200 SR Tablet","Progesterone (Natural Micronized) (200mg)","INRF-1343","","General Medicine","Alna Biotech Pvt Ltd","30049099","12","","1","","0","tablet","","","Alna Biotech Pvt Ltd","","ACTIVE","OTC"
"Alercy AX Tablet","Ambroxol (30mg) + Phenylephrine (5mg)","INRF-1344","","General Medicine","Baltic Pharmaceuticals","30049099","12","","1","","0","tablet","","","Baltic Pharmaceuticals","","ACTIVE","OTC"
"A2D Capsule","Pregabalin (25mg)","INRF-1345","","CNS","Bioceutics Inc","30049099","12","","1","","0","capsule","","","Bioceutics Inc","","ACTIVE","H"
"Aben Tablet","Albendazole (NA)","INRF-1346","","General Medicine","Laborate Pharmaceuticals India Ltd","30049099","12","","1","","0","tablet","","","Laborate Pharmaceuticals India Ltd","","ACTIVE","OTC"
"Axn 333mg Tablet","Amoxycillin (333mg)","INRF-1347","","Antibiotic","Anthus Pharmaceuticals Pvt Ltd","30049099","12","","1","","0","tablet","","","Anthus Pharmaceuticals Pvt Ltd","","ACTIVE","H1"
"Aerotrop 9mcg Inhaler","Tiotropium (9mcg)","INRF-1348","","Respiratory","Macleods Pharmaceuticals Pvt Ltd","30049099","12","","1","","0","pack","","","Macleods Pharmaceuticals Pvt Ltd","","ACTIVE","OTC"
"Arvast 15 Tablet","Rosuvastatin (15mg)","INRF-1349","","Lipid lowering","Intas Pharmaceuticals Ltd","30049099","12","","1","","0","tablet","","","Intas Pharmaceuticals Ltd","","ACTIVE","OTC"
"Actinsar 16mg Tablet","Candesartan (16mg)","INRF-1350","","General Medicine","Rene Lifescience","30049099","12","","1","","0","tablet","","","Rene Lifescience","","ACTIVE","OTC"
"Avpred 80mg Injection","Methylprednisolone (80mg)","INRF-1351","","Corticosteroid","Arvincare Pharma","30049099","12","","1","","0","vial","","","Arvincare Pharma","","ACTIVE","H"
"Apnicaf Injection","Caffeine (10mg)","INRF-1352","","General Medicine","Abbott","30049099","12","","1","","0","vial","","","Abbott","","ACTIVE","OTC"
"Ambrolite St 100 mg/30 mg/2 mg Tablet","Theophylline (100mg) + Ambroxol (30mg)","INRF-1353","","Respiratory","Tablets India Limited","30049099","12","","1","","0","tablet","","","Tablets India Limited","","ACTIVE","OTC"
"Analiv 100 mg/250 mg Tablet","Pancreatin (100mg) + Ornithine (250mg)","INRF-1354","","General Medicine","Systopic Laboratories Pvt Ltd","30049099","12","","1","","0","tablet","","","Systopic Laboratories Pvt Ltd","","ACTIVE","OTC"
"Alevict Plus Tablet","Ambroxol (60mg) + Levocetirizine (5mg)","INRF-1355","","Antihistamine","Aspire Remedies","30049099","12","","1","","0","tablet","","","Aspire Remedies","","ACTIVE","OTC"
"Alkatis Syrup","Disodium Hydrogen Citrate (1.4gm)","INRF-1356","","General Medicine","Atlantis Formulations Pvt Ltd","30049099","12","","1","","0","bottle","","","Atlantis Formulations Pvt Ltd","","ACTIVE","OTC"
"Algina Plus 50mg/650mg Tablet","Caffeine (50mg) + Paracetamol (650mg)","INRF-1357","","Analgesic","Geno Pharmaceuticals Ltd","30049099","12","","1","","0","tablet","","","Geno Pharmaceuticals Ltd","","ACTIVE","OTC"
"Amrol C Syrup","Cetirizine (NA) + Ambroxol (NA)","INRF-1358","","Antihistamine","Parker Robinson Pvt Ltd","30049099","12","","1","","0","bottle","","","Parker Robinson Pvt Ltd","","ACTIVE","OTC"
"Amwisal Lotion","Clobetasol (0.05% w/w) + Salicylic Acid (3% w/w)","INRF-1359","","General Medicine","Amwill Healthcare","30049099","12","","1","","0","tube","","","Amwill Healthcare","","ACTIVE","OTC"
"Angizem 60 Tablet MR","Diltiazem (60mg)","INRF-1360","","General Medicine","Sun Pharmaceutical Industries Ltd","30049099","12","","1","","0","tablet","","","Sun Pharmaceutical Industries Ltd","","ACTIVE","OTC"
"Alkarol 1.53mg Syrup","Disodium Hydrogen Citrate (1.53mg)","INRF-1361","","General Medicine","Iscon Life Sciences","30049099","12","","1","","0","bottle","","","Iscon Life Sciences","","ACTIVE","OTC"
"Auricle Ear Drop","Gentamicin (0.3% w/v) + Clotrimazole (1% w/v)","INRF-1362","","Antifungal","I.I.F.A Health Care","30049099","12","","1","","0","strip","","","I.I.F.A Health Care","","ACTIVE","OTC"
"ActHIB Vaccine","Tetanus Toxoid (30mcg) + Haemophilus Type B Conjugate Vaccine (10mcg)","INRF-1363","","General Medicine","Sanofi India Ltd","30049099","12","","1","","0","vial","","","Sanofi India Ltd","","ACTIVE","OTC"
"Alkaset Syrup","Disodium Hydrogen Citrate (1.37gm)","INRF-1364","","General Medicine","Viribus Healthcare","30049099","12","","1","","0","bottle","","","Viribus Healthcare","","ACTIVE","OTC"
"AT Tablet","Atenolol (NA)","INRF-1365","","Cardiovascular","Atopic Laboratories","30049099","12","","1","","0","tablet","","","Atopic Laboratories","","ACTIVE","OTC"
"Acefil BD 150mg/5mg Tablet","Diethylcarbamazine (150mg) + Cetirizine (5mg)","INRF-1366","","Antihistamine","Naatson Healthcare Pvt Ltd","30049099","12","","1","","0","tablet","","","Naatson Healthcare Pvt Ltd","","ACTIVE","OTC"
"Arginall 500mg Capsule","L-Arginine (500mg)","INRF-1367","","General Medicine","Xeno Pharmaceuticals Pvt Ltd","30049099","12","","1","","0","capsule","","","Xeno Pharmaceuticals Pvt Ltd","","ACTIVE","OTC"
"Algina 125mg/5ml Syrup","Paracetamol (125mg/5ml)","INRF-1368","","Analgesic","Geno Pharmaceuticals Ltd","30049099","12","","1","","0","bottle","","","Geno Pharmaceuticals Ltd","","ACTIVE","OTC"
"Azined SF Kit","Fluconazole (150mg) + Azithromycin (1gm)","INRF-1369","","Antibiotic","Accord Pharmaceuticals","30049099","12","","1","","0","strip","","","Accord Pharmaceuticals","","ACTIVE","H1"
"Aparin Cream","Benzyl Nicotinate (0.2% w/w) + Heparin (0.042% w/w)","INRF-1370","","General Medicine","Leeford Healthcare Ltd","30049099","12","","1","","0","tube","","","Leeford Healthcare Ltd","","ACTIVE","OTC"
"Apitone Plus Oral Drops","Cyproheptadine (1.5mg) + Tricholine Citrate (55mg)","INRF-1371","","General Medicine","Systemic Healthcare","30049099","12","","1","","0","bottle","","","Systemic Healthcare","","ACTIVE","OTC"
"Axid Capsule","Nizatidine (NA)","INRF-1372","","General Medicine","Apex Laboratories Pvt Ltd","30049099","12","","1","","0","capsule","","","Apex Laboratories Pvt Ltd","","ACTIVE","OTC"
"Astha Paed Syrup","Guaifenesin (NA) + Terbutaline (NA)","INRF-1373","","General Medicine","Divine Lifecare Pvt Ltd","30049099","12","","1","","0","bottle","","","Divine Lifecare Pvt Ltd","","ACTIVE","OTC"
"Amfeta 150 Tablet ER","Bupropion (150mg)","INRF-1374","","General Medicine","Lifecare Neuro Products Ltd","30049099","12","","1","","0","tablet","","","Lifecare Neuro Products Ltd","","ACTIVE","OTC"
"Algirest M Syrup","Montelukast (4mg/5ml) + Fexofenadine (60mg/5ml)","INRF-1375","","Respiratory","Mac Millon Pharmaceuticals Pvt Ltd","30049099","12","","1","","0","bottle","","","Mac Millon Pharmaceuticals Pvt Ltd","","ACTIVE","OTC"
"Amiur 5mg Tablet","Amiloride (5mg)","INRF-1376","","General Medicine","East West Pharma","30049099","12","","1","","0","tablet","","","East West Pharma","","ACTIVE","OTC"
"AbhayRIG 300IU Injection","Equine Rabies Immunoglobulin (300IU)","INRF-1377","","General Medicine","Indian Immunologicals Ltd","30049099","12","","1","","0","vial","","","Indian Immunologicals Ltd","","ACTIVE","OTC"
"Applygen Forte Soft Gelatin Vaginal Suppository","Clindamycin (100mg) + Clotrimazole (100mg)","INRF-1378","","Antifungal","Ronyd Healthcare Pvt Ltd","30049099","12","","1","","0","tube","","","Ronyd Healthcare Pvt Ltd","","ACTIVE","OTC"
"Arthrovit Tablet","Diacerein (NA) + Glucosamine (NA)","INRF-1379","","General Medicine","MDC Pharmaceuticals Pvt Ltd","30049099","12","","1","","0","tablet","","","MDC Pharmaceuticals Pvt Ltd","","ACTIVE","OTC"
"Atrocin Eye Ointment","Atropine (1% w/w) + Tetracycline (1% w/w)","INRF-1380","","General Medicine","Syntho Pharmaceuticals Pvt Ltd","30049099","12","","1","","0","tube","","","Syntho Pharmaceuticals Pvt Ltd","","ACTIVE","OTC"
"Alvikoff LS Syrup","Ambroxol (15mg/5ml) + Levosalbutamol (1mg/5ml)","INRF-1381","","Respiratory","Alvio Pharma","30049099","12","","1","","0","bottle","","","Alvio Pharma","","ACTIVE","OTC"
"Axid O Suspension","Sucralfate (1000mg) + Oxetacaine (20mg)","INRF-1382","","Gastrointestinal","Zee Laboratories","30049099","12","","1","","0","bottle","","","Zee Laboratories","","ACTIVE","OTC"
"Armom F Cream","Mometasone (0.1% w/w) + Fusidic Acid (2% w/w)","INRF-1383","","General Medicine","Aryan Pharmaceuticals","30049099","12","","1","","0","tube","","","Aryan Pharmaceuticals","","ACTIVE","OTC"
"Axcer A 90mg/75mg Kit","Ticagrelor (90mg) + Aspirin (75mg)","INRF-1384","","Analgesic","Sun Pharmaceutical Industries Ltd","30049099","12","","1","","0","strip","","","Sun Pharmaceutical Industries Ltd","","ACTIVE","OTC"
"Alcoxia-P Tablet","Etoricoxib (60mg) + Paracetamol (325mg)","INRF-1385","","Analgesic","Algen Healthcare Limited","30049099","12","","1","","0","tablet","","","Algen Healthcare Limited","","ACTIVE","OTC"
"Asunra 100mg Tablet","Deferasirox (100mg)","INRF-1386","","General Medicine","Novartis India Ltd","30049099","12","","1","","0","tablet","","","Novartis India Ltd","","ACTIVE","OTC"
"Actinocin 0.5mg Injection","Dactinomycin (0.5mg)","INRF-1387","","General Medicine","Neon Laboratories Ltd","30049099","12","","1","","0","vial","","","Neon Laboratories Ltd","","ACTIVE","OTC"
"Arsulide P 100 mg/350 mg Tablet","Nimesulide (100mg) + Paracetamol (350mg)","INRF-1388","","Analgesic","Sterkem Pharma Pvt Ltd","30049099","12","","1","","0","tablet","","","Sterkem Pharma Pvt Ltd","","ACTIVE","OTC"
"Anti Snake Injection","Hemocoagulase (NA)","INRF-1389","","General Medicine","Serum Institute Of India Ltd","30049099","12","","1","","0","vial","","","Serum Institute Of India Ltd","","ACTIVE","OTC"
"Aprovel 300mg Tablet","Irbesartan (300mg)","INRF-1390","","General Medicine","Sanofi India Ltd","30049099","12","","1","","0","tablet","","","Sanofi India Ltd","","ACTIVE","OTC"
"Artisid 25mg Capsule","Indomethacin (25mg)","INRF-1391","","General Medicine","Sun Pharmaceutical Industries Ltd","30049099","12","","1","","0","capsule","","","Sun Pharmaceutical Industries Ltd","","ACTIVE","OTC"
"Aster-X Mouth Wash","Chlorhexidine Gluconate (0.1% w/v)","INRF-1392","","General Medicine","Sandika Pharmaceuticals Pvt Ltd","30049099","12","","1","","0","strip","","","Sandika Pharmaceuticals Pvt Ltd","","ACTIVE","OTC"
"Amazeo 300 Tablet","Amisulpride (300mg)","INRF-1393","","General Medicine","Torrent Pharmaceuticals Ltd","30049099","12","","1","","0","tablet","","","Torrent Pharmaceuticals Ltd","","ACTIVE","OTC"
"Acecort 40mg Injection","Triamcinolone (40mg/ml)","INRF-1394","","General Medicine","Beulah Biomedics Ltd","30049099","12","","1","","0","vial","","","Beulah Biomedics Ltd","","ACTIVE","OTC"
"Acicon 20mg Tablet","Famotidine (20mg)","INRF-1395","","Gastrointestinal","Alembic Pharmaceuticals Ltd","30049099","12","","1","","0","tablet","","","Alembic Pharmaceuticals Ltd","","ACTIVE","OTC"
"Aldrosis Tablet","Ibandronic Acid (150mg)","INRF-1396","","General Medicine","Maverick Pharma Pvt Ltd","30049099","12","","1","","0","tablet","","","Maverick Pharma Pvt Ltd","","ACTIVE","OTC"
"Alveocic-FT Rotacap","Ciclesonide (400mcg) + Formoterol (12mcg)","INRF-1397","","Respiratory","Precept Pharma Ltd","30049099","12","","1","","0","pack","","","Precept Pharma Ltd","","ACTIVE","OTC"
"Alerkim Injection","Betamethasone (4mg/ml)","INRF-1398","","Corticosteroid","Kim Lab","30049099","12","","1","","0","vial","","","Kim Lab","","ACTIVE","H"
"Alkeran 2mg Tablet","Melphalan (2mg)","INRF-1399","","General Medicine","Glaxo SmithKline Pharmaceuticals Ltd","30049099","12","","1","","0","tablet","","","Glaxo SmithKline Pharmaceuticals Ltd","","ACTIVE","OTC"
"Apolar 75mg Capsule","Pregabalin (75mg)","INRF-1400","","CNS","LifeCare Formulation Pvt Ltd","30049099","12","","1","","0","capsule","","","LifeCare Formulation Pvt Ltd","","ACTIVE","H"
"Ambrohist S Syrup","Terbutaline (NA) + Ambroxol (NA)","INRF-1401","","General Medicine","Biochem Pharmaceutical Industries","30049099","12","","1","","0","bottle","","","Biochem Pharmaceutical Industries","","ACTIVE","OTC"
"Apdrops Eye Ointment","Moxifloxacin (0.5% w/w)","INRF-1402","","General Medicine","Ajanta Pharma Ltd","30049099","12","","1","","0","bottle","","","Ajanta Pharma Ltd","","ACTIVE","OTC"
"Akrogat P Eye Drop","Gatifloxacin (0.3% w/v) + Prednisolone (1% w/v)","INRF-1403","","Corticosteroid","Akrovis Pharmaceuticals","30049099","12","","1","","0","strip","","","Akrovis Pharmaceuticals","","ACTIVE","H"
"Arvast CV 20mg/75mg Capsule","Rosuvastatin (20mg) + Clopidogrel (75mg)","INRF-1404","","Lipid lowering","Intas Pharmaceuticals Ltd","30049099","12","","1","","0","capsule","","","Intas Pharmaceuticals Ltd","","ACTIVE","OTC"
"Akcit 500 Tablet","Citicoline (500mg)","INRF-1405","","General Medicine","Akcent Healthcare","30049099","12","","1","","0","tablet","","","Akcent Healthcare","","ACTIVE","OTC"
"Altra P 4mg/325mg Tablet","Lornoxicam (4mg) + Paracetamol (325mg)","INRF-1406","","Analgesic","Medios Laboratories Pvt Ltd","30049099","12","","1","","0","tablet","","","Medios Laboratories Pvt Ltd","","ACTIVE","OTC"
"Abtorsmed 10 Tablet","Torasemide (10mg)","INRF-1407","","General Medicine","Abbott","30049099","12","","1","","0","tablet","","","Abbott","","ACTIVE","OTC"
"Aceran-SP Tablet","Aceclofenac (100mcg) + Paracetamol (325mg)","INRF-1408","","Analgesic","Remeris Pharma Pvt. Ltd.","30049099","12","","1","","0","tablet","","","Remeris Pharma Pvt. Ltd.","","ACTIVE","OTC"
"Abixim 100mg Tablet","Cefixime (100mg)","INRF-1409","","Antibiotic","Abbott","30049099","12","","1","","0","tablet","","","Abbott","","ACTIVE","H1"
"Athrovas HC Tablet","L-Methyl Folate (1mg) + Methylcobalamin/Mecobalamin (1500mcg)","INRF-1410","","General Medicine","Oldmed Healthcare Pvt Ltd","30049099","12","","1","","0","tablet","","","Oldmed Healthcare Pvt Ltd","","ACTIVE","OTC"
"Amril Plus 400mg Tablet","Doxofylline (400mg)","INRF-1411","","General Medicine","Ambic Ayurchem Ltd","30049099","12","","1","","0","tablet","","","Ambic Ayurchem Ltd","","ACTIVE","OTC"
"Amiur H 2.5mg/25mg Tablet","Amiloride (2.5mg) + Hydrochlorothiazide (25mg)","INRF-1412","","Cardiovascular","East West Pharma","30049099","12","","1","","0","tablet","","","East West Pharma","","ACTIVE","OTC"
"Alimta 500mg Injection","Pemetrexed (500mg)","INRF-1413","","General Medicine","Eli Lilly and Company India Pvt Ltd","30049099","12","","1","","0","vial","","","Eli Lilly and Company India Pvt Ltd","","ACTIVE","OTC"
"Andial Liquid","Loperamide (NA)","INRF-1414","","General Medicine","Veritaz Healthcare Ltd","30049099","12","","1","","0","strip","","","Veritaz Healthcare Ltd","","ACTIVE","OTC"
"Avaxim 160IU Injection","Freeze-dried Live Attenuated Hepatitis A Vaccine (160IU)","INRF-1415","","General Medicine","Sanofi India Ltd","30049099","12","","1","","0","vial","","","Sanofi India Ltd","","ACTIVE","OTC"
"Androl 16mg Tablet","Prednisolone (16mg)","INRF-1416","","Corticosteroid","Anikem Laboratories","30049099","12","","1","","0","tablet","","","Anikem Laboratories","","ACTIVE","H"
"As Xime CV Dry Syrup","Cefixime (100mg) + Clavulanic Acid (57mg)","INRF-1417","","Antibiotic","Asvins Lifecare","30049099","12","","1","","0","bottle","","","Asvins Lifecare","","ACTIVE","H1"
"Alday Cold Tablet","Ambroxol (30mg) + Levocetirizine (2.5mg)","INRF-1418","","Antihistamine","S H Pharmaceuticals Ltd","30049099","12","","1","","0","tablet","","","S H Pharmaceuticals Ltd","","ACTIVE","OTC"
"Arisol Syrup","Disodium Hydrogen Citrate (1.4mg/5ml)","INRF-1419","","General Medicine","Sarian Healthcare","30049099","12","","1","","0","bottle","","","Sarian Healthcare","","ACTIVE","OTC"
"Airtec SF 500 Instacap","Salmeterol (50mcg) + Fluticasone Propionate (500mcg)","INRF-1420","","General Medicine","Glenmark Pharmaceuticals Ltd","30049099","12","","1","","0","strip","","","Glenmark Pharmaceuticals Ltd","","ACTIVE","OTC"
"Abmef-DS Oral Suspension","Mefenamic Acid (100mg) + Paracetamol (250mg)","INRF-1421","","Analgesic","Aamorb Pharmaceuticals Pvt Ltd","30049099","12","","1","","0","bottle","","","Aamorb Pharmaceuticals Pvt Ltd","","ACTIVE","OTC"
"Algic LS Eye Drop","Ketorolac (0.4% w/v) + Hydroxypropylmethylcellulose (0.1% w/v)","INRF-1422","","General Medicine","Sunways India Pvt Ltd","30049099","12","","1","","0","bottle","","","Sunways India Pvt Ltd","","ACTIVE","OTC"
"Aedit EP Soap","Povidone Iodine (NA)","INRF-1423","","General Medicine","Remember India Medicos","30049099","12","","1","","0","strip","","","Remember India Medicos","","ACTIVE","OTC"
"Acular Ophthalmic Solution","Ketorolac (0.5% w/v)","INRF-1424","","General Medicine","Allergan India Pvt Ltd","30049099","12","","1","","0","bottle","","","Allergan India Pvt Ltd","","ACTIVE","OTC"
"Alfapsin D 50mg/50000IU Tablet","Diclofenac (50mg) + Trypsin Chymotrypsin (50000IU)","INRF-1425","","Analgesic","Hetero Drugs Ltd","30049099","12","","1","","0","tablet","","","Hetero Drugs Ltd","","ACTIVE","OTC"
"Alizer 1.49gm Syrup","Disodium Hydrogen Citrate (1.49gm)","INRF-1426","","General Medicine","Alice Healthcare Pvt Ltd","30049099","12","","1","","0","bottle","","","Alice Healthcare Pvt Ltd","","ACTIVE","OTC"
"Airwin-LB Respules (2ml Each)","Levosalbutamol (1.25mg) + Budesonide (0.5mg)","INRF-1427","","Respiratory","Ultimate Healthcare","30049099","12","","1","","0","pack","","","Ultimate Healthcare","","ACTIVE","OTC"
"Acuzone S 1000mg/500mg Injection","Cefoperazone (1000mg) + Sulbactam (500mg)","INRF-1428","","General Medicine","Alive Healthcare","30049099","12","","1","","0","vial","","","Alive Healthcare","","ACTIVE","OTC"
"Actidase Forte Tablet","Serratiopeptidase (10mg)","INRF-1429","","General Medicine","Remex Pharmaceuticals Ltd.","30049099","12","","1","","0","tablet","","","Remex Pharmaceuticals Ltd.","","ACTIVE","OTC"
"Acutus Tablet","Chlorpheniramine Maleate (4mg) + Dextromethorphan Hydrobromide (15mg)","INRF-1430","","Antihistamine","Acumen Pharmaceuticals Pvt Ltd","30049099","12","","1","","0","tablet","","","Acumen Pharmaceuticals Pvt Ltd","","ACTIVE","OTC"
"Arotear Plus Eye Drop","Carboxymethylcellulose (0.3% w/v) + Glycerin (1% w/v)","INRF-1431","","General Medicine","Aromed Pharmaceuticals","30049099","12","","1","","0","bottle","","","Aromed Pharmaceuticals","","ACTIVE","OTC"
"Axinerve Tablet","Methylcobalamin (500mcg) + Pregabalin (75mg)","INRF-1432","","CNS","Avis Lifecare Pvt Ltd","30049099","12","","1","","0","tablet","","","Avis Lifecare Pvt Ltd","","ACTIVE","H"
"Alcin TZ 500mg/600mg Tablet","Ciprofloxacin (500mg) + Tinidazole (600mg)","INRF-1433","","Antibiotic","Anvik Biotech","30049099","12","","1","","0","tablet","","","Anvik Biotech","","ACTIVE","H1"
"Alpenam O 200mg Tablet","Faropenem (200mg)","INRF-1434","","General Medicine","Alembic Pharmaceuticals Ltd","30049099","12","","1","","0","tablet","","","Alembic Pharmaceuticals Ltd","","ACTIVE","OTC"
"AB Doxin 100mg Tablet DT","Cefpodoxime Proxetil (100mg)","INRF-1435","","General Medicine","American Biocare","30049099","12","","1","","0","tablet","","","American Biocare","","ACTIVE","OTC"
"Acnerus A Gel","Adapalene (1% w/w) + Clindamycin (1% w/w)","INRF-1436","","General Medicine","Cyrus Remedies","30049099","12","","1","","0","tube","","","Cyrus Remedies","","ACTIVE","OTC"
"Acnon 0.025% Gel","Isotretinoin (0.025%)","INRF-1437","","General Medicine","Gary Pharmaceuticals Pvt Ltd","30049099","12","","1","","0","tube","","","Gary Pharmaceuticals Pvt Ltd","","ACTIVE","OTC"
"Angelova 100 Tablet","Clomiphene (100mg) + Melatonin (3mg)","INRF-1438","","General Medicine","Signorah Healthcare","30049099","12","","1","","0","tube","","","Signorah Healthcare","","ACTIVE","OTC"
"Addcure Cream","Hyaluronic Acid (0.20% w/w)","INRF-1439","","General Medicine","Adley Formulations","30049099","12","","1","","0","tube","","","Adley Formulations","","ACTIVE","OTC"
"Afitra Cream","Itraconazole (1% w/w)","INRF-1440","","Antifungal","Rapross Pharmaceuticals Pvt Ltd","30049099","12","","1","","0","tube","","","Rapross Pharmaceuticals Pvt Ltd","","ACTIVE","OTC"
"Arotear Ultra Eye Drop","Sodium Hyaluronate (0.1% w/v)","INRF-1441","","General Medicine","Aromed Pharmaceuticals","30049099","12","","1","","0","bottle","","","Aromed Pharmaceuticals","","ACTIVE","OTC"
"Ambroxen-LS Syrup","Levosalbutamol (1mg) + Ambroxol (30mg)","INRF-1442","","Respiratory","Raxon Lifesciences Pvt Ltd","30049099","12","","1","","0","bottle","","","Raxon Lifesciences Pvt Ltd","","ACTIVE","OTC"
"Amcet Syrup","Cetirizine (2.5mg) + Ambroxol (30mg)","INRF-1443","","Antihistamine","Mediwin Pharmaceuticals","30049099","12","","1","","0","bottle","","","Mediwin Pharmaceuticals","","ACTIVE","OTC"
"Arvast 30 Tablet","Rosuvastatin (30mg)","INRF-1444","","Lipid lowering","Intas Pharmaceuticals Ltd","30049099","12","","1","","0","tablet","","","Intas Pharmaceuticals Ltd","","ACTIVE","OTC"
"Aximol-M Suspension","Mefenamic Acid (50mg/5ml) + Paracetamol (125mg/5ml)","INRF-1445","","Analgesic","Axis Labs Pvt Ltd","30049099","12","","1","","0","bottle","","","Axis Labs Pvt Ltd","","ACTIVE","OTC"
"Axpero 5 Tablet","Axitinib (5mg)","INRF-1446","","General Medicine","Intas Pharmaceuticals Ltd","30049099","12","","1","","0","tablet","","","Intas Pharmaceuticals Ltd","","ACTIVE","OTC"
"Adrole 0.5mg Tablet","Ropinirole (0.5mg)","INRF-1447","","General Medicine","Icon Life Sciences","30049099","12","","1","","0","tablet","","","Icon Life Sciences","","ACTIVE","OTC"
"Acicod 10mg Tablet","Codeine (10mg)","INRF-1448","","General Medicine","Allied Chemicals & Pharmaceuticals Pvt Ltd","30049099","12","","1","","0","tablet","","","Allied Chemicals & Pharmaceuticals Pvt Ltd","","ACTIVE","H"
"Ananda Tablet","Nortriptyline (NA)","INRF-1449","","General Medicine","Kivi Labs Ltd","30049099","12","","1","","0","tablet","","","Kivi Labs Ltd","","ACTIVE","OTC"
"Atminic 2mg Tablet","Dexchlorpheniramine (2mg)","INRF-1450","","Antihistamine","Atopic Laboratories","30049099","12","","1","","0","tablet","","","Atopic Laboratories","","ACTIVE","OTC"
"Acicrol-O Oral Suspension Sugar Free","Sucralfate (500mg) + Oxetacaine (10mg)","INRF-1451","","Gastrointestinal","Pulse Pharmaceuticals","30049099","12","","1","","0","bottle","","","Pulse Pharmaceuticals","","ACTIVE","OTC"
"Adrovit Z Syrup","Zinc Gluconate (20mg)","INRF-1452","","Vitamin / Mineral","Adley Formulations","30049099","12","","1","","0","bottle","","","Adley Formulations","","ACTIVE","OTC"
"Andol 50mg Syrup","Haloperidol (50mg)","INRF-1453","","General Medicine","D D Pharmaceuticals","30049099","12","","1","","0","bottle","","","D D Pharmaceuticals","","ACTIVE","OTC"
"Aflur Eye Drop","Flurbiprofen (0.03% w/v)","INRF-1454","","General Medicine","Appasamy Ocular Device Pvt Ltd","30049099","12","","1","","0","strip","","","Appasamy Ocular Device Pvt Ltd","","ACTIVE","OTC"
"Azunate L 240 mg/40 mg Tablet","Artesunate (240mg) + Lumefantrine (40mg)","INRF-1455","","General Medicine","Macleods Pharmaceuticals Pvt Ltd","30049099","12","","1","","0","tablet","","","Macleods Pharmaceuticals Pvt Ltd","","ACTIVE","OTC"
"Arsulide D 20 mg/100 mg Tablet","Dicyclomine (20mg) + Nimesulide (100mg)","INRF-1456","","Analgesic","Sterkem Pharma Pvt Ltd","30049099","12","","1","","0","tablet","","","Sterkem Pharma Pvt Ltd","","ACTIVE","OTC"
"Ancept-S Tablet DR","Mycophenolate sodium (360mg)","INRF-1457","","General Medicine","Ankaa Pharmaceutical","30049099","12","","1","","0","tablet","","","Ankaa Pharmaceutical","","ACTIVE","OTC"
"Anxibrium T Tablet","Chlordiazepoxide (10mg) + Trifluoperazine (1mg)","INRF-1458","","General Medicine","Theo Pharma Pvt Ltd","30049099","12","","1","","0","tablet","","","Theo Pharma Pvt Ltd","","ACTIVE","OTC"
"Airtec FB 6mcg/100mcg Capsule","Formoterol (6mcg) + Budesonide (100mcg)","INRF-1459","","Respiratory","Glenmark Pharmaceuticals Ltd","30049099","12","","1","","0","capsule","","","Glenmark Pharmaceuticals Ltd","","ACTIVE","OTC"
"Anacin Multipain 400 mg/40 mg Tablet","Aspirin (400mg) + Caffeine (40mg)","INRF-1460","","Analgesic","Pfizer Ltd","30049099","12","","1","","0","tablet","","","Pfizer Ltd","","ACTIVE","OTC"
"Adsleep 10mg Tablet","Zolpidem (10mg)","INRF-1461","","General Medicine","Arinna Lifescience Pvt Ltd","30049099","12","","1","","0","tablet","","","Arinna Lifescience Pvt Ltd","","ACTIVE","H"
"Avonit 100 Tablet SR","Nitrofurantoin (100mg)","INRF-1462","","General Medicine","Avrohn Pharma I Limited","30049099","12","","1","","0","tablet","","","Avrohn Pharma I Limited","","ACTIVE","OTC"
"Atlura 80 Tablet","Lurasidone (80mg)","INRF-1463","","General Medicine","Torrent Pharmaceuticals Ltd","30049099","12","","1","","0","tablet","","","Torrent Pharmaceuticals Ltd","","ACTIVE","OTC"
"Alviroz F 145mg/10mg Tablet","Fenofibrate (145mg) + Rosuvastatin (10mg)","INRF-1464","","Lipid lowering","Salud Care India Pvt Ltd","30049099","12","","1","","0","tablet","","","Salud Care India Pvt Ltd","","ACTIVE","OTC"
"Aczest Creamy Face Wash","Benzoyl Peroxide (4% w/v)","INRF-1465","","General Medicine","Blaze Remedies","30049099","12","","1","","0","tube","","","Blaze Remedies","","ACTIVE","OTC"
"Angiografin 65% Injection","Diatrizoic Acid (65%)","INRF-1466","","General Medicine","Zydus Cadila","30049099","12","","1","","0","vial","","","Zydus Cadila","","ACTIVE","OTC"
"Acroli Forte Ointment","Tacrolimus (0.1% w/w)","INRF-1467","","General Medicine","Psycormedies","30049099","12","","1","","0","tube","","","Psycormedies","","ACTIVE","OTC"
"Aroximat Plus 12.5mg/0.5mg Tablet CR","Paroxetine (12.5mg) + Clonazepam (0.5mg)","INRF-1468","","CNS","Matteo Healthcare Pvt Ltd","30049099","12","","1","","0","tablet","","","Matteo Healthcare Pvt Ltd","","ACTIVE","H"
"Arpin 25mg Tablet","Dosulepin (25mg)","INRF-1469","","General Medicine","RKG Pharma","30049099","12","","1","","0","tablet","","","RKG Pharma","","ACTIVE","OTC"
"Activa P Tablet","Diclofenac (NA) + Paracetamol (NA)","INRF-1470","","Analgesic","Zydus Healthcare Limited","30049099","12","","1","","0","tablet","","","Zydus Healthcare Limited","","ACTIVE","OTC"
"ASR P 50mg/500mg Tablet","Aceclofenac (50mg) + Paracetamol (500mg)","INRF-1471","","Analgesic","Standard Remedies Pvt Ltd","30049099","12","","1","","0","tablet","","","Standard Remedies Pvt Ltd","","ACTIVE","OTC"
"Asicold Plus 10mg/500mg/30mg Tablet","Cetirizine (10mg) + Paracetamol (500mg)","INRF-1472","","Analgesic","Willow Pharmaceuticals Pvt Ltd","30049099","12","","1","","0","tablet","","","Willow Pharmaceuticals Pvt Ltd","","ACTIVE","OTC"
"Actimarin Forte Tablet","Silymarin (140mg) + Ursodeoxycholic Acid (300mg)","INRF-1473","","General Medicine","Albert David Ltd","30049099","12","","1","","0","tablet","","","Albert David Ltd","","ACTIVE","OTC"
"Ace Cold 2mg/5mg Tablet","Chlorpheniramine Maleate (2mg) + Phenylephrine (5mg)","INRF-1474","","Antihistamine","Hallmark Chemicals","30049099","12","","1","","0","tablet","","","Hallmark Chemicals","","ACTIVE","OTC"
"Apgesic-S Tablet","Chlorzoxazone (500mg) + Diclofenac (50mg)","INRF-1475","","Analgesic","Apco Pharma Ltd","30049099","12","","1","","0","tablet","","","Apco Pharma Ltd","","ACTIVE","OTC"
"Aziford Syrup","Azithromycin (NA)","INRF-1476","","Antibiotic","Leeford Healthcare Ltd","30049099","12","","1","","0","bottle","","","Leeford Healthcare Ltd","","ACTIVE","H1"
"Appavisc Injection","Hydroxypropylmethylcellulose (2% w/v)","INRF-1477","","General Medicine","Appasamy Ocular Device Pvt Ltd","30049099","12","","1","","0","vial","","","Appasamy Ocular Device Pvt Ltd","","ACTIVE","OTC"
"Acnox 2.5 Gel","Benzoyl Peroxide (2.5% w/w)","INRF-1478","","General Medicine","Dermo Care Laboratories","30049099","12","","1","","0","tube","","","Dermo Care Laboratories","","ACTIVE","OTC"
"Analar Gold 1.5% Eye Drop","Bepotastine (1.5% w/v)","INRF-1479","","General Medicine","Pharmatak Opthalmics Pvt Ltd","30049099","12","","1","","0","strip","","","Pharmatak Opthalmics Pvt Ltd","","ACTIVE","OTC"
"Alzumab 25mg Injection","Itolizumab (25mg)","INRF-1480","","General Medicine","Biocon","30049099","12","","1","","0","vial","","","Biocon","","ACTIVE","OTC"
"Amlosafe-LS 2.5mg/2.5mg Tablet","Amlodipine (2.5mg) + Lisinopril (2.5mg)","INRF-1481","","Cardiovascular","Aristo Pharmaceuticals Pvt Ltd","30049099","12","","1","","0","tablet","","","Aristo Pharmaceuticals Pvt Ltd","","ACTIVE","OTC"
"Aceten 25mg Tablet","Captopril (25mg)","INRF-1482","","General Medicine","Wockhardt Ltd","30049099","12","","1","","0","tablet","","","Wockhardt Ltd","","ACTIVE","OTC"
"Asivol A 5mg/2.5mg Tablet","Nebivolol (5mg) + S-Amlodipine (2.5mg)","INRF-1483","","Cardiovascular","AS Pharmaceutical (India) Pvt Ltd","30049099","12","","1","","0","tablet","","","AS Pharmaceutical (India) Pvt Ltd","","ACTIVE","OTC"
"Acticort 20mg Tablet","Prednisolone (20mg)","INRF-1484","","Corticosteroid","Overseas Healthcare Pvt Ltd","30049099","12","","1","","0","tablet","","","Overseas Healthcare Pvt Ltd","","ACTIVE","H"
"Ascolex 5mg Syrup","Sodium Picosulfate (5mg)","INRF-1485","","General Medicine","Ridhima Biocare","30049099","12","","1","","0","bottle","","","Ridhima Biocare","","ACTIVE","OTC"
"Avigel O Oral Suspension","Sucralfate (1000mg) + Oxetacaine (10mg)","INRF-1486","","Gastrointestinal","Avita Laboratories Pvt Ltd","30049099","12","","1","","0","bottle","","","Avita Laboratories Pvt Ltd","","ACTIVE","OTC"
"Actidrox 500mg Tablet","Cefadroxil (500mg)","INRF-1487","","General Medicine","Active Healthcare","30049099","12","","1","","0","tablet","","","Active Healthcare","","ACTIVE","OTC"
"Apriace 5mg Tablet","Benazepril (5mg)","INRF-1488","","General Medicine","Nectazen Pharmaceuticals","30049099","12","","1","","0","tablet","","","Nectazen Pharmaceuticals","","ACTIVE","OTC"
"Aspar 100mg Tablet","Sparfloxacin (100mg)","INRF-1489","","General Medicine","Admac Pharma Ltd","30049099","12","","1","","0","tablet","","","Admac Pharma Ltd","","ACTIVE","OTC"
"Asmaphylin M 231mg/69mg/10mg Tablet SR","Etofylline (231mg) + Theophylline (69mg)","INRF-1490","","Respiratory","ICI Healthcare Pvt Ltd","30049099","12","","1","","0","tablet","","","ICI Healthcare Pvt Ltd","","ACTIVE","OTC"
"Athrovas ASP 20mg/75mg Capsule","Rosuvastatin (20mg) + Aspirin (75mg)","INRF-1491","","Analgesic","Oldmed Healthcare Pvt Ltd","30049099","12","","1","","0","capsule","","","Oldmed Healthcare Pvt Ltd","","ACTIVE","OTC"
"Acter 800mg Tablet","Piracetam (800mg)","INRF-1492","","General Medicine","Klokter Life Sciences","30049099","12","","1","","0","tablet","","","Klokter Life Sciences","","ACTIVE","OTC"
"Aquiti 50mg Tablet","Quetiapine (50mg)","INRF-1493","","General Medicine","Aurum Life Science Pvt Ltd","30049099","12","","1","","0","tablet","","","Aurum Life Science Pvt Ltd","","ACTIVE","OTC"
"Acronil-OD 400 Tablet ER","Flupirtine (400mg)","INRF-1494","","General Medicine","Consern Pharma Limited","30049099","12","","1","","0","tablet","","","Consern Pharma Limited","","ACTIVE","OTC"
"Alaxin 250mg Tablet DT","Cefalexin (250mg)","INRF-1495","","General Medicine","Acichem Laboratories","30049099","12","","1","","0","tablet","","","Acichem Laboratories","","ACTIVE","OTC"
"Altovate Cream","Ofloxacin (0.75% w/w) + Ornidazole (2% w/w)","INRF-1496","","Antibiotic","Rekin Pharma Pvt. Ltd.","30049099","12","","1","","0","tube","","","Rekin Pharma Pvt. Ltd.","","ACTIVE","H1"
"Aplaz 1mg Tablet","Clonazepam (1mg)","INRF-1497","","CNS","Crescent Therapeutics Ltd","30049099","12","","1","","0","tablet","","","Crescent Therapeutics Ltd","","ACTIVE","H"
"Alnacob-Plus Injection","Methylcobalamin (1000mcg) + Vitamin B6 (Pyridoxine) (100mg)","INRF-1498","","Vitamin / Mineral","Alna Biotech Pvt Ltd","30049099","12","","1","","0","vial","","","Alna Biotech Pvt Ltd","","ACTIVE","OTC"
"Assertum 1000 mg/1000 mg Injection","Cefoperazone (1000mg) + Sulbactam (1000mg)","INRF-1499","","General Medicine","Cachet Pharmaceuticals Pvt Ltd","30049099","12","","1","","0","vial","","","Cachet Pharmaceuticals Pvt Ltd","","ACTIVE","OTC"
"Anofer 100mg Injection","Iron Sucrose (100mg)","INRF-1500","","Vitamin / Mineral","Sun Pharmaceutical Industries Ltd","30049099","12","","1","","0","vial","","","Sun Pharmaceutical Industries Ltd","","ACTIVE","OTC"
"Acinostop 1gm Injection","Sulbactam (1gm)","INRF-1501","","General Medicine","Glenmark Pharmaceuticals Ltd","30049099","12","","1","","0","vial","","","Glenmark Pharmaceuticals Ltd","","ACTIVE","OTC"
"Atjoint Tablet","Sodium Hyaluronate (80mg) + Glucosamine (750mg)","INRF-1502","","General Medicine","Saksham Pharmaceuticals India Ltd","30049099","12","","1","","0","tablet","","","Saksham Pharmaceuticals India Ltd","","ACTIVE","OTC"
"Amlovas SN 5 mg/2.5 mg Tablet","Nebivolol (5mg) + Amlodipine (2.5mg)","INRF-1503","","Cardiovascular","Macleods Pharmaceuticals Pvt Ltd","30049099","12","","1","","0","tablet","","","Macleods Pharmaceuticals Pvt Ltd","","ACTIVE","OTC"
"Abetorox 60 Tablet","Etoricoxib (60mg)","INRF-1504","","Analgesic","Abbott","30049099","12","","1","","0","tablet","","","Abbott","","ACTIVE","OTC"
"Artacil 10mg/ml Injection","Atracurium (10mg/ml)","INRF-1505","","General Medicine","Neon Laboratories Ltd","30049099","12","","1","","0","vial","","","Neon Laboratories Ltd","","ACTIVE","OTC"
"Anihist Syrup","Bromhexine (2mg) + Guaifenesin (50mg)","INRF-1506","","General Medicine","Anikem Laboratories","30049099","12","","1","","0","bottle","","","Anikem Laboratories","","ACTIVE","OTC"
"Atrabloc Injection","Atracurium (10mg)","INRF-1507","","General Medicine","Varenyam Healthcare Pvt Ltd","30049099","12","","1","","0","vial","","","Varenyam Healthcare Pvt Ltd","","ACTIVE","OTC"
"Alerchek OD Ophthalmic Solution","Olopatadine (0.2%)","INRF-1508","","General Medicine","Indoco Remedies Ltd","30049099","12","","1","","0","bottle","","","Indoco Remedies Ltd","","ACTIVE","OTC"
"A Sol 5 Gel","Benzoyl Peroxide (5% w/w)","INRF-1509","","General Medicine","Parry Pharma Pvt Ltd","30049099","12","","1","","0","tube","","","Parry Pharma Pvt Ltd","","ACTIVE","OTC"
"Afra Z Syrup","Magaldrate (400mg/5ml) + Simethicone (20mg/5ml)","INRF-1510","","General Medicine","Hos & Ins","30049099","12","","1","","0","bottle","","","Hos & Ins","","ACTIVE","OTC"
"Anticanol 0.5 Tablet","Entecavir (0.5mg)","INRF-1511","","General Medicine","Knoll Pharmaceuticals Ltd","30049099","12","","1","","0","tablet","","","Knoll Pharmaceuticals Ltd","","ACTIVE","OTC"
"Artaz 15mg Tablet","Meloxicam (15mg)","INRF-1512","","Analgesic","Torrent Pharmaceuticals Ltd","30049099","12","","1","","0","tablet","","","Torrent Pharmaceuticals Ltd","","ACTIVE","OTC"
"Aurocaine Eye Drop","Proparacaine (0.5% w/w)","INRF-1513","","General Medicine","Aurolab","30049099","12","","1","","0","strip","","","Aurolab","","ACTIVE","OTC"
"Astus Plus Expectorant","Ambroxol (30mg) + Guaifenesin (100mg)","INRF-1514","","General Medicine","Simpson Brawn Pharmaceuticals","30049099","12","","1","","0","strip","","","Simpson Brawn Pharmaceuticals","","ACTIVE","OTC"
"Asthamax AX 400mg/30mg Tablet","Doxofylline (400mg) + Ambroxol (30mg)","INRF-1515","","General Medicine","Lemford Biotech Pvt Ltd","30049099","12","","1","","0","tablet","","","Lemford Biotech Pvt Ltd","","ACTIVE","OTC"
"Adheal Tablet","Trypsin Chymotrypsin (100000AU)","INRF-1516","","General Medicine","Indian Drugs & Pharmaceuticals Ltd","30049099","12","","1","","0","tablet","","","Indian Drugs & Pharmaceuticals Ltd","","ACTIVE","OTC"
"Amicon 50mg Tablet","Amitriptyline (50mg)","INRF-1517","","CNS","Icon Life Sciences","30049099","12","","1","","0","tablet","","","Icon Life Sciences","","ACTIVE","OTC"
"AC Z Tablet","Acarbose (NA)","INRF-1518","","General Medicine","Acme Pharmaceutical","30049099","12","","1","","0","tablet","","","Acme Pharmaceutical","","ACTIVE","OTC"
"Almefkem 250 DT Tablet","Mefenamic Acid (250mg)","INRF-1519","","General Medicine","Alkem Laboratories Ltd","30049099","12","","1","","0","tablet","","","Alkem Laboratories Ltd","","ACTIVE","OTC"
"Artisol 10mg Tablet","Quinapril (10mg)","INRF-1520","","General Medicine","Indo Medix","30049099","12","","1","","0","tablet","","","Indo Medix","","ACTIVE","OTC"
"Anbcl Ear Drop","Neomycin (0.5% w/w) + Beclometasone (0.025% w/w)","INRF-1521","","General Medicine","Avilius Neutracare","30049099","12","","1","","0","strip","","","Avilius Neutracare","","ACTIVE","OTC"
"Adrena 2mg Injection","Ephedrine (2mg)","INRF-1522","","General Medicine","Geo Pharma Pvt Ltd","30049099","12","","1","","0","vial","","","Geo Pharma Pvt Ltd","","ACTIVE","OTC"
"Acodac 20 Capsule","Fluoxetine (20mg)","INRF-1523","","CNS","Accosts Remedies Pvt Ltd","30049099","12","","1","","0","capsule","","","Accosts Remedies Pvt Ltd","","ACTIVE","OTC"
"Avolax Oral Suspension","Sodium Picosulfate (3.33mg) + Liquid Paraffin (1.25ml)","INRF-1524","","General Medicine","Avonic Life Sciences","30049099","12","","1","","0","bottle","","","Avonic Life Sciences","","ACTIVE","OTC"
"Ancept Tablet","Mycophenolate mofetil (500mg)","INRF-1525","","General Medicine","Ankaa Pharmaceutical","30049099","12","","1","","0","tablet","","","Ankaa Pharmaceutical","","ACTIVE","OTC"
"Acnedox-LB Capsule","Doxycycline (100mg) + Lactobacillus (60Million cells)","INRF-1526","","Antibiotic","Shinto Organics (P) Limited","30049099","12","","1","","0","capsule","","","Shinto Organics (P) Limited","","ACTIVE","H1"
"Allgel-O Oral Suspension Mint Sugar Free","Magaldrate (510mg/5ml) + Simethicone (50mg/5ml)","INRF-1527","","General Medicine","Altena Healthcare","30049099","12","","1","","0","bottle","","","Altena Healthcare","","ACTIVE","OTC"
"Alspas-D Tablet","Drotaverine (40mg) + Mefenamic Acid (250mg)","INRF-1528","","General Medicine","Allenge India","30049099","12","","1","","0","tablet","","","Allenge India","","ACTIVE","OTC"
"Anoxilin 40mg Injection","Enoxaparin (40mg)","INRF-1529","","General Medicine","Lincoln Pharmaceuticals Ltd","30049099","12","","1","","0","vial","","","Lincoln Pharmaceuticals Ltd","","ACTIVE","OTC"
"Adfil 6mg Injection","Pegfilgrastim (6mg)","INRF-1530","","General Medicine","Adley Formulations","30049099","12","","1","","0","vial","","","Adley Formulations","","ACTIVE","OTC"
"Apocid Advance Syrup","Aluminium Hydroxide (600mg) + Milk Of Magnesia (300mg)","INRF-1531","","General Medicine","Capricorn Biotech","30049099","12","","1","","0","bottle","","","Capricorn Biotech","","ACTIVE","OTC"
"Ascovit C 1500mg Injection","Vitamin C (1500mg)","INRF-1532","","Vitamin / Mineral","Novo Medi Sciences Pvt Ltd","30049099","12","","1","","0","vial","","","Novo Medi Sciences Pvt Ltd","","ACTIVE","OTC"
"Asmabron-N Tablet","Montelukast (10mg) + Theophylline (400mg)","INRF-1533","","Respiratory","Overseas Pharma Pvt Ltd","30049099","12","","1","","0","tablet","","","Overseas Pharma Pvt Ltd","","ACTIVE","OTC"
"Alumcid MPS Oral Suspension","Aluminium Hydroxide (215mg) + Magnesium (80mg)","INRF-1534","","General Medicine","Zeelab Pharmacy Pvt Ltd","30049099","12","","1","","0","bottle","","","Zeelab Pharmacy Pvt Ltd","","ACTIVE","OTC"
"Actidom 5mg Oral Suspension","Domperidone (5mg/5ml)","INRF-1535","","Gastrointestinal","Base Pharmaceuticals Pvt Ltd","30049099","12","","1","","0","bottle","","","Base Pharmaceuticals Pvt Ltd","","ACTIVE","OTC"
"Anxipose 0.5mg Tablet","Lorazepam (0.5mg)","INRF-1536","","CNS","Psychotropics India Ltd","30049099","12","","1","","0","tablet","","","Psychotropics India Ltd","","ACTIVE","H"
"Actide 0.05mg Injection","Octreotide acetate (0.05mg)","INRF-1537","","General Medicine","Samarth Life Sciences Pvt Ltd","30049099","12","","1","","0","vial","","","Samarth Life Sciences Pvt Ltd","","ACTIVE","OTC"
"Abdotic Plus Tablet","Tranexamic Acid (500mg) + Mefenamic Acid (250mg)","INRF-1538","","General Medicine","Ernst Pharmacia","30049099","12","","1","","0","tablet","","","Ernst Pharmacia","","ACTIVE","OTC"
"Anzip 2.5mg Tablet MD","Olanzapine (2.5mg)","INRF-1539","","General Medicine","Alde Medi Impex Ltd","30049099","12","","1","","0","tablet","","","Alde Medi Impex Ltd","","ACTIVE","OTC"
"Alphasan 1500 Injection","Methylcobalamin (1500mcg)","INRF-1540","","General Medicine","Viribus Healthcare","30049099","12","","1","","0","vial","","","Viribus Healthcare","","ACTIVE","OTC"
"Alkof SF Syrup","Guaifenesin (50mg) + Bromhexine (4mg)","INRF-1541","","General Medicine","Alkem Laboratories Ltd","30049099","12","","1","","0","bottle","","","Alkem Laboratories Ltd","","ACTIVE","OTC"
"Aqua D3 60K Soft Gelatin Capsule","Vitamin D3 (60000units)","INRF-1542","","Vitamin / Mineral","Winmark Pharmaceuticals Pvt Ltd","30049099","12","","1","","0","tube","","","Winmark Pharmaceuticals Pvt Ltd","","ACTIVE","OTC"
"Aldecef 50mg Dry Syrup","Cefpodoxime Proxetil (50mg)","INRF-1543","","General Medicine","Alde Medi Impex Ltd","30049099","12","","1","","0","bottle","","","Alde Medi Impex Ltd","","ACTIVE","OTC"
"Anical D Tablet","Calcium (500mg) + Vitamin D3 (200IU)","INRF-1544","","Vitamin / Mineral","Anikem Laboratories","30049099","12","","1","","0","tablet","","","Anikem Laboratories","","ACTIVE","OTC"
"Adclobaz 2.5 Tablet MD","Clobazam (2.5mg)","INRF-1545","","General Medicine","Health N U Therapeutics Pvt Ltd","30049099","12","","1","","0","tablet","","","Health N U Therapeutics Pvt Ltd","","ACTIVE","OTC"
"Alcofen 10 Tablet","Baclofen (10mg)","INRF-1546","","General Medicine","Hind Bioscience","30049099","12","","1","","0","tablet","","","Hind Bioscience","","ACTIVE","OTC"
"Aridef 6 mg Tablet","Deflazacort (6 mg)","INRF-1547","","General Medicine","Sarian Healthcare","30049099","12","","1","","0","tablet","","","Sarian Healthcare","","ACTIVE","OTC"
"Abvida-M 50/1000 Eazy Glide Tablet SR","Metformin (1000mg) + Vildagliptin (50mg)","INRF-1548","","Antidiabetic","Abbott","30049099","12","","1","","0","tablet","","","Abbott","","ACTIVE","OTC"
"Amdex Syrup","Bromhexine (4mg) + Guaifenesin (50mg)","INRF-1549","","General Medicine","Ampus Life Sciences Ltd","30049099","12","","1","","0","bottle","","","Ampus Life Sciences Ltd","","ACTIVE","OTC"
"Axn Syrup","Phenylpropanolamine (12.5mg) + Chlorpheniramine Maleate (2mg)","INRF-1550","","Antihistamine","Esquire Drug House","30049099","12","","1","","0","bottle","","","Esquire Drug House","","ACTIVE","OTC"
"Atrisol Eye Drop","Atropine (1% w/v) + Chlorbutol (0.35% w/v)","INRF-1551","","General Medicine","Indiana Opthalmics","30049099","12","","1","","0","strip","","","Indiana Opthalmics","","ACTIVE","OTC"
"Alphalan 5mg Tablet","Melphalan (5mg)","INRF-1552","","General Medicine","Natco Pharma Ltd","30049099","12","","1","","0","tablet","","","Natco Pharma Ltd","","ACTIVE","OTC"
"Alporate 500mg Tablet","Valproic Acid (500mg)","INRF-1553","","General Medicine","Altius Life Sciences","30049099","12","","1","","0","tablet","","","Altius Life Sciences","","ACTIVE","OTC"
"Alporate 200mg Tablet","Valproic Acid (200mg)","INRF-1554","","General Medicine","Altius Life Sciences","30049099","12","","1","","0","tablet","","","Altius Life Sciences","","ACTIVE","OTC"
"Agidol 1.5mg Tablet","Haloperidol (1.5mg)","INRF-1555","","General Medicine","Consern Pharma Limited","30049099","12","","1","","0","tablet","","","Consern Pharma Limited","","ACTIVE","OTC"
"Almefkem 500mg Tablet","Mefenamic Acid (500mg)","INRF-1556","","General Medicine","Alkem Laboratories Ltd","30049099","12","","1","","0","tablet","","","Alkem Laboratories Ltd","","ACTIVE","OTC"
"Anset OR 4mg/150mg Tablet","Ondansetron (4mg) + Ranitidine (150mg)","INRF-1557","","Gastrointestinal","Bennet Mypher Pharmaceuticals LLP","30049099","12","","1","","0","tablet","","","Bennet Mypher Pharmaceuticals LLP","","ACTIVE","OTC"
"Alzolam 0.125mg Tablet","Alprazolam (0.125mg)","INRF-1558","","CNS","Sun Pharmaceutical Industries Ltd","30049099","12","","1","","0","tablet","","","Sun Pharmaceutical Industries Ltd","","ACTIVE","H"
"Axepta 60mg Tablet","Atomoxetine (60mg)","INRF-1559","","General Medicine","Intas Pharmaceuticals Ltd","30049099","12","","1","","0","tablet","","","Intas Pharmaceuticals Ltd","","ACTIVE","OTC"
"Alexin Syrup","Cefalexin (250mg/5ml)","INRF-1560","","General Medicine","Alembic Pharmaceuticals Ltd","30049099","12","","1","","0","bottle","","","Alembic Pharmaceuticals Ltd","","ACTIVE","OTC"
"Axinac Nano Gel","Diclofenac (1.16% w/w) + Linseed Oil (3% w/w)","INRF-1561","","Analgesic","Axenic Healthcare","30049099","12","","1","","0","tube","","","Axenic Healthcare","","ACTIVE","OTC"
"Angiblock 5mg Capsule","Nifedipine (5mg)","INRF-1562","","General Medicine","Alkem Laboratories Ltd","30049099","12","","1","","0","capsule","","","Alkem Laboratories Ltd","","ACTIVE","OTC"
"Alcoxib 120mg Tablet","Etoricoxib (120mg)","INRF-1563","","Analgesic","Alkem Laboratories Ltd","30049099","12","","1","","0","tablet","","","Alkem Laboratories Ltd","","ACTIVE","OTC"
"Axom Oral Suspension","Ambroxol (15mg/5ml) + Guaifenesin (100mg/5ml)","INRF-1564","","General Medicine","Epitome Life Sciences","30049099","12","","1","","0","bottle","","","Epitome Life Sciences","","ACTIVE","OTC"
"Antiflam 400 mg/650 mg Tablet","Ibuprofen (400mg) + Paracetamol (650mg)","INRF-1565","","Analgesic","Klar Sehen Pvt Ltd","30049099","12","","1","","0","tablet","","","Klar Sehen Pvt Ltd","","ACTIVE","OTC"
"Arniwax Ear Drop","Benzocaine (2.7% w/v) + Chlorbutol (5% w/v)","INRF-1566","","General Medicine","Arnvis Pharma Pvt Ltd","30049099","12","","1","","0","strip","","","Arnvis Pharma Pvt Ltd","","ACTIVE","OTC"
"Adhestop 5000IU Injection","Heparin (5000IU)","INRF-1567","","General Medicine","Varenyam Healthcare Pvt Ltd","30049099","12","","1","","0","vial","","","Varenyam Healthcare Pvt Ltd","","ACTIVE","OTC"
"Alerkim Forte 1mg Tablet","Betamethasone (1mg)","INRF-1568","","Corticosteroid","Kim Lab","30049099","12","","1","","0","tablet","","","Kim Lab","","ACTIVE","H"
"Analiv Tablet","Pancreatin (1000mg) + Ornithine (NA)","INRF-1569","","General Medicine","Systopic Laboratories Pvt Ltd","30049099","12","","1","","0","tablet","","","Systopic Laboratories Pvt Ltd","","ACTIVE","OTC"
"Algic Plus Eye Drop","Ofloxacin (0.5%) + Ketorolac (0.3%)","INRF-1570","","Antibiotic","Sunways India Pvt Ltd","30049099","12","","1","","0","strip","","","Sunways India Pvt Ltd","","ACTIVE","H1"
"Acnevent Forte Cream","Nadifloxacin (1% w/w) + Mometasone (0.1% w/w)","INRF-1571","","General Medicine","Univentis Medicare Ltd","30049099","12","","1","","0","tube","","","Univentis Medicare Ltd","","ACTIVE","OTC"
"Amlozaar 25 mg/5 mg Tablet","Losartan (25mg) + Amlodipine (5mg)","INRF-1572","","Cardiovascular","Micro Labs Ltd","30049099","12","","1","","0","tablet","","","Micro Labs Ltd","","ACTIVE","OTC"
"Aviglen MF Tablet","Glibenclamide (5mg) + Metformin (500mg)","INRF-1573","","Antidiabetic","Avinash Health Products Pvt Ltd","30049099","12","","1","","0","tablet","","","Avinash Health Products Pvt Ltd","","ACTIVE","OTC"
"Aboderm Plus Cream","Terbinafine (1% w/w) + Clobetasol (0.05% w/w)","INRF-1574","","Antifungal","Edymax Lifesciences Private Limited","30049099","12","","1","","0","tube","","","Edymax Lifesciences Private Limited","","ACTIVE","OTC"
"Andol 10mg Tablet","Haloperidol (10mg)","INRF-1575","","General Medicine","D D Pharmaceuticals","30049099","12","","1","","0","tablet","","","D D Pharmaceuticals","","ACTIVE","OTC"
"Amicaba 125mg Injection","Amikacin (125mg/ml)","INRF-1576","","General Medicine","Acto Pharma Pvt Ltd","30049099","12","","1","","0","vial","","","Acto Pharma Pvt Ltd","","ACTIVE","OTC"
"Afenac TH Tablet","Aceclofenac (NA) + Thiocolchicoside (NA)","INRF-1577","","Analgesic","Strides shasun Ltd","30049099","12","","1","","0","tablet","","","Strides shasun Ltd","","ACTIVE","OTC"
"Ampitrust Injection","Ampicillin (2000mg) + Sulbactam (1000mg)","INRF-1578","","General Medicine","Fusion Healthcare Pvt Ltd","30049099","12","","1","","0","vial","","","Fusion Healthcare Pvt Ltd","","ACTIVE","OTC"
"Admol 120 Oral Suspension","Paracetamol (120mg/ml)","INRF-1579","","Analgesic","Kepler Health Care","30049099","12","","1","","0","bottle","","","Kepler Health Care","","ACTIVE","OTC"
"Allrite D 5mg/120mg Tablet","Levocetirizine (5mg) + Pseudoephedrine (120mg)","INRF-1580","","Antihistamine","Zydus Cadila","30049099","12","","1","","0","tablet","","","Zydus Cadila","","ACTIVE","OTC"
"Acnebenz Gel","Erythromycin (NA)","INRF-1581","","Antibiotic","A. Menarini India Pvt Ltd","30049099","12","","1","","0","tube","","","A. Menarini India Pvt Ltd","","ACTIVE","H1"
"Autitam Syrup","Piracetam (500mg/5ml)","INRF-1582","","General Medicine","Psychocare Health Pvt Ltd","30049099","12","","1","","0","bottle","","","Psychocare Health Pvt Ltd","","ACTIVE","OTC"
"Aurosporine Eye Drop","Ciclosporin (2% w/v)","INRF-1583","","General Medicine","Aurolab","30049099","12","","1","","0","strip","","","Aurolab","","ACTIVE","OTC"
"Adipan D 20mg/40mg Tablet","Domperidone (20mg) + Pantoprazole (40mg)","INRF-1584","","Gastrointestinal","Adicure Pharma Private Limited","30049099","12","","1","","0","tablet","","","Adicure Pharma Private Limited","","ACTIVE","OTC"
"Apizine Syrup","Promethazine (5mg/5ml)","INRF-1585","","General Medicine","Apex Laboratories Pvt Ltd","30049099","12","","1","","0","bottle","","","Apex Laboratories Pvt Ltd","","ACTIVE","OTC"
"Adobe 10mg Tablet","Clobazam (10mg)","INRF-1586","","General Medicine","Solvate Laboratries Pvt Ltd","30049099","12","","1","","0","tablet","","","Solvate Laboratries Pvt Ltd","","ACTIVE","OTC"
"Acedol-P 500mg/100mg Tablet","Aceclofenac (500mg) + Paracetamol (100mg)","INRF-1587","","Analgesic","Doff Biotech Pvt Ltd","30049099","12","","1","","0","tablet","","","Doff Biotech Pvt Ltd","","ACTIVE","OTC"
"Accuzon Plus 500 mg/250 mg Injection","Ceftriaxone (500mg) + Sulbactam (250mg)","INRF-1588","","Antibiotic","Macleods Pharmaceuticals Pvt Ltd","30049099","12","","1","","0","vial","","","Macleods Pharmaceuticals Pvt Ltd","","ACTIVE","H1"
"Arthrovit-Plus Tablet","Diacerein (50mg) + Glucosamine (500mg)","INRF-1589","","General Medicine","MDC Pharmaceuticals Pvt Ltd","30049099","12","","1","","0","tablet","","","MDC Pharmaceuticals Pvt Ltd","","ACTIVE","OTC"
"Acefen Gel","Ibuprofen (NA)","INRF-1590","","Analgesic","Salud Care India Pvt Ltd","30049099","12","","1","","0","tube","","","Salud Care India Pvt Ltd","","ACTIVE","OTC"
"Alkacel 50 Injection","Melphalan (50mg)","INRF-1591","","General Medicine","Celon Laboratories Ltd","30049099","12","","1","","0","vial","","","Celon Laboratories Ltd","","ACTIVE","OTC"
"Arflur 50mg Tablet","Aceclofenac (50mg)","INRF-1592","","Analgesic","FDC Ltd","30049099","12","","1","","0","tablet","","","FDC Ltd","","ACTIVE","OTC"
"Askafex TR Suspension","Terbutaline (2.5mg/5ml) + Bromhexine (8mg/5ml)","INRF-1593","","General Medicine","Asklepios Remedies Pvt Ltd","30049099","12","","1","","0","bottle","","","Asklepios Remedies Pvt Ltd","","ACTIVE","OTC"
"Albadin 5mg Tablet","Ivabradine (5mg)","INRF-1594","","General Medicine","Alvio Pharma","30049099","12","","1","","0","tablet","","","Alvio Pharma","","ACTIVE","OTC"
"Albalon Liquifilm","Ketotifen (0.5mg)","INRF-1595","","General Medicine","Allergan India Pvt Ltd","30049099","12","","1","","0","bottle","","","Allergan India Pvt Ltd","","ACTIVE","OTC"
"Alkem Piroxicam 10mg Tablet DT","Piroxicam (10mg)","INRF-1596","","Analgesic","Alkem Laboratories Ltd","30049099","12","","1","","0","tablet","","","Alkem Laboratories Ltd","","ACTIVE","OTC"
"Anti CC Syrup","Chlorpheniramine Maleate (2mg) + Menthol (1mg)","INRF-1597","","Antihistamine","Embiotic Laboratories Pvt Ltd","30049099","12","","1","","0","bottle","","","Embiotic Laboratories Pvt Ltd","","ACTIVE","OTC"
"Arobit 2.5mg Tablet","Letrozole (2.5mg)","INRF-1598","","General Medicine","Eskag Pharma Pvt Ltd","30049099","12","","1","","0","tablet","","","Eskag Pharma Pvt Ltd","","ACTIVE","OTC"
"Aquiris 12.5mg Tablet","Chlorthalidone (12.5mg)","INRF-1599","","General Medicine","Akumentis Healthcare Ltd","30049099","12","","1","","0","tablet","","","Akumentis Healthcare Ltd","","ACTIVE","OTC"
"Ancap 75mg Capsule SR","Indomethacin (75mg)","INRF-1600","","General Medicine","Noel Pharma India Pvt Ltd","30049099","12","","1","","0","capsule","","","Noel Pharma India Pvt Ltd","","ACTIVE","OTC"
"Aceliv Forte Tablet","Trypsin (48mg) + Rutoside (100mg)","INRF-1601","","General Medicine","Novalife Healthcare","30049099","12","","1","","0","tablet","","","Novalife Healthcare","","ACTIVE","OTC"
"Altoran CH 40mg/6.25mg Tablet","Azilsartan medoxomil (40mg) + Chlorthalidone (6.25mg)","INRF-1602","","General Medicine","Alembic Pharmaceuticals Ltd","30049099","12","","1","","0","tablet","","","Alembic Pharmaceuticals Ltd","","ACTIVE","OTC"
"Argical HD Tablet","Calcium (1000mg) + Vitamin D3 (1000IU)","INRF-1603","","Vitamin / Mineral","Torway Pharmacia Pvt Ltd","30049099","12","","1","","0","tablet","","","Torway Pharmacia Pvt Ltd","","ACTIVE","OTC"
"Alidex 2mg Tablet","Chlorpheniramine Maleate (2mg)","INRF-1604","","Antihistamine","Bsp Pharmaceuticals","30049099","12","","1","","0","tablet","","","Bsp Pharmaceuticals","","ACTIVE","OTC"
"Aprotyl Starter Pack Kit","Apremilast (10mg) + Apremilast (20mg)","INRF-1605","","General Medicine","FDC Ltd","30049099","12","","1","","0","strip","","","FDC Ltd","","ACTIVE","OTC"
"Acstop Soap","Clindamycin (1%) + Nicotinamide (0.5%)","INRF-1606","","General Medicine","Sol Derma Pharmaceuiticals Pvt Ltd","30049099","12","","1","","0","strip","","","Sol Derma Pharmaceuiticals Pvt Ltd","","ACTIVE","OTC"
"Actifed Plus Suspension","Paracetamol (125mg) + Triprolidine (0.625mg)","INRF-1607","","Analgesic","Glaxo SmithKline Pharmaceuticals Ltd","30049099","12","","1","","0","bottle","","","Glaxo SmithKline Pharmaceuticals Ltd","","ACTIVE","OTC"
"Arthocare DS Capsule","Glucosamine (500mg) + Chondroitin (400mg)","INRF-1608","","General Medicine","Gland Pharma Limited","30049099","12","","1","","0","capsule","","","Gland Pharma Limited","","ACTIVE","OTC"
"Acebran BR Syrup","Terbutaline (1.25mg/5ml) + Acebrophylline (50mg/5ml)","INRF-1609","","General Medicine","Ikon Remedies Pvt Ltd","30049099","12","","1","","0","bottle","","","Ikon Remedies Pvt Ltd","","ACTIVE","OTC"
"Agroflox O 200mg/500mg Tablet","Ornidazole (500mg) + Ofloxacin (200mg)","INRF-1610","","Antibiotic","Aggrowin Pharma","30049099","12","","1","","0","tablet","","","Aggrowin Pharma","","ACTIVE","H1"
"Atiket Tablet","Ketoconazole (NA)","INRF-1611","","General Medicine","Dermo Care Laboratories","30049099","12","","1","","0","tablet","","","Dermo Care Laboratories","","ACTIVE","OTC"
"Aldase OD 100 mg/30 mg Tablet","Diclofenac (100mg) + Serratiopeptidase (30mg)","INRF-1612","","Analgesic","Lincoln Pharmaceuticals Ltd","30049099","12","","1","","0","tablet","","","Lincoln Pharmaceuticals Ltd","","ACTIVE","OTC"
"Aldezol DF 400mg/500mg Tablet","Metronidazole (400mg) + Diloxanide (500mg)","INRF-1613","","Antibiotic","Albert David Ltd","30049099","12","","1","","0","tablet","","","Albert David Ltd","","ACTIVE","H1"
"Amrox LC Tablet","Levocetirizine (NA) + Ambroxol (NA)","INRF-1614","","Antihistamine","Soft Pharmaceuticals","30049099","12","","1","","0","tablet","","","Soft Pharmaceuticals","","ACTIVE","OTC"
"Arorab Plus 75mg/40mg Capsule","Levosulpiride (75mg) + Rabeprazole (40mg)","INRF-1615","","Gastrointestinal","Aareen Healthcare Pvt Ltd","30049099","12","","1","","0","capsule","","","Aareen Healthcare Pvt Ltd","","ACTIVE","OTC"
"Alonac P 100mg/650mg Tablet","Aceclofenac (100mg) + Paracetamol (650mg)","INRF-1616","","Analgesic","East West Pharma","30049099","12","","1","","0","tablet","","","East West Pharma","","ACTIVE","OTC"
"Allercalcin Tablet","Calcium Gluconate (500mg) + Chlorpheniramine Maleate (4mg)","INRF-1617","","Antihistamine","Retort Pharma Pvt Ltd","30049099","12","","1","","0","tablet","","","Retort Pharma Pvt Ltd","","ACTIVE","OTC"
"Androsure 1000mg Injection","Testosterone (1000mg)","INRF-1618","","General Medicine","Zydus Cadila","30049099","12","","1","","0","vial","","","Zydus Cadila","","ACTIVE","H"
"Astarest Syrup","Salbutamol (2mg) + Bromhexine (4mg)","INRF-1619","","Respiratory","Darwin Formulations Pvt Ltd","30049099","12","","1","","0","bottle","","","Darwin Formulations Pvt Ltd","","ACTIVE","OTC"
"Adorcal-CC Tablet","Calcium Citrate Malate (250mg) + Vitamin D3 (100mg)","INRF-1620","","Vitamin / Mineral","Cheminnova Life Sciences","30049099","12","","1","","0","tablet","","","Cheminnova Life Sciences","","ACTIVE","OTC"
"Afex Tablet","Terbutaline (2.5mg) + Bromhexine (4mg)","INRF-1621","","General Medicine","Eden Healthcare Pvt Ltd","30049099","12","","1","","0","tablet","","","Eden Healthcare Pvt Ltd","","ACTIVE","OTC"
"Avanxit-FN Tablet","Flupenthixol (0.5mg) + Nortriptyline (10mg)","INRF-1622","","General Medicine","Avallac Pharmaceutical LLP","30049099","12","","1","","0","tablet","","","Avallac Pharmaceutical LLP","","ACTIVE","OTC"
"Artin 150mg Capsule","Penicillamine (150mg)","INRF-1623","","General Medicine","Arvind Laboratories Pvt Ltd","30049099","12","","1","","0","capsule","","","Arvind Laboratories Pvt Ltd","","ACTIVE","OTC"
"Alzepam 10mg Tablet","Diazepam (10mg)","INRF-1624","","CNS","Psycormedies","30049099","12","","1","","0","tablet","","","Psycormedies","","ACTIVE","H"
"Akralic 6% Ointment","Salicylic Acid (6% w/w)","INRF-1625","","General Medicine","Sanrose Nutrachem","30049099","12","","1","","0","tube","","","Sanrose Nutrachem","","ACTIVE","OTC"
"Amexine 500mg/8mg Capsule","Amoxycillin (500mg) + Bromhexine (8mg)","INRF-1626","","Antibiotic","Pfizer Ltd","30049099","12","","1","","0","capsule","","","Pfizer Ltd","","ACTIVE","H1"
"Anna 2.5mg Tablet","Rivaroxaban (2.5mg)","INRF-1627","","General Medicine","MVD Pharmaceuticals Pvt Ltd","30049099","12","","1","","0","tablet","","","MVD Pharmaceuticals Pvt Ltd","","ACTIVE","OTC"
"Alcef LB 200 Tablet","Cefixime (200mg) + Lactobacillus (2.5Million spores)","INRF-1628","","Antibiotic","Southshourne Corporation India","30049099","12","","1","","0","tablet","","","Southshourne Corporation India","","ACTIVE","H1"
"Asomex-M 5 Tablet PR","S-Amlodipine (5mg) + S-Metoprolol Tartrate (25mg)","INRF-1629","","Cardiovascular","Emcure Pharmaceuticals Ltd","30049099","12","","1","","0","tablet","","","Emcure Pharmaceuticals Ltd","","ACTIVE","OTC"
"Adozyme Syrup","Cyproheptadine (2mg)","INRF-1630","","General Medicine","Bio-Zenesis Healthcare","30049099","12","","1","","0","bottle","","","Bio-Zenesis Healthcare","","ACTIVE","OTC"
"Angelova 50mg/3mg Tablet","Clomiphene (50mg) + Melatonin (3mg)","INRF-1631","","General Medicine","Signorah Healthcare","30049099","12","","1","","0","tube","","","Signorah Healthcare","","ACTIVE","OTC"
"Aid-Air-AB Tablet","Doxofylline (400mg) + Acebrophylline (100mg)","INRF-1632","","General Medicine","Medens Pharmaceutical Pvt Ltd","30049099","12","","1","","0","tablet","","","Medens Pharmaceutical Pvt Ltd","","ACTIVE","OTC"
"Arexol Syrup","Cetirizine (NA) + Pseudoephedrine (NA)","INRF-1633","","Antihistamine","Libra Drugs India","30049099","12","","1","","0","bottle","","","Libra Drugs India","","ACTIVE","OTC"
"Argioram Sachet Sugar Free","L-Arginine (50gm) + Proanthocyanidin (1250gm)","INRF-1634","","General Medicine","KRP Pharma","30049099","12","","1","","0","sachet","","","KRP Pharma","","ACTIVE","OTC"
"Arorab IT 20mg/150mg Capsule SR","Rabeprazole (20mg) + Itopride (150mg)","INRF-1635","","Gastrointestinal","Aareen Healthcare Pvt Ltd","30049099","12","","1","","0","capsule","","","Aareen Healthcare Pvt Ltd","","ACTIVE","OTC"
"Amvalor Chrono 300 Tablet CR","Sodium Valproate (200mg) + Valproic Acid (87mg)","INRF-1636","","General Medicine","Arinna Lifescience Pvt Ltd","30049099","12","","1","","0","tablet","","","Arinna Lifescience Pvt Ltd","","ACTIVE","OTC"
"Anatec Hot Gel","Diclofenac (1.16% w/w) + Capsaicin Based Rubefacients (0.025% w/w)","INRF-1637","","Analgesic","Ajanta Pharma Ltd","30049099","12","","1","","0","tube","","","Ajanta Pharma Ltd","","ACTIVE","OTC"
"Anept 12.5mg Tablet","Tianeptine (12.5mg)","INRF-1638","","General Medicine","Consern Pharma Limited","30049099","12","","1","","0","tablet","","","Consern Pharma Limited","","ACTIVE","OTC"
"Asviia Injection","Pegaspargase (3750IU)","INRF-1639","","General Medicine","Zydus Cadila","30049099","12","","1","","0","vial","","","Zydus Cadila","","ACTIVE","OTC"
"Ambros GM Syrup","Ambroxol (15mg/5ml) + Menthol (1mg/5ml)","INRF-1640","","General Medicine","Indkus Biotech India","30049099","12","","1","","0","bottle","","","Indkus Biotech India","","ACTIVE","OTC"
"Actol 800mg Tablet","Ethambutol (800mg)","INRF-1641","","General Medicine","Acme Pharmaceutical","30049099","12","","1","","0","tablet","","","Acme Pharmaceutical","","ACTIVE","OTC"
"Alpred 8mg Tablet","Methylprednisolone (8mg)","INRF-1642","","Corticosteroid","Alathea Biotec Pvt Ltd","30049099","12","","1","","0","tablet","","","Alathea Biotec Pvt Ltd","","ACTIVE","H"
"Afmed 40mg Tablet","Afatinib dimaleate (40mg)","INRF-1643","","General Medicine","Medicamen Biotech Ltd","30049099","12","","1","","0","tablet","","","Medicamen Biotech Ltd","","ACTIVE","OTC"
"Allenil 5mg Tablet","Olopatadine (5mg)","INRF-1644","","General Medicine","Torrent Pharmaceuticals Ltd","30049099","12","","1","","0","tablet","","","Torrent Pharmaceuticals Ltd","","ACTIVE","OTC"
"Adpace 2 mg/50 mg Tablet","Perindopril erbumine (2mg) + Losartan (50mg)","INRF-1645","","Cardiovascular","Sun Pharmaceutical Industries Ltd","30049099","12","","1","","0","tablet","","","Sun Pharmaceutical Industries Ltd","","ACTIVE","OTC"
"Aquadol Tpm Gel","Diclofenac (1.16% w/w)","INRF-1646","","Analgesic","Themis Medicare Ltd","30049099","12","","1","","0","tube","","","Themis Medicare Ltd","","ACTIVE","OTC"
"Adrim 10mg Injection","Doxorubicin (Plain) (10mg)","INRF-1647","","General Medicine","Fresenius Kabi India Pvt Ltd","30049099","12","","1","","0","vial","","","Fresenius Kabi India Pvt Ltd","","ACTIVE","OTC"
"Antixa 300mg Injection","Enoxaparin (300mg)","INRF-1648","","General Medicine","Emcure Pharmaceuticals Ltd","30049099","12","","1","","0","vial","","","Emcure Pharmaceuticals Ltd","","ACTIVE","OTC"
"Actigrain P 40mg/10mg Capsule SR","Propranolol (40mg) + Flunarizine (10mg)","INRF-1649","","Cardiovascular","Univentis Medicare Ltd","30049099","12","","1","","0","capsule","","","Univentis Medicare Ltd","","ACTIVE","OTC"
"Atext 37.5mg Tablet PR","Paroxetine (37.5mg)","INRF-1650","","General Medicine","Atral Cyrus Lifesciences","30049099","12","","1","","0","tablet","","","Atral Cyrus Lifesciences","","ACTIVE","OTC"
"Amlocaid-M Tablet PR","Amlodipine (5mg) + Metoprolol Succinate (47.5mg)","INRF-1651","","Cardiovascular","Medicaid Labs LLP","30049099","12","","1","","0","tablet","","","Medicaid Labs LLP","","ACTIVE","OTC"
"Allerone-M Kid Tablet","Levocetirizine (NA) + Montelukast (NA)","INRF-1652","","Respiratory","Gladstone Pharma India Pvt Ltd","30049099","12","","1","","0","tablet","","","Gladstone Pharma India Pvt Ltd","","ACTIVE","OTC"
"Avigel-Mps Syrup Mint Sugar Free","Aluminium Hydroxide (250mg/5ml) + Simethicone (50mg/5ml)","INRF-1653","","General Medicine","Avita Laboratories Pvt Ltd","30049099","12","","1","","0","bottle","","","Avita Laboratories Pvt Ltd","","ACTIVE","OTC"
"Altin 0.25mg/20mg Tablet","Alprazolam (0.25mg) + Fluoxetine (20mg)","INRF-1654","","CNS","Zee Laboratories","30049099","12","","1","","0","tablet","","","Zee Laboratories","","ACTIVE","H"
"Activert 8mg Tablet","Betahistine (8mg)","INRF-1655","","General Medicine","Univentis Medicare Ltd","30049099","12","","1","","0","tablet","","","Univentis Medicare Ltd","","ACTIVE","OTC"
"Amphy IBL 1000 Tablet","Amoxycillin (500mg) + Sulbactam (500mg)","INRF-1656","","Antibiotic","Profic Organic Ltd","30049099","12","","1","","0","tablet","","","Profic Organic Ltd","","ACTIVE","H1"
"Antoff-OZ Plus Tablet","Lactobacillus (120Million spores) + Ofloxacin (200mg)","INRF-1657","","Antibiotic","Gentronix Lifecare Pvt Ltd","30049099","12","","1","","0","tablet","","","Gentronix Lifecare Pvt Ltd","","ACTIVE","H1"
"Alinzo 600mg Tablet","Linezolid (600mg)","INRF-1658","","Antibiotic","Alvio Pharma","30049099","12","","1","","0","tablet","","","Alvio Pharma","","ACTIVE","H1"
"Alto-Cartil 500mg Tablet","Glucosamine (500mg)","INRF-1659","","General Medicine","Alto Healthcare Pvt. Ltd.","30049099","12","","1","","0","tablet","","","Alto Healthcare Pvt. Ltd.","","ACTIVE","OTC"
"Astharil-DMR Syrup","Guaifenesin (100mg) + Chlorpheniramine Maleate (4mg)","INRF-1660","","Antihistamine","Zoic Lifesciences","30049099","12","","1","","0","bottle","","","Zoic Lifesciences","","ACTIVE","OTC"
"Alepod CV Dry Syrup","Cefpodoxime Proxetil (50mg/5ml) + Clavulanic Acid (31.25mg/5ml)","INRF-1661","","Antibiotic","Alester Pharma Pvt Ltd","30049099","12","","1","","0","bottle","","","Alester Pharma Pvt Ltd","","ACTIVE","H1"
"Amrox Oral Drops","Ambroxol (NA)","INRF-1662","","General Medicine","Leeford Healthcare Ltd","30049099","12","","1","","0","bottle","","","Leeford Healthcare Ltd","","ACTIVE","OTC"
"Atazor 200mg Capsule","Atazanavir (200mg)","INRF-1663","","General Medicine","Emcure Pharmaceuticals Ltd","30049099","12","","1","","0","capsule","","","Emcure Pharmaceuticals Ltd","","ACTIVE","OTC"
"Anthel UP Oral Suspension","Ivermectin (1.5mg) + Albendazole (200mg)","INRF-1664","","General Medicine","Lincoln Pharmaceuticals Ltd","30049099","12","","1","","0","bottle","","","Lincoln Pharmaceuticals Ltd","","ACTIVE","OTC"
"Azunate 100mg Tablet","Artesunate (100mg)","INRF-1665","","General Medicine","Macleods Pharmaceuticals Pvt Ltd","30049099","12","","1","","0","tablet","","","Macleods Pharmaceuticals Pvt Ltd","","ACTIVE","OTC"
"Amasid Suspension","Aluminium Hydroxide (400mg) + Dicyclomine (5mg)","INRF-1666","","General Medicine","Jarun Pharmaceuticals","30049099","12","","1","","0","bottle","","","Jarun Pharmaceuticals","","ACTIVE","OTC"
"Astharil-AS Syrup","Ambroxol (30mg/5ml) + Salbutamol (2mg/5ml)","INRF-1667","","Respiratory","Zoic Lifesciences","30049099","12","","1","","0","bottle","","","Zoic Lifesciences","","ACTIVE","OTC"
"AGA Lotion","Minoxidil (2% w/v)","INRF-1668","","General Medicine","Nidus Pharma Pvt Ltd","30049099","12","","1","","0","tube","","","Nidus Pharma Pvt Ltd","","ACTIVE","OTC"
"Adelphane 0.1mg/10mg Tablet","Reserpine (0.1mg) + Dihydralazine (10mg)","INRF-1669","","General Medicine","Novartis India Ltd","30049099","12","","1","","0","tablet","","","Novartis India Ltd","","ACTIVE","OTC"
"Akurit Kid LD Tablet","Rifampicin (NA) + Isoniazid (NA)","INRF-1670","","General Medicine","Lupin Ltd","30049099","12","","1","","0","tablet","","","Lupin Ltd","","ACTIVE","OTC"
"Alcan 150mg/200mg Tablet","Fluconazole (150mg) + Cefixime (200mg)","INRF-1671","","Antibiotic","Allpa India Medicines Pvt Ltd","30049099","12","","1","","0","tablet","","","Allpa India Medicines Pvt Ltd","","ACTIVE","H1"
"Asthelite PD Syrup","Choline Theophyllinate (50mg) + Terbutaline (1.25mg)","INRF-1672","","General Medicine","Litaka Pharmaceuticals Ltd","30049099","12","","1","","0","bottle","","","Litaka Pharmaceuticals Ltd","","ACTIVE","OTC"
"Arnim SP 100mg/15mg Capsule","Nimesulide (100mg) + Serratiopeptidase (15mg)","INRF-1673","","Analgesic","Ardor Drugs Pvt Ltd","30049099","12","","1","","0","capsule","","","Ardor Drugs Pvt Ltd","","ACTIVE","OTC"
"Aldon 2mg Oral Drops","Ondansetron (2mg)","INRF-1674","","Gastrointestinal","Alde Medi Impex Ltd","30049099","12","","1","","0","bottle","","","Alde Medi Impex Ltd","","ACTIVE","OTC"
"Articlor 50mg Drop","Cefaclor (50mg)","INRF-1675","","General Medicine","Icarus Healthcare Pvt Ltd","30049099","12","","1","","0","strip","","","Icarus Healthcare Pvt Ltd","","ACTIVE","OTC"
"Andrecin Eye Drop","Chloramphenicol (0.5% w/v)","INRF-1676","","General Medicine","Intas Pharmaceuticals Ltd","30049099","12","","1","","0","strip","","","Intas Pharmaceuticals Ltd","","ACTIVE","OTC"
"Amolife 100mg Tablet","Amoxapine (100mg)","INRF-1677","","General Medicine","La Pharmaceuticals","30049099","12","","1","","0","tablet","","","La Pharmaceuticals","","ACTIVE","OTC"
"Adgel Ointment","Diclofenac (1% w/w)","INRF-1678","","Analgesic","Adley Formulations","30049099","12","","1","","0","tube","","","Adley Formulations","","ACTIVE","OTC"
"Aclene 0.10% Gel","Adapalene (0.10%)","INRF-1679","","General Medicine","Cipla Ltd","30049099","12","","1","","0","tube","","","Cipla Ltd","","ACTIVE","OTC"
"Albast Tablet","Ebastine (10mg)","INRF-1680","","General Medicine","Kenn Pharmaceuticals Pvt Ltd","30049099","12","","1","","0","tablet","","","Kenn Pharmaceuticals Pvt Ltd","","ACTIVE","OTC"
"Aztatin 10mg Tablet","Lovastatin (10mg)","INRF-1681","","General Medicine","Sun Pharmaceutical Industries Ltd","30049099","12","","1","","0","tablet","","","Sun Pharmaceutical Industries Ltd","","ACTIVE","OTC"
"Asthamon 4mg Tablet","Montelukast (4mg)","INRF-1682","","Respiratory","East West Pharma","30049099","12","","1","","0","tablet","","","East West Pharma","","ACTIVE","OTC"
"Asmatide BR 8 mg/4 mg/200 mg Tablet","Bromhexine (8mg) + Salbutamol (4mg)","INRF-1683","","Respiratory","Systopic Laboratories Pvt Ltd","30049099","12","","1","","0","tablet","","","Systopic Laboratories Pvt Ltd","","ACTIVE","OTC"
"Acemol MF Syrup","Mefenamic Acid (50mg) + Paracetamol (125mg)","INRF-1684","","Analgesic","Positive Medicare Pvt Ltd","30049099","12","","1","","0","bottle","","","Positive Medicare Pvt Ltd","","ACTIVE","OTC"
"Alcipro 1000mg Tablet","Ciprofloxacin (1000mg)","INRF-1685","","Antibiotic","Alkem Laboratories Ltd","30049099","12","","1","","0","tablet","","","Alkem Laboratories Ltd","","ACTIVE","H1"
"Alburel 5% Solution for Infusion","Albumin (5%)","INRF-1686","","General Medicine","Reliance Life Sciences","30049099","12","","1","","0","bottle","","","Reliance Life Sciences","","ACTIVE","OTC"
"Active Junior Syrup","Ambroxol (7.5mg) + Cetirizine (1.25mg)","INRF-1687","","Antihistamine","Laxian Healthcare","30049099","12","","1","","0","bottle","","","Laxian Healthcare","","ACTIVE","OTC"
"Altonil LS 10mg/0.25mg Tablet","Melatonin (10mg) + Clonazepam (0.25mg)","INRF-1688","","CNS","Alteus Biogenics Pvt Ltd","30049099","12","","1","","0","tablet","","","Alteus Biogenics Pvt Ltd","","ACTIVE","H"
"Artisid 50mg Capsule","Indomethacin (50mg)","INRF-1689","","General Medicine","Sun Pharmaceutical Industries Ltd","30049099","12","","1","","0","capsule","","","Sun Pharmaceutical Industries Ltd","","ACTIVE","OTC"
"Avkof Syrup","Codeine (10mg) + Triprolidine (1.25mg)","INRF-1690","","General Medicine","Afive Pharma","30049099","12","","1","","0","bottle","","","Afive Pharma","","ACTIVE","H"
"Azibact CF 200 mg/250 mg Tablet","Cefpodoxime Proxetil (200mg) + Azithromycin (250mg)","INRF-1691","","Antibiotic","Ipca Laboratories Ltd","30049099","12","","1","","0","tablet","","","Ipca Laboratories Ltd","","ACTIVE","H1"
"AMPHOLIP 10 MG INJECTION","Amphotericin B (10mg)","INRF-1692","","General Medicine","Bharat Serums & Vaccines Ltd","30049099","12","","1","","0","vial","","","Bharat Serums & Vaccines Ltd","","ACTIVE","OTC"
"Adobe 5mg Tablet","Clobazam (5mg)","INRF-1693","","General Medicine","Solvate Laboratries Pvt Ltd","30049099","12","","1","","0","tablet","","","Solvate Laboratries Pvt Ltd","","ACTIVE","OTC"
"Axentri 150mg Tablet","Maraviroc (150mg)","INRF-1694","","General Medicine","Emcure Pharmaceuticals Ltd","30049099","12","","1","","0","tablet","","","Emcure Pharmaceuticals Ltd","","ACTIVE","OTC"
"Alpha Dip Tablet","Labetalol (NA)","INRF-1695","","General Medicine","Dahlia Pharmaceutical Pvt Ltd","30049099","12","","1","","0","tablet","","","Dahlia Pharmaceutical Pvt Ltd","","ACTIVE","OTC"
"AG X Cream","Sulfadiazine (NA) + Chlorhexidine Gluconate (NA)","INRF-1696","","General Medicine","Karnataka Antibiotics & Pharmaceuticals Ltd","30049099","12","","1","","0","tube","","","Karnataka Antibiotics & Pharmaceuticals Ltd","","ACTIVE","OTC"
"Amlox HP 750mg/40mg/500mg Kit","Amoxycillin (750mg) + Pantoprazole (40mg)","INRF-1697","","Antibiotic","Leeford Healthcare Ltd","30049099","12","","1","","0","strip","","","Leeford Healthcare Ltd","","ACTIVE","H1"
"Alenfast 100mg Tablet","Tapentadol (100mg)","INRF-1698","","General Medicine","Alembic Pharmaceuticals Ltd","30049099","12","","1","","0","tablet","","","Alembic Pharmaceuticals Ltd","","ACTIVE","OTC"
"Aluxo 40mg Tablet","Febuxostat (40mg)","INRF-1699","","General Medicine","Alvio Pharma","30049099","12","","1","","0","tablet","","","Alvio Pharma","","ACTIVE","OTC"
"Aceeforte 150mg/2.5mg Tablet","Diethylcarbamazine (150mg) + Chlorpheniramine Maleate (2.5mg)","INRF-1700","","Antihistamine","Alliance Remedies","30049099","12","","1","","0","tablet","","","Alliance Remedies","","ACTIVE","OTC"
"Amicor 100mg Injection","Amrinone (100mg)","INRF-1701","","General Medicine","Samarth Life Sciences Pvt Ltd","30049099","12","","1","","0","vial","","","Samarth Life Sciences Pvt Ltd","","ACTIVE","OTC"
"Angifine 20mg Tablet SR","Nifedipine (20mg)","INRF-1702","","General Medicine","Invision Medi Sciences Pvt Ltd","30049099","12","","1","","0","tablet","","","Invision Medi Sciences Pvt Ltd","","ACTIVE","OTC"
"Arzin 10mg Tablet","Flunarizine (10mg)","INRF-1703","","General Medicine","Evershine Lifesciences Pvt Ltd","30049099","12","","1","","0","tablet","","","Evershine Lifesciences Pvt Ltd","","ACTIVE","OTC"
"Adhair 2% Solution","Minoxidil (2% w/v) + Aminexil (1.5% w/v)","INRF-1704","","General Medicine","Torrent Pharmaceuticals Ltd","30049099","12","","1","","0","bottle","","","Torrent Pharmaceuticals Ltd","","ACTIVE","OTC"
"Albrim LS Eye Drop","Brimonidine (0.1% w/v)","INRF-1705","","General Medicine","Alembic Pharmaceuticals Ltd","30049099","12","","1","","0","strip","","","Alembic Pharmaceuticals Ltd","","ACTIVE","OTC"
"Anefol XT Injection","Ferrous Ascorbate (NA) + Folic Acid (NA)","INRF-1706","","Vitamin / Mineral","Mac Millon Pharmaceuticals Pvt Ltd","30049099","12","","1","","0","vial","","","Mac Millon Pharmaceuticals Pvt Ltd","","ACTIVE","OTC"
"Acostin 1Million IU Injection","Colistimethate Sodium (1Million IU)","INRF-1707","","General Medicine","Sun Pharmaceutical Industries Ltd","30049099","12","","1","","0","vial","","","Sun Pharmaceutical Industries Ltd","","ACTIVE","OTC"
"Adsunib 50 Capsule","Sunitinib (50mg)","INRF-1708","","General Medicine","Adley Formulations","30049099","12","","1","","0","capsule","","","Adley Formulations","","ACTIVE","OTC"
"Aspagol Powder Husk Orange","Lactitol (10gm) + Ispaghula (3.5gm)","INRF-1709","","General Medicine","Aspen Pharmaceuticals","30049099","12","","1","","0","sachet","","","Aspen Pharmaceuticals","","ACTIVE","OTC"
"AGA 10% Lotion","Minoxidil (10% w/v)","INRF-1710","","General Medicine","Nidus Pharma Pvt Ltd","30049099","12","","1","","0","tube","","","Nidus Pharma Pvt Ltd","","ACTIVE","OTC"
"Alriza 10 Tablet","Rivaroxaban (10mg)","INRF-1711","","General Medicine","Alniche Life Sciences Pvt Ltd","30049099","12","","1","","0","tablet","","","Alniche Life Sciences Pvt Ltd","","ACTIVE","OTC"
"A Nil Tablet","Metronidazole (200mg) + Diloxanide (250mg)","INRF-1712","","Antibiotic","Pan Pharmaceuticals Ltd","30049099","12","","1","","0","tablet","","","Pan Pharmaceuticals Ltd","","ACTIVE","H1"
"Agrophyllin 77mg/23mg Tablet","Etofylline (77mg) + Theophylline (23mg)","INRF-1713","","Respiratory","Agron Remedies Pvt Ltd","30049099","12","","1","","0","tablet","","","Agron Remedies Pvt Ltd","","ACTIVE","OTC"
"Altradol Tablet","Tramadol (NA)","INRF-1714","","Analgesic","Omega Pharmaceuticals Pvt Ltd","30049099","12","","1","","0","tablet","","","Omega Pharmaceuticals Pvt Ltd","","ACTIVE","H"
"Actsone T Cream","Mometasone (0.1% w/w) + Terbinafine (1% w/w)","INRF-1715","","Antifungal","Biochemix Health Care Pvt. Ltd.","30049099","12","","1","","0","tube","","","Biochemix Health Care Pvt. Ltd.","","ACTIVE","OTC"
"Alcetam 400mg Tablet","Piracetam (400mg)","INRF-1716","","General Medicine","Alkem Laboratories Ltd","30049099","12","","1","","0","tablet","","","Alkem Laboratories Ltd","","ACTIVE","OTC"
"Angionox 60mg Injection","Enoxaparin (60mg)","INRF-1717","","General Medicine","Zydus Cadila","30049099","12","","1","","0","vial","","","Zydus Cadila","","ACTIVE","OTC"
"Articlor 125mg Dry Syrup","Cefaclor (125mg)","INRF-1718","","General Medicine","Icarus Healthcare Pvt Ltd","30049099","12","","1","","0","bottle","","","Icarus Healthcare Pvt Ltd","","ACTIVE","OTC"
"Acemin Tablet","Lisinopril (NA)","INRF-1719","","General Medicine","Total Healthcare","30049099","12","","1","","0","tablet","","","Total Healthcare","","ACTIVE","OTC"
"Astem 10mg Tablet","Astemizole (10mg)","INRF-1720","","General Medicine","Medley Pharmaceuticals","30049099","12","","1","","0","tablet","","","Medley Pharmaceuticals","","ACTIVE","OTC"
"Alzic 4mg Injection","Zoledronic acid (4mg)","INRF-1721","","General Medicine","Adley Formulations","30049099","12","","1","","0","vial","","","Adley Formulations","","ACTIVE","OTC"
"Algina 250mg/5ml Syrup","Paracetamol (250mg/5ml)","INRF-1722","","Analgesic","Geno Pharmaceuticals Ltd","30049099","12","","1","","0","bottle","","","Geno Pharmaceuticals Ltd","","ACTIVE","OTC"
"Aurotim Eye Drop","Timolol (0.5% w/w)","INRF-1723","","General Medicine","Aurolab","30049099","12","","1","","0","strip","","","Aurolab","","ACTIVE","OTC"
"Alcold Plus Tablet","Loratadine (5mg) + Paracetamol (500mg)","INRF-1724","","Analgesic","Legend Pharma Technologies","30049099","12","","1","","0","tablet","","","Legend Pharma Technologies","","ACTIVE","OTC"
"Aciban L 75 mg/40 mg Capsule","Levosulpiride (75mg) + Pantoprazole (40mg)","INRF-1725","","Gastrointestinal","Cadila Pharmaceuticals Ltd","30049099","12","","1","","0","capsule","","","Cadila Pharmaceuticals Ltd","","ACTIVE","OTC"
"Alviroz Asp 75mg/10mg Capsule","Rosuvastatin (75mg) + Aspirin (10mg)","INRF-1726","","Analgesic","Alvio Pharma","30049099","12","","1","","0","capsule","","","Alvio Pharma","","ACTIVE","OTC"
"Amitant-IV Injection","Fosaprepitant (150mg)","INRF-1727","","General Medicine","Aureate Healthcare Pvt Ltd","30049099","12","","1","","0","vial","","","Aureate Healthcare Pvt Ltd","","ACTIVE","OTC"
"Arbitel R 40 mg/5 mg Tablet","Telmisartan (40mg) + Ramipril (5mg)","INRF-1728","","Cardiovascular","Micro Labs Ltd","30049099","12","","1","","0","tablet","","","Micro Labs Ltd","","ACTIVE","OTC"
"Adcarb 450mg Injection","Carboplatin (450mg)","INRF-1729","","General Medicine","Adley Formulations","30049099","12","","1","","0","vial","","","Adley Formulations","","ACTIVE","OTC"
"Amphen 125mg/5ml Syrup","Chloramphenicol (125mg/5ml)","INRF-1730","","General Medicine","Leben Laboratories Pvt Ltd","30049099","12","","1","","0","bottle","","","Leben Laboratories Pvt Ltd","","ACTIVE","OTC"
"Acemiz Plus 5mg Suspension","Astemizole (5mg)","INRF-1731","","General Medicine","Lupin Ltd","30049099","12","","1","","0","bottle","","","Lupin Ltd","","ACTIVE","OTC"
"Anifer Syrup","Iron Hydroxide Polymaltose (50mg)","INRF-1732","","Vitamin / Mineral","Smilax Pharmaceuticals","30049099","12","","1","","0","bottle","","","Smilax Pharmaceuticals","","ACTIVE","OTC"
"Anzatric 5mg Tablet","Olanzapine (5mg)","INRF-1733","","General Medicine","Cubit Healthcare","30049099","12","","1","","0","tablet","","","Cubit Healthcare","","ACTIVE","OTC"
"Aldol P 325mg/50mg Tablet","Paracetamol/Acetaminophen (325mg) + Tramadol (50mg)","INRF-1734","","Analgesic","Altar Pharmaceuticals Pvt Ltd","30049099","12","","1","","0","tablet","","","Altar Pharmaceuticals Pvt Ltd","","ACTIVE","H"
"Anflox Syrup","Ofloxacin (50mg)","INRF-1735","","Antibiotic","Alliance Remedies","30049099","12","","1","","0","bottle","","","Alliance Remedies","","ACTIVE","H1"
"Alrubicin 100mg Injection","Epirubicin (100mg)","INRF-1736","","General Medicine","Alkem Laboratories Ltd","30049099","12","","1","","0","vial","","","Alkem Laboratories Ltd","","ACTIVE","OTC"
"Abimome-C Cream","Mometasone (0.1% w/w) + Clotrimazole (1% w/w)","INRF-1737","","Antifungal","Abigail Care Pharmaceutical","30049099","12","","1","","0","tube","","","Abigail Care Pharmaceutical","","ACTIVE","OTC"
"Abivela 1000mg Tablet","Valacyclovir (1000mg)","INRF-1738","","General Medicine","Abigail Care Pharmaceutical","30049099","12","","1","","0","tablet","","","Abigail Care Pharmaceutical","","ACTIVE","OTC"
"Aqua Joy Mouth Wash","Chlorhexidine Gluconate (0.2% w/v) + Sodium Fluoride (0.05% w/v)","INRF-1739","","General Medicine","Leeford Healthcare Ltd","30049099","12","","1","","0","strip","","","Leeford Healthcare Ltd","","ACTIVE","OTC"
"Asenapt 10 Sublingual tablet","Asenapine (10mg)","INRF-1740","","General Medicine","Sun Pharmaceutical Industries Ltd","30049099","12","","1","","0","tablet","","","Sun Pharmaceutical Industries Ltd","","ACTIVE","OTC"
"Anchlor Eye Ointment","Polymyxin B (10000units) + Chloramphenicol (10mg)","INRF-1741","","General Medicine","Nri Vision Care India Limited","30049099","12","","1","","0","tube","","","Nri Vision Care India Limited","","ACTIVE","OTC"
"Adsleep 5mg Tablet","Zolpidem (5mg)","INRF-1742","","General Medicine","Arinna Lifescience Pvt Ltd","30049099","12","","1","","0","tablet","","","Arinna Lifescience Pvt Ltd","","ACTIVE","H"
"Azoflox OZ Syrup","Ofloxacin (50mg/5ml) + Ornidazole (125mg/5ml)","INRF-1743","","Antibiotic","Mac Millon Pharmaceuticals Pvt Ltd","30049099","12","","1","","0","bottle","","","Mac Millon Pharmaceuticals Pvt Ltd","","ACTIVE","H1"
"Arimip 75mg Tablet SR","Clomipramine (75mg)","INRF-1744","","General Medicine","Natco Pharma Ltd","30049099","12","","1","","0","tablet","","","Natco Pharma Ltd","","ACTIVE","OTC"
"Axpero 1mg Tablet","Axitinib (1mg)","INRF-1745","","General Medicine","Intas Pharmaceuticals Ltd","30049099","12","","1","","0","tablet","","","Intas Pharmaceuticals Ltd","","ACTIVE","OTC"
"Albicold N Tablet","Caffeine (25mg) + Cetirizine (5mg)","INRF-1746","","Antihistamine","Albia Biocare","30049099","12","","1","","0","tablet","","","Albia Biocare","","ACTIVE","OTC"
"A-Rex Syrup","Diphenhydramine (12.5mg) + Ammonium Chloride (125mg)","INRF-1747","","General Medicine","Acinom Healthcare","30049099","12","","1","","0","bottle","","","Acinom Healthcare","","ACTIVE","OTC"
"Aristocillin 100mg Injection","Ampicillin (100mg)","INRF-1748","","General Medicine","Aristo Pharmaceuticals Pvt Ltd","30049099","12","","1","","0","vial","","","Aristo Pharmaceuticals Pvt Ltd","","ACTIVE","OTC"
"Alonac Forte 100mg/50000IU Tablet","Aceclofenac (100mg) + Trypsin Chymotrypsin (50000IU)","INRF-1749","","Analgesic","East West Pharma","30049099","12","","1","","0","tablet","","","East West Pharma","","ACTIVE","OTC"
"Amoline-NB Tablet","Nebivolol (5mg) + Amlodipine (5mg)","INRF-1750","","Cardiovascular","Zeelab Pharmacy Pvt Ltd","30049099","12","","1","","0","tablet","","","Zeelab Pharmacy Pvt Ltd","","ACTIVE","OTC"
"Atd 40 Injection","Drotaverine (40mg)","INRF-1751","","General Medicine","H & Care Incorp","30049099","12","","1","","0","vial","","","H & Care Incorp","","ACTIVE","OTC"
"Adcox-P Tablet","Etoricoxib (60mg) + Paracetamol (500mg)","INRF-1752","","Analgesic","ADZO Lifesciences Pvt Ltd","30049099","12","","1","","0","tablet","","","ADZO Lifesciences Pvt Ltd","","ACTIVE","OTC"
"Adequet 100 Tablet","Quetiapine (100mg)","INRF-1753","","General Medicine","Abbott","30049099","12","","1","","0","tablet","","","Abbott","","ACTIVE","OTC"
"Amphy IBL 500 Tablet","Amoxycillin (250mg) + Sulbactam (250mg)","INRF-1754","","Antibiotic","Profic Organic Ltd","30049099","12","","1","","0","tablet","","","Profic Organic Ltd","","ACTIVE","H1"
"Aceper Tablet","Paracetamol (500mg) + Phenylpropanolamine (25mg)","INRF-1755","","Analgesic","3A Pharmaceuticals","30049099","12","","1","","0","tablet","","","3A Pharmaceuticals","","ACTIVE","OTC"
"Aprelief Kit","Aprepitant (125mg) + Aprepitant (125mg)","INRF-1756","","General Medicine","Sun Pharmaceutical Industries Ltd","30049099","12","","1","","0","strip","","","Sun Pharmaceutical Industries Ltd","","ACTIVE","OTC"
"Anset G 1mg Tablet MD","Granisetron (1mg)","INRF-1757","","General Medicine","Bennet Mypher Pharmaceuticals LLP","30049099","12","","1","","0","tablet","","","Bennet Mypher Pharmaceuticals LLP","","ACTIVE","OTC"
"Atg Liquid","Ambroxol (NA) + Guaifenesin (NA)","INRF-1758","","General Medicine","S.S.M Pharmaceuticals","30049099","12","","1","","0","strip","","","S.S.M Pharmaceuticals","","ACTIVE","OTC"
"ALIVHER ES 2 TABLET","Estradiol (2mg) + Sildenafil (25mg)","INRF-1759","","General Medicine","Akumentis Healthcare Ltd","30049099","12","","1","","0","tablet","","","Akumentis Healthcare Ltd","","ACTIVE","H"
"Alobact Soap","Triclosan (0.5%)","INRF-1760","","General Medicine","Sol Derma Pharmaceuiticals Pvt Ltd","30049099","12","","1","","0","strip","","","Sol Derma Pharmaceuiticals Pvt Ltd","","ACTIVE","OTC"
"Alporate 300mg Tablet","Valproic Acid (300mg)","INRF-1761","","General Medicine","Altius Life Sciences","30049099","12","","1","","0","tablet","","","Altius Life Sciences","","ACTIVE","OTC"
"Arogat Eye Drop","Gatifloxacin (0.3% w/v)","INRF-1762","","General Medicine","Aromed Pharmaceuticals","30049099","12","","1","","0","bottle","","","Aromed Pharmaceuticals","","ACTIVE","OTC"
"Agrus NS Syrup","Phenylephrine (7.5mg/5ml) + Chlorpheniramine Maleate (5mg/5ml)","INRF-1763","","Antihistamine","Profic Organic Ltd","30049099","12","","1","","0","bottle","","","Profic Organic Ltd","","ACTIVE","OTC"
"Amalar XL 20mg/120mg Tablet","Artemether (20mg) + Lumefantrine (120mg)","INRF-1764","","General Medicine","Micro Labs Ltd","30049099","12","","1","","0","tablet","","","Micro Labs Ltd","","ACTIVE","OTC"
"Alphadex 100mcg Injection","Dexmedetomidine (100mcg)","INRF-1765","","General Medicine","Fusion Healthcare Pvt Ltd","30049099","12","","1","","0","vial","","","Fusion Healthcare Pvt Ltd","","ACTIVE","OTC"
"Acipan 80mg Tablet","Pantoprazole (80mg)","INRF-1766","","Gastrointestinal","Panzer Pharmaceuticals Pvt Ltd","30049099","12","","1","","0","tablet","","","Panzer Pharmaceuticals Pvt Ltd","","ACTIVE","OTC"
"Asenapt 5 Sublingual tablet","Asenapine (5mg)","INRF-1767","","General Medicine","Sun Pharmaceutical Industries Ltd","30049099","12","","1","","0","tablet","","","Sun Pharmaceutical Industries Ltd","","ACTIVE","OTC"
"A Rex Drop","Hydroxyzine (NA)","INRF-1768","","General Medicine","Intel Pharmaceuticals","30049099","12","","1","","0","strip","","","Intel Pharmaceuticals","","ACTIVE","OTC"
"Amgargl","Povidone Iodine (2% w/v)","INRF-1769","","General Medicine","Nri Vision Care India Limited","30049099","12","","1","","0","strip","","","Nri Vision Care India Limited","","ACTIVE","OTC"
"Arthadol 600mg Tablet","Etodolac (600mg)","INRF-1770","","General Medicine","Semiotic Pharmaceutical Private Limited","30049099","12","","1","","0","tablet","","","Semiotic Pharmaceutical Private Limited","","ACTIVE","OTC"
"Avspas Oral Drop","Dicyclomine (10mg/ml) + Simethicone (40mg/ml)","INRF-1771","","General Medicine","Afive Pharma","30049099","12","","1","","0","bottle","","","Afive Pharma","","ACTIVE","OTC"
"Anfoe 2000IU Injection","Recombinant Human Erythropoietin Alfa (2000IU)","INRF-1772","","General Medicine","La Renon Healthcare Pvt Ltd","30049099","12","","1","","0","vial","","","La Renon Healthcare Pvt Ltd","","ACTIVE","OTC"
"Averflox MS Syrup","Ofloxacin (50mg) + Metronidazole (120mg)","INRF-1773","","Antibiotic","Evershine Lifesciences Pvt Ltd","30049099","12","","1","","0","bottle","","","Evershine Lifesciences Pvt Ltd","","ACTIVE","H1"
"Agipine 7.5mg Tablet","Mirtazapine (7.5mg)","INRF-1774","","General Medicine","AGM Biotec","30049099","12","","1","","0","tablet","","","AGM Biotec","","ACTIVE","OTC"
"Aricid Suspension","Aluminium Hydroxide (250mg) + Magnesium (200mg)","INRF-1775","","General Medicine","Aries Drugs Pvt Ltd","30049099","12","","1","","0","bottle","","","Aries Drugs Pvt Ltd","","ACTIVE","OTC"
"Aller Nil Eye Drop","Sodium Cromoglycate (2% w/v)","INRF-1776","","General Medicine","Appasamy Ocular Device Pvt Ltd","30049099","12","","1","","0","strip","","","Appasamy Ocular Device Pvt Ltd","","ACTIVE","OTC"
"Asomex CV 5 mg/10 mg Tablet","Amlodipine (5mg) + Atorvastatin (10mg)","INRF-1777","","Cardiovascular","Emcure Pharmaceuticals Ltd","30049099","12","","1","","0","tablet","","","Emcure Pharmaceuticals Ltd","","ACTIVE","OTC"
"Alacforte 120Million spores Tablet","Lactobacillus (120Million spores)","INRF-1778","","General Medicine","Alliance Remedies","30049099","12","","1","","0","tablet","","","Alliance Remedies","","ACTIVE","OTC"
"Actozinc Syrup","Zinc acetate (20mg/5ml)","INRF-1779","","Vitamin / Mineral","Spc Healthcare Private Limited","30049099","12","","1","","0","bottle","","","Spc Healthcare Private Limited","","ACTIVE","OTC"
"ANZIDIN 5MG TABLET","Isosorbide Dinitrate (5mg)","INRF-1780","","General Medicine","Stadmed Pvt Ltd","30049099","12","","1","","0","tablet","","","Stadmed Pvt Ltd","","ACTIVE","OTC"
"Ambiform 1000mg Tablet","Secnidazole (1000mg)","INRF-1781","","Antiprotozoal","Glaxo SmithKline Pharmaceuticals Ltd","30049099","12","","1","","0","tablet","","","Glaxo SmithKline Pharmaceuticals Ltd","","ACTIVE","H1"
"Angiotensin 2.5mg Tablet","Lisinopril (2.5mg)","INRF-1782","","General Medicine","Healing Pharma India Pvt Ltd","30049099","12","","1","","0","tablet","","","Healing Pharma India Pvt Ltd","","ACTIVE","OTC"
"Atobiz MC 500mcg Injection","Methylcobalamin (500mcg)","INRF-1783","","General Medicine","Medley Pharmaceuticals","30049099","12","","1","","0","vial","","","Medley Pharmaceuticals","","ACTIVE","OTC"
"Antrima DS 800mg/160mg Tablet","Sulfamethoxazole (800mg) + Trimethoprim (160mg)","INRF-1784","","General Medicine","Abbott","30049099","12","","1","","0","tablet","","","Abbott","","ACTIVE","OTC"
"Astus DX Expectorant","Phenylephrine (NA) + Chlorpheniramine Maleate (NA)","INRF-1785","","Antihistamine","Simpson Brawn Pharmaceuticals","30049099","12","","1","","0","strip","","","Simpson Brawn Pharmaceuticals","","ACTIVE","OTC"
"Avicof Syrup","Chlorpheniramine Maleate (4mg) + Ammonium Chloride (125mg)","INRF-1786","","Antihistamine","Avalanche Pharmaceuticals","30049099","12","","1","","0","bottle","","","Avalanche Pharmaceuticals","","ACTIVE","OTC"
"Aflox TZ 200mg/600mg Tablet","Ofloxacin (200mg) + Tinidazole (600mg)","INRF-1787","","Antibiotic","Psycormedies","30049099","12","","1","","0","tablet","","","Psycormedies","","ACTIVE","H1"
"Ampholip 100mg Injection","Amphotericin B (100mg)","INRF-1788","","General Medicine","Bharat Serums & Vaccines Ltd","30049099","12","","1","","0","vial","","","Bharat Serums & Vaccines Ltd","","ACTIVE","OTC"
"Axyrin Plus 50mg/750mg Tablet","Diacerein (50mg) + Glucosamine (750mg)","INRF-1789","","General Medicine","Zee Laboratories","30049099","12","","1","","0","tablet","","","Zee Laboratories","","ACTIVE","OTC"
"Adrole 0.25mg Tablet","Ropinirole (0.25mg)","INRF-1790","","General Medicine","Icon Life Sciences","30049099","12","","1","","0","tablet","","","Icon Life Sciences","","ACTIVE","OTC"
"Aplaz 2mg Tablet","Clonazepam (2mg)","INRF-1791","","CNS","Crescent Therapeutics Ltd","30049099","12","","1","","0","tablet","","","Crescent Therapeutics Ltd","","ACTIVE","H"
"Avrax D Syrup","Phenylephrine (5mg) + Chlorpheniramine Maleate (4mg)","INRF-1792","","Antihistamine","Aventura Healthcare Pvt Ltd","30049099","12","","1","","0","bottle","","","Aventura Healthcare Pvt Ltd","","ACTIVE","OTC"
"Adthal 100mg Capsule","Thalidomide (100mg)","INRF-1793","","General Medicine","Adley Formulations","30049099","12","","1","","0","capsule","","","Adley Formulations","","ACTIVE","OTC"
"Atrox 50mg Tablet DT","Roxithromycin (50mg)","INRF-1794","","General Medicine","Zota Health care Ltd","30049099","12","","1","","0","tablet","","","Zota Health care Ltd","","ACTIVE","OTC"
"Afrelect 0.5mg Tablet","Rasagiline (0.5mg)","INRF-1795","","General Medicine","Taj Pharma India Ltd","30049099","12","","1","","0","tablet","","","Taj Pharma India Ltd","","ACTIVE","OTC"
"Alfagaba 300mg Tablet","Gabapentin (300mg) + Methylcobalamin (0.5mg)","INRF-1796","","CNS","Med Manor Organics Pvt Ltd","30049099","12","","1","","0","tablet","","","Med Manor Organics Pvt Ltd","","ACTIVE","H"
"Anxifit Beta 50mg/20mg Tablet","Etizolam (50mg) + Propranolol (20mg)","INRF-1797","","Cardiovascular","Blaine Pharmaceuticals Pvt. Ltd","30049099","12","","1","","0","tablet","","","Blaine Pharmaceuticals Pvt. Ltd","","ACTIVE","OTC"
"Albuvit-Fe Tablet","Ferrous Bisglycinate (60mg) + Zinc bisglycinate (15mg)","INRF-1798","","Vitamin / Mineral","Cellic Healthcare Pvt Ltd","30049099","12","","1","","0","tablet","","","Cellic Healthcare Pvt Ltd","","ACTIVE","OTC"
"Ascovar Injection","Vitamin C (250mg)","INRF-1799","","Vitamin / Mineral","Varenyam Healthcare Pvt Ltd","30049099","12","","1","","0","vial","","","Varenyam Healthcare Pvt Ltd","","ACTIVE","OTC"
"Azenap 10 Tablet","Oxazepam (10mg)","INRF-1800","","General Medicine","Consern Pharma Limited","30049099","12","","1","","0","tablet","","","Consern Pharma Limited","","ACTIVE","OTC"
"Aprazol 0.25mg Tablet","Lansoprazole (0.25mg)","INRF-1801","","General Medicine","Drakt Pharmaceutical Pvt Ltd","30049099","12","","1","","0","tablet","","","Drakt Pharmaceutical Pvt Ltd","","ACTIVE","OTC"
"Ancold Syrup","Paracetamol (125mg/5ml) + Pseudoephedrine (15mg/5ml)","INRF-1802","","Analgesic","Anant Pharmaceuticals Pvt Ltd","30049099","12","","1","","0","bottle","","","Anant Pharmaceuticals Pvt Ltd","","ACTIVE","OTC"
"Ambiac N 300mg/30mg Tablet","Acetylcysteine (300mg) + Ambroxol (30mg)","INRF-1803","","General Medicine","Esma Formulations","30049099","12","","1","","0","tablet","","","Esma Formulations","","ACTIVE","OTC"
"Arimip 50mg Tablet","Clomipramine (50mg)","INRF-1804","","General Medicine","Arinna Lifescience Pvt Ltd","30049099","12","","1","","0","tablet","","","Arinna Lifescience Pvt Ltd","","ACTIVE","OTC"
"Athzol-DM Tablet","Domperidone (10mg) + Pantoprazole (20mg)","INRF-1805","","Gastrointestinal","Athens Labs Ltd","30049099","12","","1","","0","tablet","","","Athens Labs Ltd","","ACTIVE","OTC"
"Aridom C 10mg/20mg Tablet","Domperidone (10mg) + Cinnarizine (20mg)","INRF-1806","","Gastrointestinal","Arvincare Pharma","30049099","12","","1","","0","tablet","","","Arvincare Pharma","","ACTIVE","OTC"
"Apricol Forte 2.5mg Injection","Adrenochrome Monosemicarbazone (2.5mg)","INRF-1807","","General Medicine","Alkem Laboratories Ltd","30049099","12","","1","","0","vial","","","Alkem Laboratories Ltd","","ACTIVE","OTC"
"Amcid Syrup","Aluminium Hydroxide (200mg) + Magnesium (200mg)","INRF-1808","","General Medicine","Ampus Life Sciences Ltd","30049099","12","","1","","0","bottle","","","Ampus Life Sciences Ltd","","ACTIVE","OTC"
"Aram Syrup","Nimesulide (50mg) + Paracetamol (125mg)","INRF-1809","","Analgesic","Paradigm Healthcare","30049099","12","","1","","0","bottle","","","Paradigm Healthcare","","ACTIVE","OTC"
"Axymin 100mg Tablet","Minocycline (100mg)","INRF-1810","","General Medicine","Zee Laboratories","30049099","12","","1","","0","tablet","","","Zee Laboratories","","ACTIVE","OTC"
"Acnox Soap","Triclosan (0.5% w/w)","INRF-1811","","General Medicine","Will Impex","30049099","12","","1","","0","strip","","","Will Impex","","ACTIVE","OTC"
"AM Slim 120mg Capsule","Orlistat (120mg)","INRF-1812","","General Medicine","Intra Labs India Pvt Ltd","30049099","12","","1","","0","capsule","","","Intra Labs India Pvt Ltd","","ACTIVE","OTC"
"Aqualac Syrup","Lactitol (66.67% w/v)","INRF-1813","","General Medicine","Sun Pharmaceutical Industries Ltd","30049099","12","","1","","0","bottle","","","Sun Pharmaceutical Industries Ltd","","ACTIVE","OTC"
"Alstat 500mg Tablet","Ethamsylate (500mg)","INRF-1814","","General Medicine","Albert David Ltd","30049099","12","","1","","0","tablet","","","Albert David Ltd","","ACTIVE","OTC"
"Anidil Expectorant","Ammonium Chloride (100mg) + Sodium Citrate (50mg)","INRF-1815","","General Medicine","Anikem Laboratories","30049099","12","","1","","0","strip","","","Anikem Laboratories","","ACTIVE","OTC"
"Accuzon Plus 250 mg/125 mg Injection","Ceftriaxone (250mg) + Sulbactam (125mg)","INRF-1816","","Antibiotic","Macleods Pharmaceuticals Pvt Ltd","30049099","12","","1","","0","vial","","","Macleods Pharmaceuticals Pvt Ltd","","ACTIVE","H1"
"Allerhin D Plus Syrup","Ambroxol (15mg/5ml) + Dextromethorphan Hydrobromide (10mg/5ml)","INRF-1817","","General Medicine","Embiotic Laboratories Pvt Ltd","30049099","12","","1","","0","bottle","","","Embiotic Laboratories Pvt Ltd","","ACTIVE","OTC"
"Amefur 100 mg/100 mg Syrup","Metronidazole (100mg) + Norfloxacin (100mg)","INRF-1818","","Antibiotic","Numed","30049099","12","","1","","0","bottle","","","Numed","","ACTIVE","H1"
"Adpaxil 260mg/43.4ml Injection","Paclitaxel (6mg/ml)","INRF-1819","","General Medicine","Adley Formulations","30049099","12","","1","","0","vial","","","Adley Formulations","","ACTIVE","OTC"
"Acutaz 1000mg/125mg Injection","Piperacillin (1000mg) + Tazobactum (125mg)","INRF-1820","","Antibiotic","Kritikos Care","30049099","12","","1","","0","vial","","","Kritikos Care","","ACTIVE","H1"
"Afix SB 200mg/150mg Tablet","Cefixime (200mg) + Sulbactam (150mg)","INRF-1821","","Antibiotic","Alpic Biotech Ltd","30049099","12","","1","","0","tablet","","","Alpic Biotech Ltd","","ACTIVE","H1"
"Ainavent PD Syrup","Choline Theophyllinate (50mg/5ml) + Terbutaline (1.25mg/5ml)","INRF-1822","","General Medicine","Catholicon Pharmaceuticals Pvt Ltd","30049099","12","","1","","0","bottle","","","Catholicon Pharmaceuticals Pvt Ltd","","ACTIVE","OTC"
"Agclo-NC Ear Drop","Neomycin (0.5% w/v) + Beclometasone (0.025% w/v)","INRF-1823","","General Medicine","Rekin Pharma Pvt. Ltd.","30049099","12","","1","","0","strip","","","Rekin Pharma Pvt. Ltd.","","ACTIVE","OTC"
"Andropil-Plus Tablet","Dehydroepiandrosterone (Micronized) (25mg) + Folic Acid (1.5mg)","INRF-1824","","Vitamin / Mineral","Mactif Pharma","30049099","12","","1","","0","tablet","","","Mactif Pharma","","ACTIVE","OTC"
"Actofast Syrup","Chlorpheniramine Maleate (1mg) + Dextromethorphan Hydrobromide (5mg)","INRF-1825","","Antihistamine","Magbro Healthcare Pvt Ltd","30049099","12","","1","","0","bottle","","","Magbro Healthcare Pvt Ltd","","ACTIVE","OTC"
"Aldezol DF Syrup","Metronidazole (100mg) + Diloxanide (125mg)","INRF-1826","","Antibiotic","Albert David Ltd","30049099","12","","1","","0","bottle","","","Albert David Ltd","","ACTIVE","H1"
"Adc Eye Drop","Atropine (NA) + Chloramphenicol (NA)","INRF-1827","","General Medicine","Optica Pharmaceuticals Pvt Ltd","30049099","12","","1","","0","strip","","","Optica Pharmaceuticals Pvt Ltd","","ACTIVE","OTC"
"A Cef 2gm Injection","Ceftriaxone (2gm)","INRF-1828","","Antibiotic","AAA Pharma Trade Pvt Ltd","30049099","12","","1","","0","vial","","","AAA Pharma Trade Pvt Ltd","","ACTIVE","H1"
"Acidom 20mg/20mg Tablet","Domperidone (20mg) + Rabeprazole (20mg)","INRF-1829","","Gastrointestinal","Sienna Formulations Pvt Ltd","30049099","12","","1","","0","tablet","","","Sienna Formulations Pvt Ltd","","ACTIVE","OTC"
"Akuzid 1000 Injection","Ceftazidime (1000mg)","INRF-1830","","General Medicine","Azius Pharma Private Limited","30049099","12","","1","","0","vial","","","Azius Pharma Private Limited","","ACTIVE","OTC"
"Aldepraz D Capsule SR","Domperidone (NA) + Pantoprazole (NA)","INRF-1831","","Gastrointestinal","Alde Medi Impex Ltd","30049099","12","","1","","0","capsule","","","Alde Medi Impex Ltd","","ACTIVE","OTC"
"AB AT Injection","Arteether (NA)","INRF-1832","","General Medicine","Zee Laboratories","30049099","12","","1","","0","vial","","","Zee Laboratories","","ACTIVE","OTC"
"Anatensol Decanoate 25mg Injection","Fluphenazine (25mg)","INRF-1833","","General Medicine","Piramal Enterprises Ltd","30049099","12","","1","","0","vial","","","Piramal Enterprises Ltd","","ACTIVE","OTC"
"Amibex TZ 400mg/600mg Tablet","Norfloxacin (400mg) + Tinidazole (600mg)","INRF-1834","","Antibiotic","Ind Swift Laboratories Ltd","30049099","12","","1","","0","tablet","","","Ind Swift Laboratories Ltd","","ACTIVE","H1"
"Aslor 16mg Tablet SR","Lornoxicam (16mg)","INRF-1835","","General Medicine","Atishya Biotech","30049099","12","","1","","0","tablet","","","Atishya Biotech","","ACTIVE","OTC"
"Azjoy Plus 0.5mg/5mg Tablet","Clonazepam (0.5mg) + Escitalopram Oxalate (5mg)","INRF-1836","","CNS","Azkka Pharmaceuticals Pvt Ltd","30049099","12","","1","","0","tablet","","","Azkka Pharmaceuticals Pvt Ltd","","ACTIVE","H"
"Arowin-CV Tablet","Amoxycillin (200mg) + Clavulanic Acid (125mg)","INRF-1837","","Antibiotic","Mandevis Pharma","30049099","12","","1","","0","tablet","","","Mandevis Pharma","","ACTIVE","H1"
"Alkavin Syrup","Disodium Hydrogen Citrate (1.4mg)","INRF-1838","","General Medicine","Atlantic Pharma Ltd","30049099","12","","1","","0","bottle","","","Atlantic Pharma Ltd","","ACTIVE","OTC"
"Axone SB 1000mg/500mg Injection","Ceftriaxone (1000mg) + Sulbactam (500mg)","INRF-1839","","Antibiotic","Cadila Pharmaceuticals Ltd","30049099","12","","1","","0","vial","","","Cadila Pharmaceuticals Ltd","","ACTIVE","H1"
"Aziliv 250mg/250mg Tablet","Levofloxacin (250mg) + Azithromycin (250mg)","INRF-1840","","Antibiotic","MaxQure Labs","30049099","12","","1","","0","tablet","","","MaxQure Labs","","ACTIVE","H1"
"Acupan Forte 10 mg/100 mg Tablet","Dicyclomine (10mg) + Mefenamic Acid (100mg)","INRF-1841","","General Medicine","Norwest Pharmaceuticals Inc","30049099","12","","1","","0","tablet","","","Norwest Pharmaceuticals Inc","","ACTIVE","OTC"
"Axotil 750 Injection","Cefuroxime (750mg)","INRF-1842","","Antibiotic","Astranova Biotech","30049099","12","","1","","0","vial","","","Astranova Biotech","","ACTIVE","H1"
"Adside Injection","Etoposide (100mg)","INRF-1843","","General Medicine","Adley Formulations","30049099","12","","1","","0","vial","","","Adley Formulations","","ACTIVE","OTC"
"Azofen 1mg Tablet","Ketotifen (1mg)","INRF-1844","","General Medicine","Lark Laboratories Ltd","30049099","12","","1","","0","tablet","","","Lark Laboratories Ltd","","ACTIVE","OTC"
"A-Ret 0.1% Cream","Tretinoin (0.1% w/w)","INRF-1845","","General Medicine","A. Menarini India Pvt Ltd","30049099","12","","1","","0","tube","","","A. Menarini India Pvt Ltd","","ACTIVE","OTC"
"Augmentox Dry Syrup","Amoxycillin (NA) + Cloxacillin (NA)","INRF-1846","","Antibiotic","Navil Laboratories Pvt Ltd","30049099","12","","1","","0","bottle","","","Navil Laboratories Pvt Ltd","","ACTIVE","H1"
"Aculife 25% Infusion","Dextrose (25% w/v)","INRF-1847","","General Medicine","Nirlife Healthcare","30049099","12","","1","","0","strip","","","Nirlife Healthcare","","ACTIVE","OTC"
"Amicon Eye Drop","Amikacin (1% w/v)","INRF-1848","","General Medicine","Indiana Opthalmics","30049099","12","","1","","0","strip","","","Indiana Opthalmics","","ACTIVE","OTC"
"Alzolam 0.75mg Tablet","Alprazolam (0.75mg)","INRF-1849","","CNS","Sun Pharmaceutical Industries Ltd","30049099","12","","1","","0","tablet","","","Sun Pharmaceutical Industries Ltd","","ACTIVE","H"
"Alcorim F Suspension","Sulfamethoxazole (200mg/5ml) + Trimethoprim (40mg/5ml)","INRF-1850","","General Medicine","Albert David Ltd","30049099","12","","1","","0","bottle","","","Albert David Ltd","","ACTIVE","OTC"
"Atazis 6mg/ml Oral Drops","Hydroxyzine (6mg/ml)","INRF-1851","","General Medicine","Leeford Healthcare Ltd","30049099","12","","1","","0","bottle","","","Leeford Healthcare Ltd","","ACTIVE","OTC"
"Alcob Plus Softgel Capsule","Methylcobalamin (500mcg) + Alpha Lipoic Acid (300mg)","INRF-1852","","General Medicine","Healthy Life Medicare","30049099","12","","1","","0","tube","","","Healthy Life Medicare","","ACTIVE","OTC"
"Anti CC Drop","Paracetamol (125mg) + Pseudoephedrine (2.5mg)","INRF-1853","","Analgesic","Embiotic Laboratories Pvt Ltd","30049099","12","","1","","0","strip","","","Embiotic Laboratories Pvt Ltd","","ACTIVE","OTC"
"Akralic Ointment","Salicylic Acid (3% w/w)","INRF-1854","","General Medicine","Sangrose Laboratories Pvt Ltd","30049099","12","","1","","0","tube","","","Sangrose Laboratories Pvt Ltd","","ACTIVE","OTC"
"Amidol Syrup","Paracetamol (120mg/5ml)","INRF-1855","","Analgesic","Shalina Laboratories Pvt Ltd","30049099","12","","1","","0","bottle","","","Shalina Laboratories Pvt Ltd","","ACTIVE","OTC"
"Axone O 100mg/5ml Syrup","Cefpodoxime Proxetil (100mg/5ml)","INRF-1856","","General Medicine","Cadila Pharmaceuticals Ltd","30049099","12","","1","","0","bottle","","","Cadila Pharmaceuticals Ltd","","ACTIVE","OTC"
"Adcarb 150mg Injection","Carboplatin (150mg)","INRF-1857","","General Medicine","Adley Formulations","30049099","12","","1","","0","vial","","","Adley Formulations","","ACTIVE","OTC"
"Alday RD 5 mg/20 mg Tablet","Cetirizine (5mg) + Phenylephrine (20mg)","INRF-1858","","Antihistamine","S H Pharmaceuticals Ltd","30049099","12","","1","","0","tablet","","","S H Pharmaceuticals Ltd","","ACTIVE","OTC"
"Azadine 150 Injection","Azacitidine (150mg)","INRF-1859","","General Medicine","Intas Pharmaceuticals Ltd","30049099","12","","1","","0","vial","","","Intas Pharmaceuticals Ltd","","ACTIVE","OTC"
"Avis Tablet","Gabapentin (NA) + Nortriptyline (NA)","INRF-1860","","CNS","Zydus Cadila","30049099","12","","1","","0","tablet","","","Zydus Cadila","","ACTIVE","H"
"Aldrex Syrup","Bromhexine (4mg) + Dextromethorphan Hydrobromide (5mg)","INRF-1861","","General Medicine","Alkem Laboratories Ltd","30049099","12","","1","","0","bottle","","","Alkem Laboratories Ltd","","ACTIVE","OTC"
"Alzepam 5mg Tablet","Diazepam (5mg)","INRF-1862","","CNS","Psycormedies","30049099","12","","1","","0","tablet","","","Psycormedies","","ACTIVE","H"
"Altamet 250mg Tablet","Cefetamet (250mg)","INRF-1863","","General Medicine","Alembic Pharmaceuticals Ltd","30049099","12","","1","","0","tablet","","","Alembic Pharmaceuticals Ltd","","ACTIVE","OTC"
"Alither Forte Tablet","Arteether (80mg) + Lumefantrine (480mg)","INRF-1864","","General Medicine","Allenge India","30049099","12","","1","","0","tablet","","","Allenge India","","ACTIVE","OTC"
"Anset CD 20mg/40mg Tablet","Cinnarizine (20mg) + Dimenhydrinate (40mg)","INRF-1865","","General Medicine","Bennet Mypher Pharmaceuticals LLP","30049099","12","","1","","0","tablet","","","Bennet Mypher Pharmaceuticals LLP","","ACTIVE","OTC"
"Azona 40mg Capsule","Ziprasidone (40mg)","INRF-1866","","General Medicine","Torrent Pharmaceuticals Ltd","30049099","12","","1","","0","capsule","","","Torrent Pharmaceuticals Ltd","","ACTIVE","OTC"
"Acepril 5mg Tablet","Ramipril (5mg)","INRF-1867","","Cardiovascular","Ultra Chiron Pharmaceuticals Pvt Ltd","30049099","12","","1","","0","tablet","","","Ultra Chiron Pharmaceuticals Pvt Ltd","","ACTIVE","OTC"
"Ascapil 6mg Tablet","Ivermectin (6mg)","INRF-1868","","General Medicine","Piramal Enterprises Ltd","30049099","12","","1","","0","tablet","","","Piramal Enterprises Ltd","","ACTIVE","OTC"
"Astawin H 0.25mg/5mg Tablet","Clonazepam (0.25mg) + Escitalopram Oxalate (5mg)","INRF-1869","","CNS","Ishjas Pharma Pvt Ltd","30049099","12","","1","","0","tablet","","","Ishjas Pharma Pvt Ltd","","ACTIVE","H"
"Azukon MR Tablet","Gliclazide (30mg)","INRF-1870","","Antidiabetic","Torrent Pharmaceuticals Ltd","30049099","12","","1","","0","tablet","","","Torrent Pharmaceuticals Ltd","","ACTIVE","OTC"
"Ascolin 500mg Injection","Citicoline (250mg/ml)","INRF-1871","","General Medicine","Aster Pharma","30049099","12","","1","","0","vial","","","Aster Pharma","","ACTIVE","OTC"
"Atcold CC Syrup","Chlorpheniramine Maleate (1mg) + Phenylephrine (5mg)","INRF-1872","","Antihistamine","Atsun Life Sciences","30049099","12","","1","","0","bottle","","","Atsun Life Sciences","","ACTIVE","OTC"
"Agidol 0.25 Tablet","Haloperidol (0.25mg)","INRF-1873","","General Medicine","Consern Pharma Limited","30049099","12","","1","","0","tablet","","","Consern Pharma Limited","","ACTIVE","OTC"
"Aminophyllin 250mg Injection","Aminophylline (250mg)","INRF-1874","","General Medicine","Biostan Indian Pharmaceuticals","30049099","12","","1","","0","vial","","","Biostan Indian Pharmaceuticals","","ACTIVE","OTC"
"Abhay Tag Injection","Diphtheria Toxoid (25LF) + Tetanus Toxoid (5LF)","INRF-1875","","General Medicine","Indian Immunologicals Ltd","30049099","12","","1","","0","vial","","","Indian Immunologicals Ltd","","ACTIVE","OTC"
"AC Mox Tablet","Acetazolamide (NA)","INRF-1876","","General Medicine","Optica Pharmaceuticals Pvt Ltd","30049099","12","","1","","0","tablet","","","Optica Pharmaceuticals Pvt Ltd","","ACTIVE","OTC"
"Aciprodol 350mg Tablet","Carisoprodol (350mg)","INRF-1877","","General Medicine","Allied Chemicals & Pharmaceuticals Pvt Ltd","30049099","12","","1","","0","tablet","","","Allied Chemicals & Pharmaceuticals Pvt Ltd","","ACTIVE","OTC"
"Adglim P 15mg Tablet","Pioglitazone (15mg)","INRF-1878","","Antidiabetic","Cadomed Pharmaceuticals Pvt Ltd","30049099","12","","1","","0","tablet","","","Cadomed Pharmaceuticals Pvt Ltd","","ACTIVE","OTC"
"Adikold Plus Oral Suspension","Chlorpheniramine Maleate (2mg/5ml) + Paracetamol (250mg/5ml)","INRF-1879","","Analgesic","Adisys Healthcare","30049099","12","","1","","0","bottle","","","Adisys Healthcare","","ACTIVE","OTC"
"Alcofen XL 20 Tablet","Baclofen (20mg)","INRF-1880","","General Medicine","Hind Bioscience","30049099","12","","1","","0","tablet","","","Hind Bioscience","","ACTIVE","OTC"
"Ab-Taxomed Injection","Paclitaxel (100mg) + Albumin (900mg)","INRF-1881","","General Medicine","Medicamen Biotech Ltd","30049099","12","","1","","0","vial","","","Medicamen Biotech Ltd","","ACTIVE","OTC"
"Activa 25mg Injection","Diclofenac (25mg)","INRF-1882","","Analgesic","Zydus Healthcare Limited","30049099","12","","1","","0","vial","","","Zydus Healthcare Limited","","ACTIVE","OTC"
"Agicof Syrup","Phenylpropanolamine (NA) + Chlorpheniramine Maleate (NA)","INRF-1883","","Antihistamine","Ind Swift Laboratories Ltd","30049099","12","","1","","0","bottle","","","Ind Swift Laboratories Ltd","","ACTIVE","OTC"
"Auropent Eye Drop","Cyclopentolate (1% w/w)","INRF-1884","","General Medicine","Aurolab","30049099","12","","1","","0","strip","","","Aurolab","","ACTIVE","OTC"
"Amboxy Tablet","Aspirin (NA)","INRF-1885","","Analgesic","Unimarck Healthcare Ltd","30049099","12","","1","","0","tablet","","","Unimarck Healthcare Ltd","","ACTIVE","OTC"
"Astron 2mg Oral Drops","Ondansetron (2mg/5ml)","INRF-1886","","Gastrointestinal","Astam Health Care Pvt Ltd","30049099","12","","1","","0","bottle","","","Astam Health Care Pvt Ltd","","ACTIVE","OTC"
"Adpride 25 Tablet","Levosulpiride (25mg)","INRF-1887","","General Medicine","Medsea Healthcare Pvt Ltd","30049099","12","","1","","0","tablet","","","Medsea Healthcare Pvt Ltd","","ACTIVE","OTC"
"Anxidep Tablet","Diazepam (2.5mg) + Imipramine (25mg)","INRF-1888","","CNS","Mayflower India","30049099","12","","1","","0","tablet","","","Mayflower India","","ACTIVE","H"
"Aspar 200mg Tablet","Sparfloxacin (200mg)","INRF-1889","","General Medicine","Admac Pharma Ltd","30049099","12","","1","","0","tablet","","","Admac Pharma Ltd","","ACTIVE","OTC"
"Aurolube Eye Drop","Polyvinyl Alcohol (Including Pvp) (1.4% w/v) + Povidone Iodine (0.6% w/v)","INRF-1890","","General Medicine","Aurolab","30049099","12","","1","","0","strip","","","Aurolab","","ACTIVE","OTC"
"Acropin-MR Tablet","Etodolac (400mg) + Thiocolchicoside (4mg)","INRF-1891","","General Medicine","Consern Pharma Limited","30049099","12","","1","","0","tablet","","","Consern Pharma Limited","","ACTIVE","OTC"
"Arispas Tablet","Diclofenac (50mg) + Fenpiverinium (0.1mg)","INRF-1892","","Analgesic","Arrient Healthcare Pvt Ltd","30049099","12","","1","","0","tablet","","","Arrient Healthcare Pvt Ltd","","ACTIVE","OTC"
"Acybronk Tablet","Acetylcysteine (200mg) + Ambroxol (30mg)","INRF-1893","","General Medicine","Cascade India Pharmaceuticals","30049099","12","","1","","0","tablet","","","Cascade India Pharmaceuticals","","ACTIVE","OTC"
"Atizol 0.5 Tablet MD","Etizolam (0.5mg)","INRF-1894","","General Medicine","Zargan Healthcare","30049099","12","","1","","0","tablet","","","Zargan Healthcare","","ACTIVE","OTC"
"Aprepit Kit","Aprepitant (125mg)","INRF-1895","","General Medicine","Cipla Ltd","30049099","12","","1","","0","strip","","","Cipla Ltd","","ACTIVE","OTC"
"Anxozeal Lite 0.25mg/10mg Tablet","Clonazepam (0.25mg) + Escitalopram Oxalate (10mg)","INRF-1896","","CNS","Amazeal Life Science Pvt Ltd","30049099","12","","1","","0","tablet","","","Amazeal Life Science Pvt Ltd","","ACTIVE","H"
"Acrobat 25mg Tablet","Rofecoxib (25mg)","INRF-1897","","General Medicine","Merck Ltd","30049099","12","","1","","0","tablet","","","Merck Ltd","","ACTIVE","OTC"
"Aerotide Forte 400mcg/200mcg Diskette","Salbutamol (400mcg) + Beclometasone (200mcg)","INRF-1898","","Respiratory","Sun Pharmaceutical Industries Ltd","30049099","12","","1","","0","pack","","","Sun Pharmaceutical Industries Ltd","","ACTIVE","OTC"
"Axovir 250mg Injection","Acyclovir (250mg)","INRF-1899","","General Medicine","Samarth Life Sciences Pvt Ltd","30049099","12","","1","","0","vial","","","Samarth Life Sciences Pvt Ltd","","ACTIVE","OTC"
"AD 30mg Tablet DT","Racecadotril (30mg)","INRF-1900","","General Medicine","Hetero Drugs Ltd","30049099","12","","1","","0","tablet","","","Hetero Drugs Ltd","","ACTIVE","OTC"
"Ageflux Junior Orally Disintegrating Tablet","Lansoprazole (15mg)","INRF-1901","","General Medicine","Aegisco Remedies Pvt Ltd","30049099","12","","1","","0","tablet","","","Aegisco Remedies Pvt Ltd","","ACTIVE","OTC"
"Angizaar AT Tablet","Atenolol (50mg) + Losartan (50mg)","INRF-1902","","Cardiovascular","Micro Labs Ltd","30049099","12","","1","","0","tablet","","","Micro Labs Ltd","","ACTIVE","OTC"
"Albodyne M Ointment","Metronidazole (1% w/w) + Povidone Iodine (5% w/w)","INRF-1903","","Antibiotic","Albia Biocare","30049099","12","","1","","0","tube","","","Albia Biocare","","ACTIVE","H1"
"Actoflox Forte Suspension","Ofloxacin (50mg) + Ornidazole (125mg)","INRF-1904","","Antibiotic","Fitwel Pharmaceuticals Private Limited","30049099","12","","1","","0","bottle","","","Fitwel Pharmaceuticals Private Limited","","ACTIVE","H1"
"Abmef-DS 500mg/325mg Tablet","Mefenamic Acid (500mg) + Paracetamol (325mg)","INRF-1905","","Analgesic","Aamorb Pharmaceuticals Pvt Ltd","30049099","12","","1","","0","tablet","","","Aamorb Pharmaceuticals Pvt Ltd","","ACTIVE","OTC"
"Ashmet 500mg Infusion","Metronidazole (500mg)","INRF-1906","","Antibiotic","Aishwarya Healthcare","30049099","12","","1","","0","strip","","","Aishwarya Healthcare","","ACTIVE","H1"
"Acitram 100mg Injection","Tramadol (100mg)","INRF-1907","","Analgesic","Accilex Nutricorp","30049099","12","","1","","0","vial","","","Accilex Nutricorp","","ACTIVE","H"
"Actiflu Syrup","Chlorpheniramine Maleate (1.5mg) + Dextromethorphan Hydrobromide (5mg)","INRF-1908","","Antihistamine","Cipla Ltd","30049099","12","","1","","0","bottle","","","Cipla Ltd","","ACTIVE","OTC"
"Arexol P 30mg/4mg/500mg/5mg Tablet","Caffeine (30mg) + Chlorpheniramine Maleate (4mg)","INRF-1909","","Antihistamine","Libra Drugs India","30049099","12","","1","","0","tablet","","","Libra Drugs India","","ACTIVE","OTC"
"Ambitus Syrup","Ammonium Chloride (50mg) + Bromhexine (4mg)","INRF-1910","","General Medicine","Siomond Pharmaceuticals Pvt Ltd","30049099","12","","1","","0","bottle","","","Siomond Pharmaceuticals Pvt Ltd","","ACTIVE","OTC"
"Acitrin 20mg Capsule","Acitretin (20mg)","INRF-1911","","General Medicine","Ipca Laboratories Ltd","30049099","12","","1","","0","capsule","","","Ipca Laboratories Ltd","","ACTIVE","OTC"
"Alriza 15 Tablet","Rivaroxaban (15mg)","INRF-1912","","General Medicine","Alniche Life Sciences Pvt Ltd","30049099","12","","1","","0","tablet","","","Alniche Life Sciences Pvt Ltd","","ACTIVE","OTC"
"Alriza 20 Tablet","Rivaroxaban (20mg)","INRF-1913","","General Medicine","Alniche Life Sciences Pvt Ltd","30049099","12","","1","","0","tablet","","","Alniche Life Sciences Pvt Ltd","","ACTIVE","OTC"
"Alam OD 12.5mg Capsule","Alprazolam (12.5mg)","INRF-1914","","CNS","Vintech Formulations","30049099","12","","1","","0","capsule","","","Vintech Formulations","","ACTIVE","H"
"Amphy 1500 Injection","Amoxycillin (1000mg) + Sulbactam (500mg)","INRF-1915","","Antibiotic","Profic Organic Ltd","30049099","12","","1","","0","vial","","","Profic Organic Ltd","","ACTIVE","H1"
"Acicool-Mps Oral Suspension Mint","Aluminium Hydroxide (200mg) + Dimethicone (25mg)","INRF-1916","","General Medicine","PCI Pharmaceuticals","30049099","12","","1","","0","bottle","","","PCI Pharmaceuticals","","ACTIVE","OTC"
"Amefur D Suspension","Furazolidone (30mg) + Metronidazole (100mg)","INRF-1917","","Antibiotic","Anikem Laboratories","30049099","12","","1","","0","bottle","","","Anikem Laboratories","","ACTIVE","H1"
"Arlidin 6mg Tablet","Buphenine (6mg)","INRF-1918","","General Medicine","USV Ltd","30049099","12","","1","","0","tablet","","","USV Ltd","","ACTIVE","OTC"
"Artica 750mg Capsule","Glucosamine (750mg)","INRF-1919","","General Medicine","Ind Swift Laboratories Ltd","30049099","12","","1","","0","capsule","","","Ind Swift Laboratories Ltd","","ACTIVE","OTC"
"Azform 1000mg Injection","Aztreonam (1000mg)","INRF-1920","","General Medicine","Unifaith Biotech (P) Limited","30049099","12","","1","","0","vial","","","Unifaith Biotech (P) Limited","","ACTIVE","OTC"
"Adzolex-Plus Oral Solution","Lactulose (10gm/15ml)","INRF-1921","","General Medicine","ADZO Lifesciences Pvt Ltd","30049099","12","","1","","0","bottle","","","ADZO Lifesciences Pvt Ltd","","ACTIVE","OTC"
"Aptirez Syrup","Choline (275mg) + Cyproheptadine (NA)","INRF-1922","","General Medicine","Elder Pharmaceuticals Ltd","30049099","12","","1","","0","bottle","","","Elder Pharmaceuticals Ltd","","ACTIVE","OTC"
"Arkane 2mg Tablet","Fluphenazine (2mg)","INRF-1923","","General Medicine","Arvind Laboratories Pvt Ltd","30049099","12","","1","","0","tablet","","","Arvind Laboratories Pvt Ltd","","ACTIVE","OTC"
"Auroflur Eye Drop","Flurbiprofen (0.03% w/w)","INRF-1924","","General Medicine","Aurolab","30049099","12","","1","","0","strip","","","Aurolab","","ACTIVE","OTC"
"Aquiti SR 200 Tablet","Quetiapine (200mg)","INRF-1925","","General Medicine","Aurum Life Science Pvt Ltd","30049099","12","","1","","0","tablet","","","Aurum Life Science Pvt Ltd","","ACTIVE","OTC"
"Acef LB 200mg/60Million spores Tablet","Cefpodoxime Proxetil (200mg) + Lactobacillus (60Million spores)","INRF-1926","","General Medicine","Agron Remedies Pvt Ltd","30049099","12","","1","","0","tablet","","","Agron Remedies Pvt Ltd","","ACTIVE","OTC"
"Asque Tablet","Paracetamol (325mg) + Tramadol (37.5mg)","INRF-1927","","Analgesic","Anglo-French Drugs & Industries Ltd","30049099","12","","1","","0","tablet","","","Anglo-French Drugs & Industries Ltd","","ACTIVE","H"
"Aricef DS Syrup","Cefixime (50mg)","INRF-1928","","Antibiotic","Arika Healthcare","30049099","12","","1","","0","bottle","","","Arika Healthcare","","ACTIVE","H1"
"Antiminth 250mg Tablet","Pyrantel Pamoate (250mg)","INRF-1929","","General Medicine","J B Chemicals and Pharmaceuticals Ltd","30049099","12","","1","","0","tablet","","","J B Chemicals and Pharmaceuticals Ltd","","ACTIVE","OTC"
"Avoflox Syrup","Ciprofloxacin (100mg)","INRF-1930","","Antibiotic","Tenet Healthcare","30049099","12","","1","","0","bottle","","","Tenet Healthcare","","ACTIVE","H1"
"Artivil Tablet","Artesunate (NA)","INRF-1931","","General Medicine","Viilbery Healthcare Pvt Ltd","30049099","12","","1","","0","tablet","","","Viilbery Healthcare Pvt Ltd","","ACTIVE","OTC"
"Angidine Tablet","Trimetazidine (20mg)","INRF-1932","","General Medicine","Synmedic Laboratories","30049099","12","","1","","0","tablet","","","Synmedic Laboratories","","ACTIVE","OTC"
"Asibloc Syrup","Ranitidine (75mg/5ml)","INRF-1933","","Gastrointestinal","Cista Medicorp","30049099","12","","1","","0","bottle","","","Cista Medicorp","","ACTIVE","OTC"
"Aerozest 0.31mg Respules (2.5 ml each)","Levosalbutamol (0.31mg)","INRF-1934","","Respiratory","Macleods Pharmaceuticals Pvt Ltd","30049099","12","","1","","0","pack","","","Macleods Pharmaceuticals Pvt Ltd","","ACTIVE","OTC"
"Amwisal Ointment","Clobetasol (0.05% w/w) + Salicylic Acid (6% w/w)","INRF-1935","","General Medicine","Amwill Healthcare","30049099","12","","1","","0","tube","","","Amwill Healthcare","","ACTIVE","OTC"
"Altipod 50mg/5ml Oral Suspension","Cefpodoxime Proxetil (50mg/5ml)","INRF-1936","","General Medicine","Torrent Pharmaceuticals Ltd","30049099","12","","1","","0","bottle","","","Torrent Pharmaceuticals Ltd","","ACTIVE","OTC"
"Anamox KT Eye Drop","Ketorolac (0.5% w/v) + Moxifloxacin (0.5% w/v)","INRF-1937","","General Medicine","Ancalima Lifesciences Ltd","30049099","12","","1","","0","strip","","","Ancalima Lifesciences Ltd","","ACTIVE","OTC"
"Axpas M Tablet","Dicyclomine (NA) + Mefenamic Acid (NA)","INRF-1938","","General Medicine","Aurz Pharmaceuticals Pvt Ltd","30049099","12","","1","","0","tablet","","","Aurz Pharmaceuticals Pvt Ltd","","ACTIVE","OTC"
"Acekay Tablet MR","Aceclofenac (100mg) + Paracetamol (225mg)","INRF-1939","","Analgesic","Khandelwal Laboratories Pvt Ltd","30049099","12","","1","","0","tablet","","","Khandelwal Laboratories Pvt Ltd","","ACTIVE","OTC"
"Alkof A Syrup","Cetirizine (2mg/5ml) + Dextromethorphan Hydrobromide (10mg/5ml)","INRF-1940","","Antihistamine","Alkem Laboratories Ltd","30049099","12","","1","","0","bottle","","","Alkem Laboratories Ltd","","ACTIVE","OTC"
"Azolin 500mg Injection","Cefazolin (500mg)","INRF-1941","","General Medicine","Biochem Pharmaceutical Industries","30049099","12","","1","","0","vial","","","Biochem Pharmaceutical Industries","","ACTIVE","OTC"
"Axiotem 100 Capsule","Temozolomide (100mg)","INRF-1942","","General Medicine","Axiommax Oncology Pvt Ltd","30049099","12","","1","","0","capsule","","","Axiommax Oncology Pvt Ltd","","ACTIVE","OTC"
"Adcov 50mg Injection","Calcium Leucovorin (50mg)","INRF-1943","","Vitamin / Mineral","Adley Formulations","30049099","12","","1","","0","vial","","","Adley Formulations","","ACTIVE","OTC"
"Arbid A 150 mg/30 mg Tablet","Roxithromycin (150mg) + Ambroxol (30mg)","INRF-1944","","General Medicine","Hetero Drugs Ltd","30049099","12","","1","","0","tablet","","","Hetero Drugs Ltd","","ACTIVE","OTC"
"Axibact 2% Ointment","Mupirocin (2% w/w)","INRF-1945","","Antifungal","Aurz Pharmaceuticals Pvt Ltd","30049099","12","","1","","0","tube","","","Aurz Pharmaceuticals Pvt Ltd","","ACTIVE","OTC"
"Auromide 1% Eye Drop","Tropicamide (1% w/v)","INRF-1946","","General Medicine","Aurolab","30049099","12","","1","","0","strip","","","Aurolab","","ACTIVE","OTC"
"Anspas Forte 500mg/450mg Tablet","Mefenamic Acid (500mg) + Paracetamol (450mg)","INRF-1947","","Analgesic","Noel Pharma India Pvt Ltd","30049099","12","","1","","0","tablet","","","Noel Pharma India Pvt Ltd","","ACTIVE","OTC"
"Azunate AB 75mg Injection","Arteether (75mg)","INRF-1948","","General Medicine","Macleods Pharmaceuticals Pvt Ltd","30049099","12","","1","","0","vial","","","Macleods Pharmaceuticals Pvt Ltd","","ACTIVE","OTC"
"Acibro Syrup","Acebrophylline (100mg/5ml)","INRF-1949","","General Medicine","Synokem Pharmaceuticals Ltd","30049099","12","","1","","0","bottle","","","Synokem Pharmaceuticals Ltd","","ACTIVE","OTC"
"Adplatin 100mg Injection","Oxaliplatin (100mg)","INRF-1950","","General Medicine","Adley Formulations","30049099","12","","1","","0","vial","","","Adley Formulations","","ACTIVE","OTC"
"Alrax 10mg Syrup","Hydroxyzine (10mg/5ml)","INRF-1951","","General Medicine","SG Lifecare Pvt Ltd","30049099","12","","1","","0","bottle","","","SG Lifecare Pvt Ltd","","ACTIVE","OTC"
"Anacof Syrup","Ambroxol (15mg) + Menthol (1mg)","INRF-1952","","General Medicine","Anabiosis Medisciences Ltd","30049099","12","","1","","0","bottle","","","Anabiosis Medisciences Ltd","","ACTIVE","OTC"
"Antrima 400mg/80mg Tablet","Sulfamethoxazole (400mg) + Trimethoprim (80mg)","INRF-1953","","General Medicine","Abbott","30049099","12","","1","","0","tablet","","","Abbott","","ACTIVE","OTC"
"Atarap 4mg Tablet","Pimozide (4mg)","INRF-1954","","General Medicine","A N Pharmacia","30049099","12","","1","","0","tablet","","","A N Pharmacia","","ACTIVE","OTC"
"Ambidext 20 Tablet","Duloxetine (20mg)","INRF-1955","","General Medicine","Crescent Therapeutics Ltd","30049099","12","","1","","0","tablet","","","Crescent Therapeutics Ltd","","ACTIVE","OTC"
"Apex 2mg Tablet","Alprazolam (2mg)","INRF-1956","","CNS","Jpee Healthcare","30049099","12","","1","","0","tablet","","","Jpee Healthcare","","ACTIVE","H"
"Abnerve Injection","Methylcobalamin (1000mcg) + Niacinamide (100mg)","INRF-1957","","General Medicine","Iasis Care","30049099","12","","1","","0","vial","","","Iasis Care","","ACTIVE","OTC"
"Alermist-F Nasal Spray","Fluticasone Propionate (50mcg)","INRF-1958","","General Medicine","Worth Medicines Pvt Ltd","30049099","12","","1","","0","strip","","","Worth Medicines Pvt Ltd","","ACTIVE","OTC"
"Ardrox 125mg Syrup","Cefadroxil (125mg/5ml)","INRF-1959","","General Medicine","Ortin Laboratories Ltd","30049099","12","","1","","0","bottle","","","Ortin Laboratories Ltd","","ACTIVE","OTC"
"Alevict 2.5mg/5ml Syrup","Levocetirizine (2.5mg/5ml)","INRF-1960","","Antihistamine","Aspire Remedies","30049099","12","","1","","0","bottle","","","Aspire Remedies","","ACTIVE","OTC"
"Alernyl B 4mg/100mg/1mg/2mg Syrup","Bromhexine (4mg) + Guaifenesin (100mg)","INRF-1961","","General Medicine","Maneesh Pharmaceuticals Ltd","30049099","12","","1","","0","bottle","","","Maneesh Pharmaceuticals Ltd","","ACTIVE","OTC"
"Anodine 50mg Tablet","Methylcobalamin (500mcg) + Pregabalin (50mg)","INRF-1962","","CNS","Fervent Life Sciences Pvt Ltd","30049099","12","","1","","0","tablet","","","Fervent Life Sciences Pvt Ltd","","ACTIVE","H"
"Avespas 10mg/40mg Drop","Dicyclomine (10mg) + Simethicone (40mg)","INRF-1963","","General Medicine","Jasco Labs Pvt Ltd","30049099","12","","1","","0","strip","","","Jasco Labs Pvt Ltd","","ACTIVE","OTC"
"Amrox GT Expectorant","Guaifenesin (50mg) + Terbutaline (2.5mg)","INRF-1964","","General Medicine","Soft Pharmaceuticals","30049099","12","","1","","0","strip","","","Soft Pharmaceuticals","","ACTIVE","OTC"
"Ambulax AD 5mg Tablet","Escitalopram Oxalate (5mg)","INRF-1965","","CNS","Unimarck Healthcare Ltd","30049099","12","","1","","0","tablet","","","Unimarck Healthcare Ltd","","ACTIVE","OTC"
"Altidol Plus 50mg/500mg Tablet","Tramadol (50mg) + Paracetamol (500mg)","INRF-1966","","Analgesic","Ultra Drugs Pvt Ltd","30049099","12","","1","","0","tablet","","","Ultra Drugs Pvt Ltd","","ACTIVE","H"
"Adrole 1mg Tablet","Ropinirole (1mg)","INRF-1967","","General Medicine","Icon Life Sciences","30049099","12","","1","","0","tablet","","","Icon Life Sciences","","ACTIVE","OTC"
"Afthus Gel","Triamcinolone (NA)","INRF-1968","","General Medicine","Esmatrix Life Sciences Pvt Ltd","30049099","12","","1","","0","tube","","","Esmatrix Life Sciences Pvt Ltd","","ACTIVE","OTC"
"Ampilon C Capsule","Ampicillin (NA) + Cloxacillin (NA)","INRF-1969","","General Medicine","Scott Edil Pharmacia Ltd","30049099","12","","1","","0","capsule","","","Scott Edil Pharmacia Ltd","","ACTIVE","OTC"
"Adcold T Tablet","Chlorpheniramine Maleate (4mg) + Paracetamol (500mg)","INRF-1970","","Analgesic","Adley Formulations","30049099","12","","1","","0","tablet","","","Adley Formulations","","ACTIVE","OTC"
"Amecort 4mg Tablet","Triamcinolone Acetonide (4mg)","INRF-1971","","General Medicine","Ikon Remedies Pvt Ltd","30049099","12","","1","","0","tablet","","","Ikon Remedies Pvt Ltd","","ACTIVE","OTC"
"Avspas 20mg/250mg Tablet","Dicyclomine (20mg) + Mefenamic Acid (250mg)","INRF-1972","","General Medicine","Aventura Healthcare Pvt Ltd","30049099","12","","1","","0","tablet","","","Aventura Healthcare Pvt Ltd","","ACTIVE","OTC"
"Arsufact 50mg Tablet","Artesunate (50mg)","INRF-1973","","General Medicine","Medico Healthcare","30049099","12","","1","","0","tablet","","","Medico Healthcare","","ACTIVE","OTC"
"Apnicaf Oral Solution","Caffeine (20mg/ml)","INRF-1974","","General Medicine","Abbott","30049099","12","","1","","0","bottle","","","Abbott","","ACTIVE","OTC"
"Aptum 500 mg/500 mg Injection","Cefoperazone (500mg) + Sulbactam (500mg)","INRF-1975","","General Medicine","Panjon Pharma Ltd","30049099","12","","1","","0","vial","","","Panjon Pharma Ltd","","ACTIVE","OTC"
"Acmetel-LN Tablet","Cilnidipine (10mg) + Telmisartan (40mg)","INRF-1976","","Cardiovascular","Acmedix Pharma LLP","30049099","12","","1","","0","tablet","","","Acmedix Pharma LLP","","ACTIVE","OTC"
"Arkavoxin 100mg Tablet","Fluvoxamine (100mg)","INRF-1977","","General Medicine","RKG Pharma","30049099","12","","1","","0","tablet","","","RKG Pharma","","ACTIVE","OTC"
"Acfast Injection","Serratiopeptidase (NA)","INRF-1978","","General Medicine","Kim Lab","30049099","12","","1","","0","vial","","","Kim Lab","","ACTIVE","OTC"
"Ancef XP 1.125gm Injection","Cefazolin (1.125gm)","INRF-1979","","General Medicine","Shrinivas Gujarat Laboratories Pvt Ltd","30049099","12","","1","","0","vial","","","Shrinivas Gujarat Laboratories Pvt Ltd","","ACTIVE","OTC"
"Aerotide Inhaler","Salbutamol (NA) + Beclometasone (NA)","INRF-1980","","Respiratory","Sun Pharmaceutical Industries Ltd","30049099","12","","1","","0","pack","","","Sun Pharmaceutical Industries Ltd","","ACTIVE","OTC"
"Aha-Lax Oral Emulsion Mixed Fruit Sugar Free","Milk of Magnesia (11.25ml) + Liquid Paraffin (3.75ml)","INRF-1981","","General Medicine","Curever Pharma Pvt Ltd","30049099","12","","1","","0","strip","","","Curever Pharma Pvt Ltd","","ACTIVE","OTC"
"Agvert 15mg/20mg Tablet","Domperidone (15mg) + Cinnarizine (20mg)","INRF-1982","","Gastrointestinal","Aggrowin Pharma","30049099","12","","1","","0","tablet","","","Aggrowin Pharma","","ACTIVE","OTC"
"Abf Injection","Thiamine(Vitamin B1) (50mg)","INRF-1983","","Vitamin / Mineral","Bonum Medelae Pvt Ltd","30049099","12","","1","","0","vial","","","Bonum Medelae Pvt Ltd","","ACTIVE","OTC"
"Acerab 10mg Tablet","Dexrabeprazole (10mg)","INRF-1984","","Gastrointestinal","Sienna Formulations Pvt Ltd","30049099","12","","1","","0","tablet","","","Sienna Formulations Pvt Ltd","","ACTIVE","OTC"
"Aktilax Syrup","Lactulose (10gm)","INRF-1985","","General Medicine","Span Pharmaceuticals Pvt Ltd","30049099","12","","1","","0","bottle","","","Span Pharmaceuticals Pvt Ltd","","ACTIVE","OTC"
"Alitop-CZ 1.2gm Injection","Ceftazidime (1000mg) + Tobramycin (120mg)","INRF-1986","","General Medicine","Allenge India","30049099","12","","1","","0","vial","","","Allenge India","","ACTIVE","OTC"
"Alltera 50 mg/200 mg Tablet","Ritonavir (50mg) + Lopinavir (200mg)","INRF-1987","","General Medicine","Mylan Pharmaceuticals Pvt Ltd","30049099","12","","1","","0","tablet","","","Mylan Pharmaceuticals Pvt Ltd","","ACTIVE","OTC"
"Agilax Syrup","Lactulose (3.35gm)","INRF-1988","","General Medicine","AGIO Pharmaceuticals Ltd","30049099","12","","1","","0","bottle","","","AGIO Pharmaceuticals Ltd","","ACTIVE","OTC"
"Alpha-T Tablet MD","Tadalafil (10mg)","INRF-1989","","General Medicine","Ruby Enterprise","30049099","12","","1","","0","tablet","","","Ruby Enterprise","","ACTIVE","H"
"Ancef XP 281.25mg Injection","Cefazolin (281.25mg)","INRF-1990","","General Medicine","Shrinivas Gujarat Laboratories Pvt Ltd","30049099","12","","1","","0","vial","","","Shrinivas Gujarat Laboratories Pvt Ltd","","ACTIVE","OTC"
"Arzerra Injection","Ofatumumab (100mg/5ml)","INRF-1991","","General Medicine","Glaxo SmithKline Pharmaceuticals Ltd","30049099","12","","1","","0","vial","","","Glaxo SmithKline Pharmaceuticals Ltd","","ACTIVE","OTC"
"Alight Eye Drop","Sulphacetamide (NA)","INRF-1992","","General Medicine","Leeford Healthcare Ltd","30049099","12","","1","","0","strip","","","Leeford Healthcare Ltd","","ACTIVE","OTC"
"Aerozest 100mcg Rotacap","Levosalbutamol (100mcg)","INRF-1993","","Respiratory","Macleods Pharmaceuticals Pvt Ltd","30049099","12","","1","","0","pack","","","Macleods Pharmaceuticals Pvt Ltd","","ACTIVE","OTC"
"Anziolet A 150mg/75mg Tablet","Aspirin (150mg) + Clopidogrel (75mg)","INRF-1994","","Analgesic","Ergos Life Sciences","30049099","12","","1","","0","tablet","","","Ergos Life Sciences","","ACTIVE","OTC"
"Aquiris 6.25mg Tablet","Chlorthalidone (6.25mg)","INRF-1995","","General Medicine","Akumentis Healthcare Ltd","30049099","12","","1","","0","tablet","","","Akumentis Healthcare Ltd","","ACTIVE","OTC"
"Admol 125mg Syrup","Paracetamol (125mg) + Promethazine (5mg)","INRF-1996","","Analgesic","Adventure Life Sciences Pvt Ltd","30049099","12","","1","","0","bottle","","","Adventure Life Sciences Pvt Ltd","","ACTIVE","OTC"
"Apxmin 400 Tablet","Rifaximin (400mg)","INRF-1997","","General Medicine","Aspen Pharmaceuticals","30049099","12","","1","","0","tablet","","","Aspen Pharmaceuticals","","ACTIVE","OTC"
"Actual Syrup","Lactulose (100mg)","INRF-1998","","General Medicine","Biosans Lifecare","30049099","12","","1","","0","bottle","","","Biosans Lifecare","","ACTIVE","OTC"
"Avpred 16mg Tablet","Methylprednisolone (16mg)","INRF-1999","","Corticosteroid","Arvincare Pharma","30049099","12","","1","","0","tablet","","","Arvincare Pharma","","ACTIVE","H"
"Alkasar-C Syrup","Disodium Hydrogen Citrate (1.37mg/5ml)","INRF-2000","","General Medicine","Sarthi Life Sciences","30049099","12","","1","","0","bottle","","","Sarthi Life Sciences","","ACTIVE","OTC"
